ISO-10303-21;
HEADER;
FILE_DESCRIPTION(('Open CASCADE Model'),'2;1');
FILE_NAME('Open CASCADE Shape Model','2026-01-18T13:03:06',('Author'),(
    'Open CASCADE'),'Open CASCADE STEP processor 7.8','Open CASCADE 7.8'
  ,'Unknown');
FILE_SCHEMA(('AUTOMOTIVE_DESIGN { 1 0 10303 214 1 1 1 1 }'));
ENDSEC;
DATA;
#1 = APPLICATION_PROTOCOL_DEFINITION('international standard',
  'automotive_design',2000,#2);
#2 = APPLICATION_CONTEXT(
  'core data for automotive mechanical design processes');
#3 = SHAPE_DEFINITION_REPRESENTATION(#4,#10);
#4 = PRODUCT_DEFINITION_SHAPE('','',#5);
#5 = PRODUCT_DEFINITION('design','',#6,#9);
#6 = PRODUCT_DEFINITION_FORMATION('','',#7);
#7 = PRODUCT('Open CASCADE STEP translator 7.8 14',
  'Open CASCADE STEP translator 7.8 14','',(#8));
#8 = PRODUCT_CONTEXT('',#2,'mechanical');
#9 = PRODUCT_DEFINITION_CONTEXT('part definition',#2,'design');
#10 = ADVANCED_BREP_SHAPE_REPRESENTATION('',(#11,#15),#2543);
#11 = AXIS2_PLACEMENT_3D('',#12,#13,#14);
#12 = CARTESIAN_POINT('',(0.,0.,0.));
#13 = DIRECTION('',(0.,0.,1.));
#14 = DIRECTION('',(1.,0.,-0.));
#15 = MANIFOLD_SOLID_BREP('',#16);
#16 = CLOSED_SHELL('',(#17,#169,#385,#571,#736,#768,#1435,#1507,#1535,
    #1612,#1622,#1651,#1678,#1705,#1764,#1819,#1873,#1880,#2515));
#17 = ADVANCED_FACE('',(#18,#138),#32,.F.);
#18 = FACE_BOUND('',#19,.F.);
#19 = EDGE_LOOP('',(#20,#55,#83,#111));
#20 = ORIENTED_EDGE('',*,*,#21,.F.);
#21 = EDGE_CURVE('',#22,#24,#26,.T.);
#22 = VERTEX_POINT('',#23);
#23 = CARTESIAN_POINT('',(5.,-17.5,0.));
#24 = VERTEX_POINT('',#25);
#25 = CARTESIAN_POINT('',(5.,-17.5,5.));
#26 = SURFACE_CURVE('',#27,(#31,#43),.PCURVE_S1.);
#27 = LINE('',#28,#29);
#28 = CARTESIAN_POINT('',(5.,-17.5,0.));
#29 = VECTOR('',#30,1.);
#30 = DIRECTION('',(0.,0.,1.));
#31 = PCURVE('',#32,#37);
#32 = PLANE('',#33);
#33 = AXIS2_PLACEMENT_3D('',#34,#35,#36);
#34 = CARTESIAN_POINT('',(5.,-17.5,0.));
#35 = DIRECTION('',(1.110223024625E-16,1.,0.));
#36 = DIRECTION('',(0.,0.,1.));
#37 = DEFINITIONAL_REPRESENTATION('',(#38),#42);
#38 = LINE('',#39,#40);
#39 = CARTESIAN_POINT('',(0.,0.));
#40 = VECTOR('',#41,1.);
#41 = DIRECTION('',(1.,0.));
#42 = ( GEOMETRIC_REPRESENTATION_CONTEXT(2) 
PARAMETRIC_REPRESENTATION_CONTEXT() REPRESENTATION_CONTEXT('2D SPACE',''
  ) );
#43 = PCURVE('',#44,#49);
#44 = PLANE('',#45);
#45 = AXIS2_PLACEMENT_3D('',#46,#47,#48);
#46 = CARTESIAN_POINT('',(5.,-17.5,0.));
#47 = DIRECTION('',(-1.,1.110223024625E-16,0.));
#48 = DIRECTION('',(0.,0.,1.));
#49 = DEFINITIONAL_REPRESENTATION('',(#50),#54);
#50 = LINE('',#51,#52);
#51 = CARTESIAN_POINT('',(0.,0.));
#52 = VECTOR('',#53,1.);
#53 = DIRECTION('',(1.,0.));
#54 = ( GEOMETRIC_REPRESENTATION_CONTEXT(2) 
PARAMETRIC_REPRESENTATION_CONTEXT() REPRESENTATION_CONTEXT('2D SPACE',''
  ) );
#55 = ORIENTED_EDGE('',*,*,#56,.T.);
#56 = EDGE_CURVE('',#22,#57,#59,.T.);
#57 = VERTEX_POINT('',#58);
#58 = CARTESIAN_POINT('',(-5.,-17.5,0.));
#59 = SURFACE_CURVE('',#60,(#64,#71),.PCURVE_S1.);
#60 = LINE('',#61,#62);
#61 = CARTESIAN_POINT('',(5.,-17.5,0.));
#62 = VECTOR('',#63,1.);
#63 = DIRECTION('',(-1.,1.110223024625E-16,0.));
#64 = PCURVE('',#32,#65);
#65 = DEFINITIONAL_REPRESENTATION('',(#66),#70);
#66 = LINE('',#67,#68);
#67 = CARTESIAN_POINT('',(0.,0.));
#68 = VECTOR('',#69,1.);
#69 = DIRECTION('',(0.,-1.));
#70 = ( GEOMETRIC_REPRESENTATION_CONTEXT(2) 
PARAMETRIC_REPRESENTATION_CONTEXT() REPRESENTATION_CONTEXT('2D SPACE',''
  ) );
#71 = PCURVE('',#72,#77);
#72 = PLANE('',#73);
#73 = AXIS2_PLACEMENT_3D('',#74,#75,#76);
#74 = CARTESIAN_POINT('',(5.,-17.5,0.));
#75 = DIRECTION('',(0.,0.,1.));
#76 = DIRECTION('',(1.110223024625E-16,1.,0.));
#77 = DEFINITIONAL_REPRESENTATION('',(#78),#82);
#78 = LINE('',#79,#80);
#79 = CARTESIAN_POINT('',(0.,0.));
#80 = VECTOR('',#81,1.);
#81 = DIRECTION('',(0.,1.));
#82 = ( GEOMETRIC_REPRESENTATION_CONTEXT(2) 
PARAMETRIC_REPRESENTATION_CONTEXT() REPRESENTATION_CONTEXT('2D SPACE',''
  ) );
#83 = ORIENTED_EDGE('',*,*,#84,.F.);
#84 = EDGE_CURVE('',#85,#57,#87,.T.);
#85 = VERTEX_POINT('',#86);
#86 = CARTESIAN_POINT('',(-5.,-17.5,5.));
#87 = SURFACE_CURVE('',#88,(#92,#99),.PCURVE_S1.);
#88 = LINE('',#89,#90);
#89 = CARTESIAN_POINT('',(-5.,-17.5,5.));
#90 = VECTOR('',#91,1.);
#91 = DIRECTION('',(0.,0.,-1.));
#92 = PCURVE('',#32,#93);
#93 = DEFINITIONAL_REPRESENTATION('',(#94),#98);
#94 = LINE('',#95,#96);
#95 = CARTESIAN_POINT('',(5.,-10.));
#96 = VECTOR('',#97,1.);
#97 = DIRECTION('',(-1.,0.));
#98 = ( GEOMETRIC_REPRESENTATION_CONTEXT(2) 
PARAMETRIC_REPRESENTATION_CONTEXT() REPRESENTATION_CONTEXT('2D SPACE',''
  ) );
#99 = PCURVE('',#100,#105);
#100 = PLANE('',#101);
#101 = AXIS2_PLACEMENT_3D('',#102,#103,#104);
#102 = CARTESIAN_POINT('',(-5.,-17.5,0.));
#103 = DIRECTION('',(-1.,1.110223024625E-16,0.));
#104 = DIRECTION('',(0.,0.,1.));
#105 = DEFINITIONAL_REPRESENTATION('',(#106),#110);
#106 = LINE('',#107,#108);
#107 = CARTESIAN_POINT('',(5.,0.));
#108 = VECTOR('',#109,1.);
#109 = DIRECTION('',(-1.,0.));
#110 = ( GEOMETRIC_REPRESENTATION_CONTEXT(2) 
PARAMETRIC_REPRESENTATION_CONTEXT() REPRESENTATION_CONTEXT('2D SPACE',''
  ) );
#111 = ORIENTED_EDGE('',*,*,#112,.T.);
#112 = EDGE_CURVE('',#85,#24,#113,.T.);
#113 = SURFACE_CURVE('',#114,(#119,#126),.PCURVE_S1.);
#114 = CIRCLE('',#115,5.);
#115 = AXIS2_PLACEMENT_3D('',#116,#117,#118);
#116 = CARTESIAN_POINT('',(-1.942890293094E-15,-17.5,5.));
#117 = DIRECTION('',(1.110223024625E-16,1.,-1.110223024625E-16));
#118 = DIRECTION('',(-1.232595164408E-32,-1.110223024625E-16,-1.));
#119 = PCURVE('',#32,#120);
#120 = DEFINITIONAL_REPRESENTATION('',(#121),#125);
#121 = CIRCLE('',#122,5.);
#122 = AXIS2_PLACEMENT_2D('',#123,#124);
#123 = CARTESIAN_POINT('',(5.,-5.));
#124 = DIRECTION('',(-1.,0.));
#125 = ( GEOMETRIC_REPRESENTATION_CONTEXT(2) 
PARAMETRIC_REPRESENTATION_CONTEXT() REPRESENTATION_CONTEXT('2D SPACE',''
  ) );
#126 = PCURVE('',#127,#132);
#127 = CYLINDRICAL_SURFACE('',#128,5.);
#128 = AXIS2_PLACEMENT_3D('',#129,#130,#131);
#129 = CARTESIAN_POINT('',(-8.326672684689E-16,-7.5,5.));
#130 = DIRECTION('',(-1.110223024625E-16,-1.,1.110223024625E-16));
#131 = DIRECTION('',(-1.232595164408E-32,-1.110223024625E-16,-1.));
#132 = DEFINITIONAL_REPRESENTATION('',(#133),#137);
#133 = LINE('',#134,#135);
#134 = CARTESIAN_POINT('',(-0.,10.));
#135 = VECTOR('',#136,1.);
#136 = DIRECTION('',(-1.,0.));
#137 = ( GEOMETRIC_REPRESENTATION_CONTEXT(2) 
PARAMETRIC_REPRESENTATION_CONTEXT() REPRESENTATION_CONTEXT('2D SPACE',''
  ) );
#138 = FACE_BOUND('',#139,.F.);
#139 = EDGE_LOOP('',(#140));
#140 = ORIENTED_EDGE('',*,*,#141,.F.);
#141 = EDGE_CURVE('',#142,#142,#144,.T.);
#142 = VERTEX_POINT('',#143);
#143 = CARTESIAN_POINT('',(-1.440785105444E-15,-17.5,2.95));
#144 = SURFACE_CURVE('',#145,(#150,#157),.PCURVE_S1.);
#145 = CIRCLE('',#146,2.05);
#146 = AXIS2_PLACEMENT_3D('',#147,#148,#149);
#147 = CARTESIAN_POINT('',(-1.942890293094E-15,-17.5,5.));
#148 = DIRECTION('',(1.110223024625E-16,1.,-1.110223024625E-16));
#149 = DIRECTION('',(-1.232595164408E-32,-1.110223024625E-16,-1.));
#150 = PCURVE('',#32,#151);
#151 = DEFINITIONAL_REPRESENTATION('',(#152),#156);
#152 = CIRCLE('',#153,2.05);
#153 = AXIS2_PLACEMENT_2D('',#154,#155);
#154 = CARTESIAN_POINT('',(5.,-5.));
#155 = DIRECTION('',(-1.,0.));
#156 = ( GEOMETRIC_REPRESENTATION_CONTEXT(2) 
PARAMETRIC_REPRESENTATION_CONTEXT() REPRESENTATION_CONTEXT('2D SPACE',''
  ) );
#157 = PCURVE('',#158,#163);
#158 = CYLINDRICAL_SURFACE('',#159,2.05);
#159 = AXIS2_PLACEMENT_3D('',#160,#161,#162);
#160 = CARTESIAN_POINT('',(-5.551115123126E-16,-5.,5.));
#161 = DIRECTION('',(-1.110223024625E-16,-1.,1.110223024625E-16));
#162 = DIRECTION('',(-1.232595164408E-32,-1.110223024625E-16,-1.));
#163 = DEFINITIONAL_REPRESENTATION('',(#164),#168);
#164 = LINE('',#165,#166);
#165 = CARTESIAN_POINT('',(-0.,12.5));
#166 = VECTOR('',#167,1.);
#167 = DIRECTION('',(-1.,0.));
#168 = ( GEOMETRIC_REPRESENTATION_CONTEXT(2) 
PARAMETRIC_REPRESENTATION_CONTEXT() REPRESENTATION_CONTEXT('2D SPACE',''
  ) );
#169 = ADVANCED_FACE('',(#170),#44,.F.);
#170 = FACE_BOUND('',#171,.F.);
#171 = EDGE_LOOP('',(#172,#195,#196,#219,#247,#275,#303,#331,#359));
#172 = ORIENTED_EDGE('',*,*,#173,.F.);
#173 = EDGE_CURVE('',#22,#174,#176,.T.);
#174 = VERTEX_POINT('',#175);
#175 = CARTESIAN_POINT('',(5.,17.5,0.));
#176 = SURFACE_CURVE('',#177,(#181,#188),.PCURVE_S1.);
#177 = LINE('',#178,#179);
#178 = CARTESIAN_POINT('',(5.,-17.5,0.));
#179 = VECTOR('',#180,1.);
#180 = DIRECTION('',(1.110223024625E-16,1.,0.));
#181 = PCURVE('',#44,#182);
#182 = DEFINITIONAL_REPRESENTATION('',(#183),#187);
#183 = LINE('',#184,#185);
#184 = CARTESIAN_POINT('',(0.,0.));
#185 = VECTOR('',#186,1.);
#186 = DIRECTION('',(0.,1.));
#187 = ( GEOMETRIC_REPRESENTATION_CONTEXT(2) 
PARAMETRIC_REPRESENTATION_CONTEXT() REPRESENTATION_CONTEXT('2D SPACE',''
  ) );
#188 = PCURVE('',#72,#189);
#189 = DEFINITIONAL_REPRESENTATION('',(#190),#194);
#190 = LINE('',#191,#192);
#191 = CARTESIAN_POINT('',(0.,0.));
#192 = VECTOR('',#193,1.);
#193 = DIRECTION('',(1.,0.));
#194 = ( GEOMETRIC_REPRESENTATION_CONTEXT(2) 
PARAMETRIC_REPRESENTATION_CONTEXT() REPRESENTATION_CONTEXT('2D SPACE',''
  ) );
#195 = ORIENTED_EDGE('',*,*,#21,.T.);
#196 = ORIENTED_EDGE('',*,*,#197,.F.);
#197 = EDGE_CURVE('',#198,#24,#200,.T.);
#198 = VERTEX_POINT('',#199);
#199 = CARTESIAN_POINT('',(5.,-7.5,5.));
#200 = SURFACE_CURVE('',#201,(#205,#212),.PCURVE_S1.);
#201 = LINE('',#202,#203);
#202 = CARTESIAN_POINT('',(5.,-7.5,5.));
#203 = VECTOR('',#204,1.);
#204 = DIRECTION('',(-1.110223024625E-16,-1.,0.));
#205 = PCURVE('',#44,#206);
#206 = DEFINITIONAL_REPRESENTATION('',(#207),#211);
#207 = LINE('',#208,#209);
#208 = CARTESIAN_POINT('',(5.,10.));
#209 = VECTOR('',#210,1.);
#210 = DIRECTION('',(0.,-1.));
#211 = ( GEOMETRIC_REPRESENTATION_CONTEXT(2) 
PARAMETRIC_REPRESENTATION_CONTEXT() REPRESENTATION_CONTEXT('2D SPACE',''
  ) );
#212 = PCURVE('',#127,#213);
#213 = DEFINITIONAL_REPRESENTATION('',(#214),#218);
#214 = LINE('',#215,#216);
#215 = CARTESIAN_POINT('',(-4.712388980385,9.860761315263E-32));
#216 = VECTOR('',#217,1.);
#217 = DIRECTION('',(-0.,1.));
#218 = ( GEOMETRIC_REPRESENTATION_CONTEXT(2) 
PARAMETRIC_REPRESENTATION_CONTEXT() REPRESENTATION_CONTEXT('2D SPACE',''
  ) );
#219 = ORIENTED_EDGE('',*,*,#220,.F.);
#220 = EDGE_CURVE('',#221,#198,#223,.T.);
#221 = VERTEX_POINT('',#222);
#222 = CARTESIAN_POINT('',(5.,-7.5,2.5));
#223 = SURFACE_CURVE('',#224,(#228,#235),.PCURVE_S1.);
#224 = LINE('',#225,#226);
#225 = CARTESIAN_POINT('',(5.,-7.5,0.));
#226 = VECTOR('',#227,1.);
#227 = DIRECTION('',(0.,0.,1.));
#228 = PCURVE('',#44,#229);
#229 = DEFINITIONAL_REPRESENTATION('',(#230),#234);
#230 = LINE('',#231,#232);
#231 = CARTESIAN_POINT('',(0.,10.));
#232 = VECTOR('',#233,1.);
#233 = DIRECTION('',(1.,0.));
#234 = ( GEOMETRIC_REPRESENTATION_CONTEXT(2) 
PARAMETRIC_REPRESENTATION_CONTEXT() REPRESENTATION_CONTEXT('2D SPACE',''
  ) );
#235 = PCURVE('',#236,#241);
#236 = PLANE('',#237);
#237 = AXIS2_PLACEMENT_3D('',#238,#239,#240);
#238 = CARTESIAN_POINT('',(5.,-7.5,0.));
#239 = DIRECTION('',(-1.110223024625E-16,-1.,-0.));
#240 = DIRECTION('',(-0.,-0.,-1.));
#241 = DEFINITIONAL_REPRESENTATION('',(#242),#246);
#242 = LINE('',#243,#244);
#243 = CARTESIAN_POINT('',(-0.,0.));
#244 = VECTOR('',#245,1.);
#245 = DIRECTION('',(-1.,0.));
#246 = ( GEOMETRIC_REPRESENTATION_CONTEXT(2) 
PARAMETRIC_REPRESENTATION_CONTEXT() REPRESENTATION_CONTEXT('2D SPACE',''
  ) );
#247 = ORIENTED_EDGE('',*,*,#248,.T.);
#248 = EDGE_CURVE('',#221,#249,#251,.T.);
#249 = VERTEX_POINT('',#250);
#250 = CARTESIAN_POINT('',(5.,7.5,2.5));
#251 = SURFACE_CURVE('',#252,(#256,#263),.PCURVE_S1.);
#252 = LINE('',#253,#254);
#253 = CARTESIAN_POINT('',(5.,-17.5,2.5));
#254 = VECTOR('',#255,1.);
#255 = DIRECTION('',(1.110223024625E-16,1.,0.));
#256 = PCURVE('',#44,#257);
#257 = DEFINITIONAL_REPRESENTATION('',(#258),#262);
#258 = LINE('',#259,#260);
#259 = CARTESIAN_POINT('',(2.5,0.));
#260 = VECTOR('',#261,1.);
#261 = DIRECTION('',(0.,1.));
#262 = ( GEOMETRIC_REPRESENTATION_CONTEXT(2) 
PARAMETRIC_REPRESENTATION_CONTEXT() REPRESENTATION_CONTEXT('2D SPACE',''
  ) );
#263 = PCURVE('',#264,#269);
#264 = PLANE('',#265);
#265 = AXIS2_PLACEMENT_3D('',#266,#267,#268);
#266 = CARTESIAN_POINT('',(5.,-17.5,2.5));
#267 = DIRECTION('',(0.,0.,1.));
#268 = DIRECTION('',(1.110223024625E-16,1.,0.));
#269 = DEFINITIONAL_REPRESENTATION('',(#270),#274);
#270 = LINE('',#271,#272);
#271 = CARTESIAN_POINT('',(0.,0.));
#272 = VECTOR('',#273,1.);
#273 = DIRECTION('',(1.,0.));
#274 = ( GEOMETRIC_REPRESENTATION_CONTEXT(2) 
PARAMETRIC_REPRESENTATION_CONTEXT() REPRESENTATION_CONTEXT('2D SPACE',''
  ) );
#275 = ORIENTED_EDGE('',*,*,#276,.T.);
#276 = EDGE_CURVE('',#249,#277,#279,.T.);
#277 = VERTEX_POINT('',#278);
#278 = CARTESIAN_POINT('',(5.,7.5,5.));
#279 = SURFACE_CURVE('',#280,(#284,#291),.PCURVE_S1.);
#280 = LINE('',#281,#282);
#281 = CARTESIAN_POINT('',(5.,7.5,0.));
#282 = VECTOR('',#283,1.);
#283 = DIRECTION('',(0.,0.,1.));
#284 = PCURVE('',#44,#285);
#285 = DEFINITIONAL_REPRESENTATION('',(#286),#290);
#286 = LINE('',#287,#288);
#287 = CARTESIAN_POINT('',(0.,25.));
#288 = VECTOR('',#289,1.);
#289 = DIRECTION('',(1.,0.));
#290 = ( GEOMETRIC_REPRESENTATION_CONTEXT(2) 
PARAMETRIC_REPRESENTATION_CONTEXT() REPRESENTATION_CONTEXT('2D SPACE',''
  ) );
#291 = PCURVE('',#292,#297);
#292 = PLANE('',#293);
#293 = AXIS2_PLACEMENT_3D('',#294,#295,#296);
#294 = CARTESIAN_POINT('',(5.,7.5,0.));
#295 = DIRECTION('',(1.110223024625E-16,1.,0.));
#296 = DIRECTION('',(0.,0.,1.));
#297 = DEFINITIONAL_REPRESENTATION('',(#298),#302);
#298 = LINE('',#299,#300);
#299 = CARTESIAN_POINT('',(0.,0.));
#300 = VECTOR('',#301,1.);
#301 = DIRECTION('',(1.,0.));
#302 = ( GEOMETRIC_REPRESENTATION_CONTEXT(2) 
PARAMETRIC_REPRESENTATION_CONTEXT() REPRESENTATION_CONTEXT('2D SPACE',''
  ) );
#303 = ORIENTED_EDGE('',*,*,#304,.T.);
#304 = EDGE_CURVE('',#277,#305,#307,.T.);
#305 = VERTEX_POINT('',#306);
#306 = CARTESIAN_POINT('',(5.,17.5,5.));
#307 = SURFACE_CURVE('',#308,(#312,#319),.PCURVE_S1.);
#308 = LINE('',#309,#310);
#309 = CARTESIAN_POINT('',(5.,7.5,5.));
#310 = VECTOR('',#311,1.);
#311 = DIRECTION('',(1.110223024625E-16,1.,0.));
#312 = PCURVE('',#44,#313);
#313 = DEFINITIONAL_REPRESENTATION('',(#314),#318);
#314 = LINE('',#315,#316);
#315 = CARTESIAN_POINT('',(5.,25.));
#316 = VECTOR('',#317,1.);
#317 = DIRECTION('',(0.,1.));
#318 = ( GEOMETRIC_REPRESENTATION_CONTEXT(2) 
PARAMETRIC_REPRESENTATION_CONTEXT() REPRESENTATION_CONTEXT('2D SPACE',''
  ) );
#319 = PCURVE('',#320,#325);
#320 = CYLINDRICAL_SURFACE('',#321,5.);
#321 = AXIS2_PLACEMENT_3D('',#322,#323,#324);
#322 = CARTESIAN_POINT('',(8.326672684689E-16,7.5,5.));
#323 = DIRECTION('',(1.110223024625E-16,1.,1.110223024625E-16));
#324 = DIRECTION('',(1.232595164408E-32,1.110223024625E-16,-1.));
#325 = DEFINITIONAL_REPRESENTATION('',(#326),#330);
#326 = LINE('',#327,#328);
#327 = CARTESIAN_POINT('',(4.712388980385,9.860761315263E-32));
#328 = VECTOR('',#329,1.);
#329 = DIRECTION('',(0.,1.));
#330 = ( GEOMETRIC_REPRESENTATION_CONTEXT(2) 
PARAMETRIC_REPRESENTATION_CONTEXT() REPRESENTATION_CONTEXT('2D SPACE',''
  ) );
#331 = ORIENTED_EDGE('',*,*,#332,.F.);
#332 = EDGE_CURVE('',#333,#305,#335,.T.);
#333 = VERTEX_POINT('',#334);
#334 = CARTESIAN_POINT('',(5.,17.5,2.5));
#335 = SURFACE_CURVE('',#336,(#340,#347),.PCURVE_S1.);
#336 = LINE('',#337,#338);
#337 = CARTESIAN_POINT('',(5.,17.5,0.));
#338 = VECTOR('',#339,1.);
#339 = DIRECTION('',(0.,0.,1.));
#340 = PCURVE('',#44,#341);
#341 = DEFINITIONAL_REPRESENTATION('',(#342),#346);
#342 = LINE('',#343,#344);
#343 = CARTESIAN_POINT('',(0.,35.));
#344 = VECTOR('',#345,1.);
#345 = DIRECTION('',(1.,0.));
#346 = ( GEOMETRIC_REPRESENTATION_CONTEXT(2) 
PARAMETRIC_REPRESENTATION_CONTEXT() REPRESENTATION_CONTEXT('2D SPACE',''
  ) );
#347 = PCURVE('',#348,#353);
#348 = PLANE('',#349);
#349 = AXIS2_PLACEMENT_3D('',#350,#351,#352);
#350 = CARTESIAN_POINT('',(5.,17.5,0.));
#351 = DIRECTION('',(1.110223024625E-16,1.,0.));
#352 = DIRECTION('',(0.,0.,1.));
#353 = DEFINITIONAL_REPRESENTATION('',(#354),#358);
#354 = LINE('',#355,#356);
#355 = CARTESIAN_POINT('',(0.,0.));
#356 = VECTOR('',#357,1.);
#357 = DIRECTION('',(1.,0.));
#358 = ( GEOMETRIC_REPRESENTATION_CONTEXT(2) 
PARAMETRIC_REPRESENTATION_CONTEXT() REPRESENTATION_CONTEXT('2D SPACE',''
  ) );
#359 = ORIENTED_EDGE('',*,*,#360,.F.);
#360 = EDGE_CURVE('',#174,#333,#361,.T.);
#361 = SURFACE_CURVE('',#362,(#366,#373),.PCURVE_S1.);
#362 = LINE('',#363,#364);
#363 = CARTESIAN_POINT('',(5.,17.5,0.));
#364 = VECTOR('',#365,1.);
#365 = DIRECTION('',(0.,0.,1.));
#366 = PCURVE('',#44,#367);
#367 = DEFINITIONAL_REPRESENTATION('',(#368),#372);
#368 = LINE('',#369,#370);
#369 = CARTESIAN_POINT('',(0.,35.));
#370 = VECTOR('',#371,1.);
#371 = DIRECTION('',(1.,0.));
#372 = ( GEOMETRIC_REPRESENTATION_CONTEXT(2) 
PARAMETRIC_REPRESENTATION_CONTEXT() REPRESENTATION_CONTEXT('2D SPACE',''
  ) );
#373 = PCURVE('',#374,#379);
#374 = PLANE('',#375);
#375 = AXIS2_PLACEMENT_3D('',#376,#377,#378);
#376 = CARTESIAN_POINT('',(5.,17.5,0.));
#377 = DIRECTION('',(1.110223024625E-16,1.,0.));
#378 = DIRECTION('',(0.,0.,1.));
#379 = DEFINITIONAL_REPRESENTATION('',(#380),#384);
#380 = LINE('',#381,#382);
#381 = CARTESIAN_POINT('',(0.,0.));
#382 = VECTOR('',#383,1.);
#383 = DIRECTION('',(1.,0.));
#384 = ( GEOMETRIC_REPRESENTATION_CONTEXT(2) 
PARAMETRIC_REPRESENTATION_CONTEXT() REPRESENTATION_CONTEXT('2D SPACE',''
  ) );
#385 = ADVANCED_FACE('',(#386),#100,.T.);
#386 = FACE_BOUND('',#387,.T.);
#387 = EDGE_LOOP('',(#388,#389,#412,#435,#458,#481,#504,#527,#550));
#388 = ORIENTED_EDGE('',*,*,#84,.F.);
#389 = ORIENTED_EDGE('',*,*,#390,.F.);
#390 = EDGE_CURVE('',#391,#85,#393,.T.);
#391 = VERTEX_POINT('',#392);
#392 = CARTESIAN_POINT('',(-5.,-7.5,5.));
#393 = SURFACE_CURVE('',#394,(#398,#405),.PCURVE_S1.);
#394 = LINE('',#395,#396);
#395 = CARTESIAN_POINT('',(-5.,-7.5,5.));
#396 = VECTOR('',#397,1.);
#397 = DIRECTION('',(-1.110223024625E-16,-1.,0.));
#398 = PCURVE('',#100,#399);
#399 = DEFINITIONAL_REPRESENTATION('',(#400),#404);
#400 = LINE('',#401,#402);
#401 = CARTESIAN_POINT('',(5.,10.));
#402 = VECTOR('',#403,1.);
#403 = DIRECTION('',(0.,-1.));
#404 = ( GEOMETRIC_REPRESENTATION_CONTEXT(2) 
PARAMETRIC_REPRESENTATION_CONTEXT() REPRESENTATION_CONTEXT('2D SPACE',''
  ) );
#405 = PCURVE('',#127,#406);
#406 = DEFINITIONAL_REPRESENTATION('',(#407),#411);
#407 = LINE('',#408,#409);
#408 = CARTESIAN_POINT('',(-1.570796326795,9.860761315263E-32));
#409 = VECTOR('',#410,1.);
#410 = DIRECTION('',(-0.,1.));
#411 = ( GEOMETRIC_REPRESENTATION_CONTEXT(2) 
PARAMETRIC_REPRESENTATION_CONTEXT() REPRESENTATION_CONTEXT('2D SPACE',''
  ) );
#412 = ORIENTED_EDGE('',*,*,#413,.F.);
#413 = EDGE_CURVE('',#414,#391,#416,.T.);
#414 = VERTEX_POINT('',#415);
#415 = CARTESIAN_POINT('',(-5.,-7.5,2.5));
#416 = SURFACE_CURVE('',#417,(#421,#428),.PCURVE_S1.);
#417 = LINE('',#418,#419);
#418 = CARTESIAN_POINT('',(-5.,-7.5,0.));
#419 = VECTOR('',#420,1.);
#420 = DIRECTION('',(0.,0.,1.));
#421 = PCURVE('',#100,#422);
#422 = DEFINITIONAL_REPRESENTATION('',(#423),#427);
#423 = LINE('',#424,#425);
#424 = CARTESIAN_POINT('',(0.,10.));
#425 = VECTOR('',#426,1.);
#426 = DIRECTION('',(1.,0.));
#427 = ( GEOMETRIC_REPRESENTATION_CONTEXT(2) 
PARAMETRIC_REPRESENTATION_CONTEXT() REPRESENTATION_CONTEXT('2D SPACE',''
  ) );
#428 = PCURVE('',#236,#429);
#429 = DEFINITIONAL_REPRESENTATION('',(#430),#434);
#430 = LINE('',#431,#432);
#431 = CARTESIAN_POINT('',(-0.,-10.));
#432 = VECTOR('',#433,1.);
#433 = DIRECTION('',(-1.,0.));
#434 = ( GEOMETRIC_REPRESENTATION_CONTEXT(2) 
PARAMETRIC_REPRESENTATION_CONTEXT() REPRESENTATION_CONTEXT('2D SPACE',''
  ) );
#435 = ORIENTED_EDGE('',*,*,#436,.T.);
#436 = EDGE_CURVE('',#414,#437,#439,.T.);
#437 = VERTEX_POINT('',#438);
#438 = CARTESIAN_POINT('',(-5.,7.5,2.5));
#439 = SURFACE_CURVE('',#440,(#444,#451),.PCURVE_S1.);
#440 = LINE('',#441,#442);
#441 = CARTESIAN_POINT('',(-5.,-17.5,2.5));
#442 = VECTOR('',#443,1.);
#443 = DIRECTION('',(1.110223024625E-16,1.,0.));
#444 = PCURVE('',#100,#445);
#445 = DEFINITIONAL_REPRESENTATION('',(#446),#450);
#446 = LINE('',#447,#448);
#447 = CARTESIAN_POINT('',(2.5,0.));
#448 = VECTOR('',#449,1.);
#449 = DIRECTION('',(0.,1.));
#450 = ( GEOMETRIC_REPRESENTATION_CONTEXT(2) 
PARAMETRIC_REPRESENTATION_CONTEXT() REPRESENTATION_CONTEXT('2D SPACE',''
  ) );
#451 = PCURVE('',#264,#452);
#452 = DEFINITIONAL_REPRESENTATION('',(#453),#457);
#453 = LINE('',#454,#455);
#454 = CARTESIAN_POINT('',(-1.110223024625E-15,10.));
#455 = VECTOR('',#456,1.);
#456 = DIRECTION('',(1.,0.));
#457 = ( GEOMETRIC_REPRESENTATION_CONTEXT(2) 
PARAMETRIC_REPRESENTATION_CONTEXT() REPRESENTATION_CONTEXT('2D SPACE',''
  ) );
#458 = ORIENTED_EDGE('',*,*,#459,.T.);
#459 = EDGE_CURVE('',#437,#460,#462,.T.);
#460 = VERTEX_POINT('',#461);
#461 = CARTESIAN_POINT('',(-5.,7.5,5.));
#462 = SURFACE_CURVE('',#463,(#467,#474),.PCURVE_S1.);
#463 = LINE('',#464,#465);
#464 = CARTESIAN_POINT('',(-5.,7.5,0.));
#465 = VECTOR('',#466,1.);
#466 = DIRECTION('',(0.,0.,1.));
#467 = PCURVE('',#100,#468);
#468 = DEFINITIONAL_REPRESENTATION('',(#469),#473);
#469 = LINE('',#470,#471);
#470 = CARTESIAN_POINT('',(0.,25.));
#471 = VECTOR('',#472,1.);
#472 = DIRECTION('',(1.,0.));
#473 = ( GEOMETRIC_REPRESENTATION_CONTEXT(2) 
PARAMETRIC_REPRESENTATION_CONTEXT() REPRESENTATION_CONTEXT('2D SPACE',''
  ) );
#474 = PCURVE('',#292,#475);
#475 = DEFINITIONAL_REPRESENTATION('',(#476),#480);
#476 = LINE('',#477,#478);
#477 = CARTESIAN_POINT('',(0.,-10.));
#478 = VECTOR('',#479,1.);
#479 = DIRECTION('',(1.,0.));
#480 = ( GEOMETRIC_REPRESENTATION_CONTEXT(2) 
PARAMETRIC_REPRESENTATION_CONTEXT() REPRESENTATION_CONTEXT('2D SPACE',''
  ) );
#481 = ORIENTED_EDGE('',*,*,#482,.T.);
#482 = EDGE_CURVE('',#460,#483,#485,.T.);
#483 = VERTEX_POINT('',#484);
#484 = CARTESIAN_POINT('',(-5.,17.5,5.));
#485 = SURFACE_CURVE('',#486,(#490,#497),.PCURVE_S1.);
#486 = LINE('',#487,#488);
#487 = CARTESIAN_POINT('',(-5.,7.5,5.));
#488 = VECTOR('',#489,1.);
#489 = DIRECTION('',(1.110223024625E-16,1.,0.));
#490 = PCURVE('',#100,#491);
#491 = DEFINITIONAL_REPRESENTATION('',(#492),#496);
#492 = LINE('',#493,#494);
#493 = CARTESIAN_POINT('',(5.,25.));
#494 = VECTOR('',#495,1.);
#495 = DIRECTION('',(0.,1.));
#496 = ( GEOMETRIC_REPRESENTATION_CONTEXT(2) 
PARAMETRIC_REPRESENTATION_CONTEXT() REPRESENTATION_CONTEXT('2D SPACE',''
  ) );
#497 = PCURVE('',#320,#498);
#498 = DEFINITIONAL_REPRESENTATION('',(#499),#503);
#499 = LINE('',#500,#501);
#500 = CARTESIAN_POINT('',(1.570796326795,9.860761315263E-32));
#501 = VECTOR('',#502,1.);
#502 = DIRECTION('',(0.,1.));
#503 = ( GEOMETRIC_REPRESENTATION_CONTEXT(2) 
PARAMETRIC_REPRESENTATION_CONTEXT() REPRESENTATION_CONTEXT('2D SPACE',''
  ) );
#504 = ORIENTED_EDGE('',*,*,#505,.F.);
#505 = EDGE_CURVE('',#506,#483,#508,.T.);
#506 = VERTEX_POINT('',#507);
#507 = CARTESIAN_POINT('',(-5.,17.5,2.5));
#508 = SURFACE_CURVE('',#509,(#513,#520),.PCURVE_S1.);
#509 = LINE('',#510,#511);
#510 = CARTESIAN_POINT('',(-5.,17.5,0.));
#511 = VECTOR('',#512,1.);
#512 = DIRECTION('',(0.,0.,1.));
#513 = PCURVE('',#100,#514);
#514 = DEFINITIONAL_REPRESENTATION('',(#515),#519);
#515 = LINE('',#516,#517);
#516 = CARTESIAN_POINT('',(0.,35.));
#517 = VECTOR('',#518,1.);
#518 = DIRECTION('',(1.,0.));
#519 = ( GEOMETRIC_REPRESENTATION_CONTEXT(2) 
PARAMETRIC_REPRESENTATION_CONTEXT() REPRESENTATION_CONTEXT('2D SPACE',''
  ) );
#520 = PCURVE('',#348,#521);
#521 = DEFINITIONAL_REPRESENTATION('',(#522),#526);
#522 = LINE('',#523,#524);
#523 = CARTESIAN_POINT('',(0.,-10.));
#524 = VECTOR('',#525,1.);
#525 = DIRECTION('',(1.,0.));
#526 = ( GEOMETRIC_REPRESENTATION_CONTEXT(2) 
PARAMETRIC_REPRESENTATION_CONTEXT() REPRESENTATION_CONTEXT('2D SPACE',''
  ) );
#527 = ORIENTED_EDGE('',*,*,#528,.F.);
#528 = EDGE_CURVE('',#529,#506,#531,.T.);
#529 = VERTEX_POINT('',#530);
#530 = CARTESIAN_POINT('',(-5.,17.5,0.));
#531 = SURFACE_CURVE('',#532,(#536,#543),.PCURVE_S1.);
#532 = LINE('',#533,#534);
#533 = CARTESIAN_POINT('',(-5.,17.5,0.));
#534 = VECTOR('',#535,1.);
#535 = DIRECTION('',(0.,0.,1.));
#536 = PCURVE('',#100,#537);
#537 = DEFINITIONAL_REPRESENTATION('',(#538),#542);
#538 = LINE('',#539,#540);
#539 = CARTESIAN_POINT('',(0.,35.));
#540 = VECTOR('',#541,1.);
#541 = DIRECTION('',(1.,0.));
#542 = ( GEOMETRIC_REPRESENTATION_CONTEXT(2) 
PARAMETRIC_REPRESENTATION_CONTEXT() REPRESENTATION_CONTEXT('2D SPACE',''
  ) );
#543 = PCURVE('',#374,#544);
#544 = DEFINITIONAL_REPRESENTATION('',(#545),#549);
#545 = LINE('',#546,#547);
#546 = CARTESIAN_POINT('',(0.,-10.));
#547 = VECTOR('',#548,1.);
#548 = DIRECTION('',(1.,0.));
#549 = ( GEOMETRIC_REPRESENTATION_CONTEXT(2) 
PARAMETRIC_REPRESENTATION_CONTEXT() REPRESENTATION_CONTEXT('2D SPACE',''
  ) );
#550 = ORIENTED_EDGE('',*,*,#551,.T.);
#551 = EDGE_CURVE('',#529,#57,#552,.T.);
#552 = SURFACE_CURVE('',#553,(#557,#564),.PCURVE_S1.);
#553 = LINE('',#554,#555);
#554 = CARTESIAN_POINT('',(-5.,17.5,0.));
#555 = VECTOR('',#556,1.);
#556 = DIRECTION('',(-1.110223024625E-16,-1.,0.));
#557 = PCURVE('',#100,#558);
#558 = DEFINITIONAL_REPRESENTATION('',(#559),#563);
#559 = LINE('',#560,#561);
#560 = CARTESIAN_POINT('',(0.,35.));
#561 = VECTOR('',#562,1.);
#562 = DIRECTION('',(0.,-1.));
#563 = ( GEOMETRIC_REPRESENTATION_CONTEXT(2) 
PARAMETRIC_REPRESENTATION_CONTEXT() REPRESENTATION_CONTEXT('2D SPACE',''
  ) );
#564 = PCURVE('',#72,#565);
#565 = DEFINITIONAL_REPRESENTATION('',(#566),#570);
#566 = LINE('',#567,#568);
#567 = CARTESIAN_POINT('',(35.,10.));
#568 = VECTOR('',#569,1.);
#569 = DIRECTION('',(-1.,0.));
#570 = ( GEOMETRIC_REPRESENTATION_CONTEXT(2) 
PARAMETRIC_REPRESENTATION_CONTEXT() REPRESENTATION_CONTEXT('2D SPACE',''
  ) );
#571 = ADVANCED_FACE('',(#572,#598,#666,#701),#72,.F.);
#572 = FACE_BOUND('',#573,.F.);
#573 = EDGE_LOOP('',(#574,#575,#576,#597));
#574 = ORIENTED_EDGE('',*,*,#56,.F.);
#575 = ORIENTED_EDGE('',*,*,#173,.T.);
#576 = ORIENTED_EDGE('',*,*,#577,.T.);
#577 = EDGE_CURVE('',#174,#529,#578,.T.);
#578 = SURFACE_CURVE('',#579,(#583,#590),.PCURVE_S1.);
#579 = LINE('',#580,#581);
#580 = CARTESIAN_POINT('',(5.,17.5,0.));
#581 = VECTOR('',#582,1.);
#582 = DIRECTION('',(-1.,1.110223024625E-16,0.));
#583 = PCURVE('',#72,#584);
#584 = DEFINITIONAL_REPRESENTATION('',(#585),#589);
#585 = LINE('',#586,#587);
#586 = CARTESIAN_POINT('',(35.,3.330669073875E-16));
#587 = VECTOR('',#588,1.);
#588 = DIRECTION('',(0.,1.));
#589 = ( GEOMETRIC_REPRESENTATION_CONTEXT(2) 
PARAMETRIC_REPRESENTATION_CONTEXT() REPRESENTATION_CONTEXT('2D SPACE',''
  ) );
#590 = PCURVE('',#374,#591);
#591 = DEFINITIONAL_REPRESENTATION('',(#592),#596);
#592 = LINE('',#593,#594);
#593 = CARTESIAN_POINT('',(0.,0.));
#594 = VECTOR('',#595,1.);
#595 = DIRECTION('',(0.,-1.));
#596 = ( GEOMETRIC_REPRESENTATION_CONTEXT(2) 
PARAMETRIC_REPRESENTATION_CONTEXT() REPRESENTATION_CONTEXT('2D SPACE',''
  ) );
#597 = ORIENTED_EDGE('',*,*,#551,.T.);
#598 = FACE_BOUND('',#599,.F.);
#599 = EDGE_LOOP('',(#600,#635));
#600 = ORIENTED_EDGE('',*,*,#601,.T.);
#601 = EDGE_CURVE('',#602,#604,#606,.T.);
#602 = VERTEX_POINT('',#603);
#603 = CARTESIAN_POINT('',(-9.020562075079E-16,-8.125,0.));
#604 = VERTEX_POINT('',#605);
#605 = CARTESIAN_POINT('',(-1.318389841742E-15,-11.875,0.));
#606 = SURFACE_CURVE('',#607,(#612,#623),.PCURVE_S1.);
#607 = CIRCLE('',#608,1.875);
#608 = AXIS2_PLACEMENT_3D('',#609,#610,#611);
#609 = CARTESIAN_POINT('',(-1.110223024625E-15,-10.,0.));
#610 = DIRECTION('',(0.,0.,-1.));
#611 = DIRECTION('',(1.110223024625E-16,1.,0.));
#612 = PCURVE('',#72,#613);
#613 = DEFINITIONAL_REPRESENTATION('',(#614),#622);
#614 = ( BOUNDED_CURVE() B_SPLINE_CURVE(2,(#615,#616,#617,#618,#619,#620
,#621),.UNSPECIFIED.,.T.,.F.) B_SPLINE_CURVE_WITH_KNOTS((1,2,2,2,2,1),(
    -2.094395102393,0.,2.094395102393,4.188790204786,6.28318530718,
8.377580409573),.UNSPECIFIED.) CURVE() GEOMETRIC_REPRESENTATION_ITEM() 
RATIONAL_B_SPLINE_CURVE((1.,0.5,1.,0.5,1.,0.5,1.)) REPRESENTATION_ITEM(
  '') );
#615 = CARTESIAN_POINT('',(9.375,5.));
#616 = CARTESIAN_POINT('',(9.375,1.752404735808));
#617 = CARTESIAN_POINT('',(6.5625,3.376202367904));
#618 = CARTESIAN_POINT('',(3.75,5.));
#619 = CARTESIAN_POINT('',(6.5625,6.623797632096));
#620 = CARTESIAN_POINT('',(9.375,8.247595264192));
#621 = CARTESIAN_POINT('',(9.375,5.));
#622 = ( GEOMETRIC_REPRESENTATION_CONTEXT(2) 
PARAMETRIC_REPRESENTATION_CONTEXT() REPRESENTATION_CONTEXT('2D SPACE',''
  ) );
#623 = PCURVE('',#624,#629);
#624 = CYLINDRICAL_SURFACE('',#625,1.875);
#625 = AXIS2_PLACEMENT_3D('',#626,#627,#628);
#626 = CARTESIAN_POINT('',(-1.110223024625E-15,-10.,-5.));
#627 = DIRECTION('',(0.,-0.,-1.));
#628 = DIRECTION('',(1.110223024625E-16,1.,0.));
#629 = DEFINITIONAL_REPRESENTATION('',(#630),#634);
#630 = LINE('',#631,#632);
#631 = CARTESIAN_POINT('',(-6.28318530718,-5.));
#632 = VECTOR('',#633,1.);
#633 = DIRECTION('',(1.,-0.));
#634 = ( GEOMETRIC_REPRESENTATION_CONTEXT(2) 
PARAMETRIC_REPRESENTATION_CONTEXT() REPRESENTATION_CONTEXT('2D SPACE',''
  ) );
#635 = ORIENTED_EDGE('',*,*,#636,.T.);
#636 = EDGE_CURVE('',#604,#602,#637,.T.);
#637 = SURFACE_CURVE('',#638,(#643,#654),.PCURVE_S1.);
#638 = CIRCLE('',#639,1.875);
#639 = AXIS2_PLACEMENT_3D('',#640,#641,#642);
#640 = CARTESIAN_POINT('',(-1.110223024625E-15,-10.,0.));
#641 = DIRECTION('',(0.,0.,-1.));
#642 = DIRECTION('',(1.110223024625E-16,1.,0.));
#643 = PCURVE('',#72,#644);
#644 = DEFINITIONAL_REPRESENTATION('',(#645),#653);
#645 = ( BOUNDED_CURVE() B_SPLINE_CURVE(2,(#646,#647,#648,#649,#650,#651
,#652),.UNSPECIFIED.,.T.,.F.) B_SPLINE_CURVE_WITH_KNOTS((1,2,2,2,2,1),(
    -2.094395102393,0.,2.094395102393,4.188790204786,6.28318530718,
8.377580409573),.UNSPECIFIED.) CURVE() GEOMETRIC_REPRESENTATION_ITEM() 
RATIONAL_B_SPLINE_CURVE((1.,0.5,1.,0.5,1.,0.5,1.)) REPRESENTATION_ITEM(
  '') );
#646 = CARTESIAN_POINT('',(9.375,5.));
#647 = CARTESIAN_POINT('',(9.375,1.752404735808));
#648 = CARTESIAN_POINT('',(6.5625,3.376202367904));
#649 = CARTESIAN_POINT('',(3.75,5.));
#650 = CARTESIAN_POINT('',(6.5625,6.623797632096));
#651 = CARTESIAN_POINT('',(9.375,8.247595264192));
#652 = CARTESIAN_POINT('',(9.375,5.));
#653 = ( GEOMETRIC_REPRESENTATION_CONTEXT(2) 
PARAMETRIC_REPRESENTATION_CONTEXT() REPRESENTATION_CONTEXT('2D SPACE',''
  ) );
#654 = PCURVE('',#655,#660);
#655 = CYLINDRICAL_SURFACE('',#656,1.875);
#656 = AXIS2_PLACEMENT_3D('',#657,#658,#659);
#657 = CARTESIAN_POINT('',(-1.110223024625E-15,-10.,-5.));
#658 = DIRECTION('',(0.,-0.,-1.));
#659 = DIRECTION('',(1.110223024625E-16,1.,0.));
#660 = DEFINITIONAL_REPRESENTATION('',(#661),#665);
#661 = LINE('',#662,#663);
#662 = CARTESIAN_POINT('',(-6.28318530718,-5.));
#663 = VECTOR('',#664,1.);
#664 = DIRECTION('',(1.,-0.));
#665 = ( GEOMETRIC_REPRESENTATION_CONTEXT(2) 
PARAMETRIC_REPRESENTATION_CONTEXT() REPRESENTATION_CONTEXT('2D SPACE',''
  ) );
#666 = FACE_BOUND('',#667,.F.);
#667 = EDGE_LOOP('',(#668));
#668 = ORIENTED_EDGE('',*,*,#669,.T.);
#669 = EDGE_CURVE('',#670,#670,#672,.T.);
#670 = VERTEX_POINT('',#671);
#671 = CARTESIAN_POINT('',(2.081668171172E-16,1.875,0.));
#672 = SURFACE_CURVE('',#673,(#678,#689),.PCURVE_S1.);
#673 = CIRCLE('',#674,1.875);
#674 = AXIS2_PLACEMENT_3D('',#675,#676,#677);
#675 = CARTESIAN_POINT('',(0.,0.,0.));
#676 = DIRECTION('',(0.,0.,-1.));
#677 = DIRECTION('',(1.110223024625E-16,1.,0.));
#678 = PCURVE('',#72,#679);
#679 = DEFINITIONAL_REPRESENTATION('',(#680),#688);
#680 = ( BOUNDED_CURVE() B_SPLINE_CURVE(2,(#681,#682,#683,#684,#685,#686
,#687),.UNSPECIFIED.,.T.,.F.) B_SPLINE_CURVE_WITH_KNOTS((1,2,2,2,2,1),(
    -2.094395102393,0.,2.094395102393,4.188790204786,6.28318530718,
8.377580409573),.UNSPECIFIED.) CURVE() GEOMETRIC_REPRESENTATION_ITEM() 
RATIONAL_B_SPLINE_CURVE((1.,0.5,1.,0.5,1.,0.5,1.)) REPRESENTATION_ITEM(
  '') );
#681 = CARTESIAN_POINT('',(19.375,5.));
#682 = CARTESIAN_POINT('',(19.375,1.752404735808));
#683 = CARTESIAN_POINT('',(16.5625,3.376202367904));
#684 = CARTESIAN_POINT('',(13.75,5.));
#685 = CARTESIAN_POINT('',(16.5625,6.623797632096));
#686 = CARTESIAN_POINT('',(19.375,8.247595264192));
#687 = CARTESIAN_POINT('',(19.375,5.));
#688 = ( GEOMETRIC_REPRESENTATION_CONTEXT(2) 
PARAMETRIC_REPRESENTATION_CONTEXT() REPRESENTATION_CONTEXT('2D SPACE',''
  ) );
#689 = PCURVE('',#690,#695);
#690 = CYLINDRICAL_SURFACE('',#691,1.875);
#691 = AXIS2_PLACEMENT_3D('',#692,#693,#694);
#692 = CARTESIAN_POINT('',(0.,0.,-5.));
#693 = DIRECTION('',(0.,-0.,-1.));
#694 = DIRECTION('',(1.110223024625E-16,1.,0.));
#695 = DEFINITIONAL_REPRESENTATION('',(#696),#700);
#696 = LINE('',#697,#698);
#697 = CARTESIAN_POINT('',(-6.28318530718,-5.));
#698 = VECTOR('',#699,1.);
#699 = DIRECTION('',(1.,-0.));
#700 = ( GEOMETRIC_REPRESENTATION_CONTEXT(2) 
PARAMETRIC_REPRESENTATION_CONTEXT() REPRESENTATION_CONTEXT('2D SPACE',''
  ) );
#701 = FACE_BOUND('',#702,.F.);
#702 = EDGE_LOOP('',(#703));
#703 = ORIENTED_EDGE('',*,*,#704,.T.);
#704 = EDGE_CURVE('',#705,#705,#707,.T.);
#705 = VERTEX_POINT('',#706);
#706 = CARTESIAN_POINT('',(1.318389841742E-15,11.875,0.));
#707 = SURFACE_CURVE('',#708,(#713,#724),.PCURVE_S1.);
#708 = CIRCLE('',#709,1.875);
#709 = AXIS2_PLACEMENT_3D('',#710,#711,#712);
#710 = CARTESIAN_POINT('',(1.110223024625E-15,10.,0.));
#711 = DIRECTION('',(0.,0.,-1.));
#712 = DIRECTION('',(1.110223024625E-16,1.,0.));
#713 = PCURVE('',#72,#714);
#714 = DEFINITIONAL_REPRESENTATION('',(#715),#723);
#715 = ( BOUNDED_CURVE() B_SPLINE_CURVE(2,(#716,#717,#718,#719,#720,#721
,#722),.UNSPECIFIED.,.T.,.F.) B_SPLINE_CURVE_WITH_KNOTS((1,2,2,2,2,1),(
    -2.094395102393,0.,2.094395102393,4.188790204786,6.28318530718,
8.377580409573),.UNSPECIFIED.) CURVE() GEOMETRIC_REPRESENTATION_ITEM() 
RATIONAL_B_SPLINE_CURVE((1.,0.5,1.,0.5,1.,0.5,1.)) REPRESENTATION_ITEM(
  '') );
#716 = CARTESIAN_POINT('',(29.375,5.));
#717 = CARTESIAN_POINT('',(29.375,1.752404735808));
#718 = CARTESIAN_POINT('',(26.5625,3.376202367904));
#719 = CARTESIAN_POINT('',(23.75,5.));
#720 = CARTESIAN_POINT('',(26.5625,6.623797632096));
#721 = CARTESIAN_POINT('',(29.375,8.247595264192));
#722 = CARTESIAN_POINT('',(29.375,5.));
#723 = ( GEOMETRIC_REPRESENTATION_CONTEXT(2) 
PARAMETRIC_REPRESENTATION_CONTEXT() REPRESENTATION_CONTEXT('2D SPACE',''
  ) );
#724 = PCURVE('',#725,#730);
#725 = CYLINDRICAL_SURFACE('',#726,1.875);
#726 = AXIS2_PLACEMENT_3D('',#727,#728,#729);
#727 = CARTESIAN_POINT('',(1.110223024625E-15,10.,-5.));
#728 = DIRECTION('',(0.,-0.,-1.));
#729 = DIRECTION('',(1.110223024625E-16,1.,0.));
#730 = DEFINITIONAL_REPRESENTATION('',(#731),#735);
#731 = LINE('',#732,#733);
#732 = CARTESIAN_POINT('',(-6.28318530718,-5.));
#733 = VECTOR('',#734,1.);
#734 = DIRECTION('',(1.,-0.));
#735 = ( GEOMETRIC_REPRESENTATION_CONTEXT(2) 
PARAMETRIC_REPRESENTATION_CONTEXT() REPRESENTATION_CONTEXT('2D SPACE',''
  ) );
#736 = ADVANCED_FACE('',(#737),#127,.T.);
#737 = FACE_BOUND('',#738,.F.);
#738 = EDGE_LOOP('',(#739,#740,#741,#767));
#739 = ORIENTED_EDGE('',*,*,#112,.F.);
#740 = ORIENTED_EDGE('',*,*,#390,.F.);
#741 = ORIENTED_EDGE('',*,*,#742,.T.);
#742 = EDGE_CURVE('',#391,#198,#743,.T.);
#743 = SURFACE_CURVE('',#744,(#749,#756),.PCURVE_S1.);
#744 = CIRCLE('',#745,5.);
#745 = AXIS2_PLACEMENT_3D('',#746,#747,#748);
#746 = CARTESIAN_POINT('',(-8.326672684689E-16,-7.5,5.));
#747 = DIRECTION('',(1.110223024625E-16,1.,-1.110223024625E-16));
#748 = DIRECTION('',(-1.232595164408E-32,-1.110223024625E-16,-1.));
#749 = PCURVE('',#127,#750);
#750 = DEFINITIONAL_REPRESENTATION('',(#751),#755);
#751 = LINE('',#752,#753);
#752 = CARTESIAN_POINT('',(-0.,0.));
#753 = VECTOR('',#754,1.);
#754 = DIRECTION('',(-1.,0.));
#755 = ( GEOMETRIC_REPRESENTATION_CONTEXT(2) 
PARAMETRIC_REPRESENTATION_CONTEXT() REPRESENTATION_CONTEXT('2D SPACE',''
  ) );
#756 = PCURVE('',#236,#757);
#757 = DEFINITIONAL_REPRESENTATION('',(#758),#766);
#758 = ( BOUNDED_CURVE() B_SPLINE_CURVE(2,(#759,#760,#761,#762,#763,#764
,#765),.UNSPECIFIED.,.T.,.F.) B_SPLINE_CURVE_WITH_KNOTS((1,2,2,2,2,1),(
    -2.094395102393,0.,2.094395102393,4.188790204786,6.28318530718,
8.377580409573),.UNSPECIFIED.) CURVE() GEOMETRIC_REPRESENTATION_ITEM() 
RATIONAL_B_SPLINE_CURVE((1.,0.5,1.,0.5,1.,0.5,1.)) REPRESENTATION_ITEM(
  '') );
#759 = CARTESIAN_POINT('',(8.881784197001E-16,-5.));
#760 = CARTESIAN_POINT('',(8.881784197001E-16,-13.66025403784));
#761 = CARTESIAN_POINT('',(-7.5,-9.330127018922));
#762 = CARTESIAN_POINT('',(-15.,-5.));
#763 = CARTESIAN_POINT('',(-7.5,-0.669872981078));
#764 = CARTESIAN_POINT('',(-7.105427357601E-15,3.660254037844));
#765 = CARTESIAN_POINT('',(8.881784197001E-16,-5.));
#766 = ( GEOMETRIC_REPRESENTATION_CONTEXT(2) 
PARAMETRIC_REPRESENTATION_CONTEXT() REPRESENTATION_CONTEXT('2D SPACE',''
  ) );
#767 = ORIENTED_EDGE('',*,*,#197,.T.);
#768 = ADVANCED_FACE('',(#769),#158,.F.);
#769 = FACE_BOUND('',#770,.T.);
#770 = EDGE_LOOP('',(#771,#794,#795,#796,#1094,#1117,#1143,#1144));
#771 = ORIENTED_EDGE('',*,*,#772,.T.);
#772 = EDGE_CURVE('',#773,#142,#775,.T.);
#773 = VERTEX_POINT('',#774);
#774 = CARTESIAN_POINT('',(-1.067337247917E-15,-11.875,2.95));
#775 = SEAM_CURVE('',#776,(#780,#787),.PCURVE_S1.);
#776 = LINE('',#777,#778);
#777 = CARTESIAN_POINT('',(-5.300632466216E-17,-5.,2.95));
#778 = VECTOR('',#779,1.);
#779 = DIRECTION('',(-1.110223024625E-16,-1.,1.110223024625E-16));
#780 = PCURVE('',#158,#781);
#781 = DEFINITIONAL_REPRESENTATION('',(#782),#786);
#782 = LINE('',#783,#784);
#783 = CARTESIAN_POINT('',(-6.28318530718,-0.));
#784 = VECTOR('',#785,1.);
#785 = DIRECTION('',(-0.,1.));
#786 = ( GEOMETRIC_REPRESENTATION_CONTEXT(2) 
PARAMETRIC_REPRESENTATION_CONTEXT() REPRESENTATION_CONTEXT('2D SPACE',''
  ) );
#787 = PCURVE('',#158,#788);
#788 = DEFINITIONAL_REPRESENTATION('',(#789),#793);
#789 = LINE('',#790,#791);
#790 = CARTESIAN_POINT('',(-0.,-0.));
#791 = VECTOR('',#792,1.);
#792 = DIRECTION('',(-0.,1.));
#793 = ( GEOMETRIC_REPRESENTATION_CONTEXT(2) 
PARAMETRIC_REPRESENTATION_CONTEXT() REPRESENTATION_CONTEXT('2D SPACE',''
  ) );
#794 = ORIENTED_EDGE('',*,*,#141,.F.);
#795 = ORIENTED_EDGE('',*,*,#772,.F.);
#796 = ORIENTED_EDGE('',*,*,#797,.T.);
#797 = EDGE_CURVE('',#773,#798,#800,.T.);
#798 = VERTEX_POINT('',#799);
#799 = CARTESIAN_POINT('',(-3.999510198575E-16,-8.125,2.95));
#800 = SURFACE_CURVE('',#801,(#895,#992),.PCURVE_S1.);
#801 = B_SPLINE_CURVE_WITH_KNOTS('',8,(#802,#803,#804,#805,#806,#807,
    #808,#809,#810,#811,#812,#813,#814,#815,#816,#817,#818,#819,#820,
    #821,#822,#823,#824,#825,#826,#827,#828,#829,#830,#831,#832,#833,
    #834,#835,#836,#837,#838,#839,#840,#841,#842,#843,#844,#845,#846,
    #847,#848,#849,#850,#851,#852,#853,#854,#855,#856,#857,#858,#859,
    #860,#861,#862,#863,#864,#865,#866,#867,#868,#869,#870,#871,#872,
    #873,#874,#875,#876,#877,#878,#879,#880,#881,#882,#883,#884,#885,
    #886,#887,#888,#889,#890,#891,#892,#893,#894),.UNSPECIFIED.,.F.,.F.,
  (9,7,7,7,7,7,7,7,7,7,7,7,7,9),(0.,7.121335596117E-02,0.116612843753,
    0.307106251654,0.408848197611,0.439010842883,0.501649566657,
    0.539737595914,0.564720774526,0.594628125504,0.69468698743,
    0.885606160022,0.929005867979,1.),.UNSPECIFIED.);
#802 = CARTESIAN_POINT('',(-1.088768566902E-15,-11.875,2.95));
#803 = CARTESIAN_POINT('',(-6.51174069578E-02,-11.875,2.95));
#804 = CARTESIAN_POINT('',(-0.13013384348,-11.8724153681,2.952363908755)
  );
#805 = CARTESIAN_POINT('',(-0.194786986465,-11.86726040808,
    2.957078907559));
#806 = CARTESIAN_POINT('',(-0.258816278848,-11.85958721741,
    2.964094170677));
#807 = CARTESIAN_POINT('',(-0.321964816891,-11.84948591803,
    2.973321244268));
#808 = CARTESIAN_POINT('',(-0.38398123746,-11.83708488713,2.984634425304
    ));
#809 = CARTESIAN_POINT('',(-0.444621605316,-11.82255098795,
    2.997871140502));
#810 = CARTESIAN_POINT('',(-0.541283537839,-11.79559556856,
    3.022370285004));
#811 = CARTESIAN_POINT('',(-0.57829883668,-11.78430757621,3.032618698188
    ));
#812 = CARTESIAN_POINT('',(-0.614679598275,-11.7722636606,3.043539967579
    ));
#813 = CARTESIAN_POINT('',(-0.650409572527,-11.75950194981,
    3.055096083565));
#814 = CARTESIAN_POINT('',(-0.685473857887,-11.74606086286,
    3.067248624134));
#815 = CARTESIAN_POINT('',(-0.719858901351,-11.73197910975,
    3.079958754871));
#816 = CARTESIAN_POINT('',(-0.753552498458,-11.71729569141,
    3.093187228963));
#817 = CARTESIAN_POINT('',(-0.924973200544,-11.63807951257,
    3.164408764812));
#818 = CARTESIAN_POINT('',(-1.051069882006,-11.56419338782,
    3.230364467984));
#819 = CARTESIAN_POINT('',(-1.165256905268,-11.48271866196,
    3.302356447004));
#820 = CARTESIAN_POINT('',(-1.268250128628,-11.39535701252,3.37848963022
    ));
#821 = CARTESIAN_POINT('',(-1.360873298029,-11.3032842182,3.45730403952)
  );
#822 = CARTESIAN_POINT('',(-1.443970135335,-11.2071425405,3.537654847358
    ));
#823 = CARTESIAN_POINT('',(-1.518291677424,-11.1071013717,3.618650396124
    ));
#824 = CARTESIAN_POINT('',(-1.619632252084,-10.94697881528,
    3.742072124864));
#825 = CARTESIAN_POINT('',(-1.652362813885,-10.89030228878,
    3.784649929852));
#826 = CARTESIAN_POINT('',(-1.682766438148,-10.8324941136,3.826781303249
    ));
#827 = CARTESIAN_POINT('',(-1.710960032104,-10.77335781752,3.8683348965)
  );
#828 = CARTESIAN_POINT('',(-1.736956859984,-10.71275033443,
    3.909045938927));
#829 = CARTESIAN_POINT('',(-1.760697399105,-10.65059677614,
    3.948471869038));
#830 = CARTESIAN_POINT('',(-1.782083642351,-10.58687622214,
    3.985975862449));
#831 = CARTESIAN_POINT('',(-1.806599144951,-10.50222569793,
    4.031063852396));
#832 = CARTESIAN_POINT('',(-1.811994275182,-10.48270668196,
    4.041147160384));
#833 = CARTESIAN_POINT('',(-1.817175169198,-10.46302265349,
    4.050982778767));
#834 = CARTESIAN_POINT('',(-1.822138050526,-10.44317043408,
    4.060548364273));
#835 = CARTESIAN_POINT('',(-1.826878768523,-10.42314671311,
    4.069819949634));
#836 = CARTESIAN_POINT('',(-1.831392798377,-10.40294804778,
    4.078771943584));
#837 = CARTESIAN_POINT('',(-1.835675241107,-10.38257086312,
    4.087377130861));
#838 = CARTESIAN_POINT('',(-1.848122279054,-10.31931575122,4.11269694935
    ));
#839 = CARTESIAN_POINT('',(-1.855571971535,-10.27547935357,
    4.128309203498));
#840 = CARTESIAN_POINT('',(-1.861923445111,-10.23079558403,4.14199951274
    ));
#841 = CARTESIAN_POINT('',(-1.867088201993,-10.18547582576,
    4.153395515189));
#842 = CARTESIAN_POINT('',(-1.871012573064,-10.13966346785,
    4.162199491087));
#843 = CARTESIAN_POINT('',(-1.873660181577,-10.09344865027,
    4.168189814884));
#844 = CARTESIAN_POINT('',(-1.875,-10.04688380593,4.171220777287));
#845 = CARTESIAN_POINT('',(-1.875,-9.971491887693,4.171220777287));
#846 = CARTESIAN_POINT('',(-1.874504628342,-9.943024042783,
    4.170100398501));
#847 = CARTESIAN_POINT('',(-1.873516347662,-9.914624070905,
    4.167864136067));
#848 = CARTESIAN_POINT('',(-1.872039542449,-9.886326025428,4.16453291768
    ));
#849 = CARTESIAN_POINT('',(-1.870081536829,-9.858170517864,
    4.160143869972));
#850 = CARTESIAN_POINT('',(-1.867653612349,-9.830204828291,
    4.154750084893));
#851 = CARTESIAN_POINT('',(-1.864772025766,-9.802483015765,
    4.148420386094));
#852 = CARTESIAN_POINT('',(-1.859285922952,-9.757082334188,
    4.136528652842));
#853 = CARTESIAN_POINT('',(-1.856925681418,-9.739216351605,
    4.131448135521));
#854 = CARTESIAN_POINT('',(-1.854381754125,-9.721467894805,
    4.126015536534));
#855 = CARTESIAN_POINT('',(-1.851657778096,-9.703837730848,
    4.120249180593));
#856 = CARTESIAN_POINT('',(-1.84875757549,-9.686327580037,4.114167723922
    ));
#857 = CARTESIAN_POINT('',(-1.845685153595,-9.668940115918,
    4.107790154264));
#858 = CARTESIAN_POINT('',(-1.842444704832,-9.651678965276,
    4.101135790877));
#859 = CARTESIAN_POINT('',(-1.834965562593,-9.61404208565,4.085950523657
    ));
#860 = CARTESIAN_POINT('',(-1.830654956114,-9.593716934703,
    4.077305735168));
#861 = CARTESIAN_POINT('',(-1.826114007328,-9.573569560994,
    4.068318495874));
#862 = CARTESIAN_POINT('',(-1.821347552779,-9.553596372982,
    4.059015743342));
#863 = CARTESIAN_POINT('',(-1.816360045546,-9.533793881886,
    4.049422775906));
#864 = CARTESIAN_POINT('',(-1.811155555243,-9.514158701694,
    4.039563252667));
#865 = CARTESIAN_POINT('',(-1.805737768016,-9.494687549155,4.02945919349
    ));
#866 = CARTESIAN_POINT('',(-1.781281524955,-9.410772151193,
    3.984576618523));
#867 = CARTESIAN_POINT('',(-1.760027217292,-9.347708081274,
    3.947374452395));
#868 = CARTESIAN_POINT('',(-1.736465095125,-9.286179058494,
    3.908301043276));
#869 = CARTESIAN_POINT('',(-1.710689387049,-9.226163674102,
    3.867971194676));
#870 = CARTESIAN_POINT('',(-1.682756793755,-9.167588609197,
    3.826813333271));
#871 = CARTESIAN_POINT('',(-1.652654022704,-9.11031545074,3.785085439683
    ));
#872 = CARTESIAN_POINT('',(-1.620268639594,-9.054154760575,
    3.742917206331));
#873 = CARTESIAN_POINT('',(-1.518825477099,-8.893503154761,
    3.619169856712));
#874 = CARTESIAN_POINT('',(-1.443855039741,-8.792517037373,
    3.537408846343));
#875 = CARTESIAN_POINT('',(-1.359948204864,-8.695496995594,
    3.456303699344));
#876 = CARTESIAN_POINT('',(-1.266330814591,-8.602618024526,
    3.376766620681));
#877 = CARTESIAN_POINT('',(-1.162133685654,-8.514545295107,3.29997728848
    ));
#878 = CARTESIAN_POINT('',(-1.046510591193,-8.43249878984,3.227443552739
    ));
#879 = CARTESIAN_POINT('',(-0.918730116001,-8.358244017289,
    3.161126889579));
#880 = CARTESIAN_POINT('',(-0.746464442777,-8.279637879685,
    3.090424040824));
#881 = CARTESIAN_POINT('',(-0.713907993754,-8.265606207753,
    3.077778725284));
#882 = CARTESIAN_POINT('',(-0.68071164775,-8.252137230468,3.065618936924
    ));
#883 = CARTESIAN_POINT('',(-0.646886685126,-8.239265881602,
    3.053979802734));
#884 = CARTESIAN_POINT('',(-0.612445548606,-8.227026810778,
    3.042896063639));
#885 = CARTESIAN_POINT('',(-0.577401843287,-8.215454383469,
    3.032402074501));
#886 = CARTESIAN_POINT('',(-0.541770336628,-8.204582680999,
    3.022531804115));
#887 = CARTESIAN_POINT('',(-0.446344730236,-8.177862892925,
    2.998248071809));
#888 = CARTESIAN_POINT('',(-0.385491572978,-8.163217714328,
    2.984910478609));
#889 = CARTESIAN_POINT('',(-0.323245311559,-8.150719208458,
    2.973508619303));
#890 = CARTESIAN_POINT('',(-0.259853306063,-8.140537141996,
    2.964207869331));
#891 = CARTESIAN_POINT('',(-0.195570509334,-8.132802038383,
    2.957136025116));
#892 = CARTESIAN_POINT('',(-0.130657524518,-8.12760541161,2.952382913305
    ));
#893 = CARTESIAN_POINT('',(-6.537866261069E-02,-8.125,2.95));
#894 = CARTESIAN_POINT('',(-1.246488119768E-15,-8.125,2.95));
#895 = PCURVE('',#158,#896);
#896 = DEFINITIONAL_REPRESENTATION('',(#897),#991);
#897 = B_SPLINE_CURVE_WITH_KNOTS('',8,(#898,#899,#900,#901,#902,#903,
    #904,#905,#906,#907,#908,#909,#910,#911,#912,#913,#914,#915,#916,
    #917,#918,#919,#920,#921,#922,#923,#924,#925,#926,#927,#928,#929,
    #930,#931,#932,#933,#934,#935,#936,#937,#938,#939,#940,#941,#942,
    #943,#944,#945,#946,#947,#948,#949,#950,#951,#952,#953,#954,#955,
    #956,#957,#958,#959,#960,#961,#962,#963,#964,#965,#966,#967,#968,
    #969,#970,#971,#972,#973,#974,#975,#976,#977,#978,#979,#980,#981,
    #982,#983,#984,#985,#986,#987,#988,#989,#990),.UNSPECIFIED.,.F.,.F.,
  (9,7,7,7,7,7,7,7,7,7,7,7,7,9),(0.,7.121335596117E-02,0.116612843753,
    0.307106251654,0.408848197611,0.439010842883,0.501649566657,
    0.539737595914,0.564720774526,0.594628125504,0.69468698743,
    0.885606160022,0.929005867979,1.),.UNSPECIFIED.);
#898 = CARTESIAN_POINT('',(0.,6.875));
#899 = CARTESIAN_POINT('',(-3.17645887599E-02,6.875));
#900 = CARTESIAN_POINT('',(-6.347989404199E-02,6.872415368105));
#901 = CARTESIAN_POINT('',(-9.506688252084E-02,6.867260408089));
#902 = CARTESIAN_POINT('',(-0.126446594955,6.859587217418));
#903 = CARTESIAN_POINT('',(-0.157538516042,6.849485918033));
#904 = CARTESIAN_POINT('',(-0.188258944278,6.837084887132));
#905 = CARTESIAN_POINT('',(-0.21851936181,6.82255098795));
#906 = CARTESIAN_POINT('',(-0.267162429907,6.795595568569));
#907 = CARTESIAN_POINT('',(-0.285893481613,6.784307576217));
#908 = CARTESIAN_POINT('',(-0.304415474852,6.772263660605));
#909 = CARTESIAN_POINT('',(-0.322725572012,6.759501949812));
#910 = CARTESIAN_POINT('',(-0.34082058243,6.746060862868));
#911 = CARTESIAN_POINT('',(-0.358696962391,6.731979109757));
#912 = CARTESIAN_POINT('',(-0.376350815133,6.717295691419));
#913 = CARTESIAN_POINT('',(-0.466900809241,6.63807951257));
#914 = CARTESIAN_POINT('',(-0.53604804636,6.564193387822));
#915 = CARTESIAN_POINT('',(-0.601556059282,6.482718661969));
#916 = CARTESIAN_POINT('',(-0.663715494614,6.39535701252));
#917 = CARTESIAN_POINT('',(-0.72278992232,6.303284218205));
#918 = CARTESIAN_POINT('',(-0.779004836981,6.207142540507));
#919 = CARTESIAN_POINT('',(-0.832546766427,6.107101371709));
#920 = CARTESIAN_POINT('',(-0.910447289026,5.946978815287));
#921 = CARTESIAN_POINT('',(-0.936631034373,5.89030228878));
#922 = CARTESIAN_POINT('',(-0.961956650026,5.832494113607));
#923 = CARTESIAN_POINT('',(-0.986432098504,5.773357817526));
#924 = CARTESIAN_POINT('',(-1.009977950324,5.71275033443));
#925 = CARTESIAN_POINT('',(-1.032416859439,5.650596776148));
#926 = CARTESIAN_POINT('',(-1.053472636154,5.586876222142));
#927 = CARTESIAN_POINT('',(-1.078507705929,5.502225697939));
#928 = CARTESIAN_POINT('',(-1.084086082522,5.482706681964));
#929 = CARTESIAN_POINT('',(-1.089508678005,5.463022653493));
#930 = CARTESIAN_POINT('',(-1.094765260513,5.443170434084));
#931 = CARTESIAN_POINT('',(-1.099844750359,5.423146713115));
#932 = CARTESIAN_POINT('',(-1.104735220034,5.402948047788));
#933 = CARTESIAN_POINT('',(-1.109423894211,5.382570863125));
#934 = CARTESIAN_POINT('',(-1.123186753317,5.319315751228));
#935 = CARTESIAN_POINT('',(-1.131624473093,5.275479353573));
#936 = CARTESIAN_POINT('',(-1.138985812789,5.23079558403));
#937 = CARTESIAN_POINT('',(-1.145088774854,5.185475825761));
#938 = CARTESIAN_POINT('',(-1.149790677933,5.139663467854));
#939 = CARTESIAN_POINT('',(-1.152985542812,5.09344865027));
#940 = CARTESIAN_POINT('',(-1.154602046844,5.046883805935));
#941 = CARTESIAN_POINT('',(-1.154602046844,4.971491887693));
#942 = CARTESIAN_POINT('',(-1.154004485,4.943024042783));
#943 = CARTESIAN_POINT('',(-1.152811843585,4.914624070905));
#944 = CARTESIAN_POINT('',(-1.151034334428,4.886326025428));
#945 = CARTESIAN_POINT('',(-1.148689967142,4.858170517864));
#946 = CARTESIAN_POINT('',(-1.145804617346,4.830204828291));
#947 = CARTESIAN_POINT('',(-1.14241209489,4.802483015765));
#948 = CARTESIAN_POINT('',(-1.136023701119,4.757082334188));
#949 = CARTESIAN_POINT('',(-1.133291025893,4.739216351605));
#950 = CARTESIAN_POINT('',(-1.130364842015,4.721467894805));
#951 = CARTESIAN_POINT('',(-1.127253967384,4.703837730848));
#952 = CARTESIAN_POINT('',(-1.123967382182,4.686327580037));
#953 = CARTESIAN_POINT('',(-1.12051422887,4.668940115918));
#954 = CARTESIAN_POINT('',(-1.116903812194,4.651678965276));
#955 = CARTESIAN_POINT('',(-1.10864664421,4.61404208565));
#956 = CARTESIAN_POINT('',(-1.10393455432,4.593716934703));
#957 = CARTESIAN_POINT('',(-1.099022820867,4.573569560994));
#958 = CARTESIAN_POINT('',(-1.093924079053,4.553596372982));
#959 = CARTESIAN_POINT('',(-1.088650107924,4.533793881886));
#960 = CARTESIAN_POINT('',(-1.083211830369,4.514158701694));
#961 = CARTESIAN_POINT('',(-1.077619313126,4.494687549155));
#962 = CARTESIAN_POINT('',(-1.052686072767,4.410772151193));
#963 = CARTESIAN_POINT('',(-1.031790001089,4.347708081274));
#964 = CARTESIAN_POINT('',(-1.00954304362,4.286179058494));
#965 = CARTESIAN_POINT('',(-0.986211503621,4.226163674102));
#966 = CARTESIAN_POINT('',(-0.961966715387,4.167588609197));
#967 = CARTESIAN_POINT('',(-0.936886040399,4.11031545074));
#968 = CARTESIAN_POINT('',(-0.910962890701,4.054154760575));
#969 = CARTESIAN_POINT('',(-0.832907827304,3.893503154761));
#970 = CARTESIAN_POINT('',(-0.778878819616,3.792517037373));
#971 = CARTESIAN_POINT('',(-0.722128815714,3.695496995594));
#972 = CARTESIAN_POINT('',(-0.662463881851,3.602618024526));
#973 = CARTESIAN_POINT('',(-0.599651939923,3.514545295107));
#974 = CARTESIAN_POINT('',(-0.533421857445,3.43249878984));
#975 = CARTESIAN_POINT('',(-0.463474915165,3.358244017289));
#976 = CARTESIAN_POINT('',(-0.372640518787,3.279637879685));
#977 = CARTESIAN_POINT('',(-0.355606510751,3.265606207753));
#978 = CARTESIAN_POINT('',(-0.33836640425,3.252137230468));
#979 = CARTESIAN_POINT('',(-0.320923778797,3.239265881602));
#980 = CARTESIAN_POINT('',(-0.303281907015,3.227026810778));
#981 = CARTESIAN_POINT('',(-0.285443754634,3.215454383469));
#982 = CARTESIAN_POINT('',(-0.267411980496,3.204582680999));
#983 = CARTESIAN_POINT('',(-0.219379307673,3.177862892925));
#984 = CARTESIAN_POINT('',(-0.189007145739,3.163217714328));
#985 = CARTESIAN_POINT('',(-0.158168997169,3.150719208458));
#986 = CARTESIAN_POINT('',(-0.12695482643,3.140537141996));
#987 = CARTESIAN_POINT('',(-9.54496795596E-02,3.132802038383));
#988 = CARTESIAN_POINT('',(-6.373534768451E-02,3.12760541161));
#989 = CARTESIAN_POINT('',(-3.18920305418E-02,3.125));
#990 = CARTESIAN_POINT('',(0.,3.125));
#991 = ( GEOMETRIC_REPRESENTATION_CONTEXT(2) 
PARAMETRIC_REPRESENTATION_CONTEXT() REPRESENTATION_CONTEXT('2D SPACE',''
  ) );
#992 = PCURVE('',#993,#998);
#993 = CYLINDRICAL_SURFACE('',#994,1.875);
#994 = AXIS2_PLACEMENT_3D('',#995,#996,#997);
#995 = CARTESIAN_POINT('',(-1.110223024625E-15,-10.,0.));
#996 = DIRECTION('',(0.,0.,-1.));
#997 = DIRECTION('',(-1.110223024625E-16,-1.,-0.));
#998 = DEFINITIONAL_REPRESENTATION('',(#999),#1093);
#999 = B_SPLINE_CURVE_WITH_KNOTS('',8,(#1000,#1001,#1002,#1003,#1004,
    #1005,#1006,#1007,#1008,#1009,#1010,#1011,#1012,#1013,#1014,#1015,
    #1016,#1017,#1018,#1019,#1020,#1021,#1022,#1023,#1024,#1025,#1026,
    #1027,#1028,#1029,#1030,#1031,#1032,#1033,#1034,#1035,#1036,#1037,
    #1038,#1039,#1040,#1041,#1042,#1043,#1044,#1045,#1046,#1047,#1048,
    #1049,#1050,#1051,#1052,#1053,#1054,#1055,#1056,#1057,#1058,#1059,
    #1060,#1061,#1062,#1063,#1064,#1065,#1066,#1067,#1068,#1069,#1070,
    #1071,#1072,#1073,#1074,#1075,#1076,#1077,#1078,#1079,#1080,#1081,
    #1082,#1083,#1084,#1085,#1086,#1087,#1088,#1089,#1090,#1091,#1092),
  .UNSPECIFIED.,.F.,.F.,(9,7,7,7,7,7,7,7,7,7,7,7,7,9),(0.,
    7.121335596117E-02,0.116612843753,0.307106251654,0.408848197611,
    0.439010842883,0.501649566657,0.539737595914,0.564720774526,
    0.594628125504,0.69468698743,0.885606160022,0.929005867979,1.),
  .UNSPECIFIED.);
#1000 = CARTESIAN_POINT('',(0.,-2.95));
#1001 = CARTESIAN_POINT('',(3.472928371082E-02,-2.95));
#1002 = CARTESIAN_POINT('',(6.940471200908E-02,-2.952363908755));
#1003 = CARTESIAN_POINT('',(0.103950223702,-2.957078907559));
#1004 = CARTESIAN_POINT('',(0.138289835879,-2.964094170677));
#1005 = CARTESIAN_POINT('',(0.172345528144,-2.973321244268));
#1006 = CARTESIAN_POINT('',(0.206035126849,-2.984634425304));
#1007 = CARTESIAN_POINT('',(0.239270189332,-2.997871140502));
#1008 = CARTESIAN_POINT('',(0.292790192875,-3.022370285004));
#1009 = CARTESIAN_POINT('',(0.313423280774,-3.032618698188));
#1010 = CARTESIAN_POINT('',(0.333852453747,-3.043539967579));
#1011 = CARTESIAN_POINT('',(0.354076560678,-3.055096083565));
#1012 = CARTESIAN_POINT('',(0.374093997432,-3.067248624134));
#1013 = CARTESIAN_POINT('',(0.393902706854,-3.079958754871));
#1014 = CARTESIAN_POINT('',(0.413500178771,-3.093187228963));
#1015 = CARTESIAN_POINT('',(0.514214442267,-3.164408764812));
#1016 = CARTESIAN_POINT('',(0.591793167601,-3.230364467984));
#1017 = CARTESIAN_POINT('',(0.666123177785,-3.302356447005));
#1018 = CARTESIAN_POINT('',(0.73767390596,-3.378489630219));
#1019 = CARTESIAN_POINT('',(0.806915384382,-3.457304039521));
#1020 = CARTESIAN_POINT('',(0.874378956684,-3.537654847358));
#1021 = CARTESIAN_POINT('',(0.940661470934,-3.618650396124));
#1022 = CARTESIAN_POINT('',(1.041726582827,-3.742072124864));
#1023 = CARTESIAN_POINT('',(1.07660379902,-3.784649929852));
#1024 = CARTESIAN_POINT('',(1.111393753613,-3.826781303249));
#1025 = CARTESIAN_POINT('',(1.146279630168,-3.8683348965));
#1026 = CARTESIAN_POINT('',(1.18139527846,-3.909045938927));
#1027 = CARTESIAN_POINT('',(1.216830187907,-3.948471869038));
#1028 = CARTESIAN_POINT('',(1.252646018283,-3.985975862449));
#1029 = CARTESIAN_POINT('',(1.299648153053,-4.031063852396));
#1030 = CARTESIAN_POINT('',(1.310447846117,-4.041147160384));
#1031 = CARTESIAN_POINT('',(1.321302166288,-4.050982778767));
#1032 = CARTESIAN_POINT('',(1.332214148894,-4.060548364273));
#1033 = CARTESIAN_POINT('',(1.343186944412,-4.069819949634));
#1034 = CARTESIAN_POINT('',(1.354223818467,-4.078771943584));
#1035 = CARTESIAN_POINT('',(1.365328151835,-4.087377130861));
#1036 = CARTESIAN_POINT('',(1.399711146846,-4.11269694935));
#1037 = CARTESIAN_POINT('',(1.423417750045,-4.128309203498));
#1038 = CARTESIAN_POINT('',(1.44747382165,-4.14199951274));
#1039 = CARTESIAN_POINT('',(1.471781962089,-4.153395515189));
#1040 = CARTESIAN_POINT('',(1.496285282464,-4.162199491087));
#1041 = CARTESIAN_POINT('',(1.520957069027,-4.168189814884));
#1042 = CARTESIAN_POINT('',(1.545791630296,-4.171220777287));
#1043 = CARTESIAN_POINT('',(1.586000653358,-4.171220777287));
#1044 = CARTESIAN_POINT('',(1.601183518083,-4.170100398501));
#1045 = CARTESIAN_POINT('',(1.616335508549,-4.167864136067));
#1046 = CARTESIAN_POINT('',(1.631443790812,-4.16453291768));
#1047 = CARTESIAN_POINT('',(1.646491883191,-4.160143869972));
#1048 = CARTESIAN_POINT('',(1.661459430052,-4.154750084893));
#1049 = CARTESIAN_POINT('',(1.676321975591,-4.148420386094));
#1050 = CARTESIAN_POINT('',(1.700711812231,-4.136528652842));
#1051 = CARTESIAN_POINT('',(1.710322533119,-4.131448135521));
#1052 = CARTESIAN_POINT('',(1.719884152334,-4.126015536534));
#1053 = CARTESIAN_POINT('',(1.729397347288,-4.120249180593));
#1054 = CARTESIAN_POINT('',(1.738862220749,-4.114167723922));
#1055 = CARTESIAN_POINT('',(1.748278300843,-4.107790154264));
#1056 = CARTESIAN_POINT('',(1.757644541054,-4.101135790877));
#1057 = CARTESIAN_POINT('',(1.77811003784,-4.085950523657));
#1058 = CARTESIAN_POINT('',(1.789190327276,-4.077305735168));
#1059 = CARTESIAN_POINT('',(1.800203663333,-4.068318495874));
#1060 = CARTESIAN_POINT('',(1.811153423693,-4.059015743342));
#1061 = CARTESIAN_POINT('',(1.822042888914,-4.049422775906));
#1062 = CARTESIAN_POINT('',(1.832875242436,-4.039563252667));
#1063 = CARTESIAN_POINT('',(1.843653570575,-4.02945919349));
#1064 = CARTESIAN_POINT('',(1.890270387653,-3.984576618523));
#1065 = CARTESIAN_POINT('',(1.92573287344,-3.947374452394));
#1066 = CARTESIAN_POINT('',(1.960824127074,-3.908301043276));
#1067 = CARTESIAN_POINT('',(1.995604677445,-3.867971194676));
#1068 = CARTESIAN_POINT('',(2.030161969707,-3.826813333271));
#1069 = CARTESIAN_POINT('',(2.064625934388,-3.785085439683));
#1070 = CARTESIAN_POINT('',(2.09917368478,-3.742917206331));
#1071 = CARTESIAN_POINT('',(2.200506532031,-3.619169856712));
#1072 = CARTESIAN_POINT('',(2.267394793947,-3.537408846343));
#1073 = CARTESIAN_POINT('',(2.335486891256,-3.456303699344));
#1074 = CARTESIAN_POINT('',(2.405395864231,-3.376766620681));
#1075 = CARTESIAN_POINT('',(2.477667149451,-3.29997728848));
#1076 = CARTESIAN_POINT('',(2.552782146775,-3.227443552739));
#1077 = CARTESIAN_POINT('',(2.631222330995,-3.161126889579));
#1078 = CARTESIAN_POINT('',(2.73221035604,-3.090424040824));
#1079 = CARTESIAN_POINT('',(2.751113609243,-3.077778725284));
#1080 = CARTESIAN_POINT('',(2.770212730224,-3.065618936924));
#1081 = CARTESIAN_POINT('',(2.789505370035,-3.053979802734));
#1082 = CARTESIAN_POINT('',(2.808989574118,-3.042896063639));
#1083 = CARTESIAN_POINT('',(2.82866378231,-3.032402074501));
#1084 = CARTESIAN_POINT('',(2.848526828838,-3.022531804115));
#1085 = CARTESIAN_POINT('',(2.90137796483,-2.998248071809));
#1086 = CARTESIAN_POINT('',(2.934737001121,-2.984910478609));
#1087 = CARTESIAN_POINT('',(2.968556542679,-2.973508619303));
#1088 = CARTESIAN_POINT('',(3.002746647725,-2.964207869331));
#1089 = CARTESIAN_POINT('',(3.037223779621,-2.957136025116));
#1090 = CARTESIAN_POINT('',(3.071908645273,-2.952382913305));
#1091 = CARTESIAN_POINT('',(3.106724033531,-2.95));
#1092 = CARTESIAN_POINT('',(3.14159265359,-2.95));
#1093 = ( GEOMETRIC_REPRESENTATION_CONTEXT(2) 
PARAMETRIC_REPRESENTATION_CONTEXT() REPRESENTATION_CONTEXT('2D SPACE',''
  ) );
#1094 = ORIENTED_EDGE('',*,*,#1095,.F.);
#1095 = EDGE_CURVE('',#1096,#798,#1098,.T.);
#1096 = VERTEX_POINT('',#1097);
#1097 = CARTESIAN_POINT('',(-3.305620808185E-16,-7.5,2.95));
#1098 = SEAM_CURVE('',#1099,(#1103,#1110),.PCURVE_S1.);
#1099 = LINE('',#1100,#1101);
#1100 = CARTESIAN_POINT('',(-5.300632466216E-17,-5.,2.95));
#1101 = VECTOR('',#1102,1.);
#1102 = DIRECTION('',(-1.110223024625E-16,-1.,1.110223024625E-16));
#1103 = PCURVE('',#158,#1104);
#1104 = DEFINITIONAL_REPRESENTATION('',(#1105),#1109);
#1105 = LINE('',#1106,#1107);
#1106 = CARTESIAN_POINT('',(-6.28318530718,-0.));
#1107 = VECTOR('',#1108,1.);
#1108 = DIRECTION('',(-0.,1.));
#1109 = ( GEOMETRIC_REPRESENTATION_CONTEXT(2) 
PARAMETRIC_REPRESENTATION_CONTEXT() REPRESENTATION_CONTEXT('2D SPACE',''
  ) );
#1110 = PCURVE('',#158,#1111);
#1111 = DEFINITIONAL_REPRESENTATION('',(#1112),#1116);
#1112 = LINE('',#1113,#1114);
#1113 = CARTESIAN_POINT('',(-0.,-0.));
#1114 = VECTOR('',#1115,1.);
#1115 = DIRECTION('',(-0.,1.));
#1116 = ( GEOMETRIC_REPRESENTATION_CONTEXT(2) 
PARAMETRIC_REPRESENTATION_CONTEXT() REPRESENTATION_CONTEXT('2D SPACE',''
  ) );
#1117 = ORIENTED_EDGE('',*,*,#1118,.T.);
#1118 = EDGE_CURVE('',#1096,#1096,#1119,.T.);
#1119 = SURFACE_CURVE('',#1120,(#1125,#1132),.PCURVE_S1.);
#1120 = CIRCLE('',#1121,2.05);
#1121 = AXIS2_PLACEMENT_3D('',#1122,#1123,#1124);
#1122 = CARTESIAN_POINT('',(-8.326672684689E-16,-7.5,5.));
#1123 = DIRECTION('',(1.110223024625E-16,1.,-1.110223024625E-16));
#1124 = DIRECTION('',(-1.232595164408E-32,-1.110223024625E-16,-1.));
#1125 = PCURVE('',#158,#1126);
#1126 = DEFINITIONAL_REPRESENTATION('',(#1127),#1131);
#1127 = LINE('',#1128,#1129);
#1128 = CARTESIAN_POINT('',(-0.,2.5));
#1129 = VECTOR('',#1130,1.);
#1130 = DIRECTION('',(-1.,0.));
#1131 = ( GEOMETRIC_REPRESENTATION_CONTEXT(2) 
PARAMETRIC_REPRESENTATION_CONTEXT() REPRESENTATION_CONTEXT('2D SPACE',''
  ) );
#1132 = PCURVE('',#236,#1133);
#1133 = DEFINITIONAL_REPRESENTATION('',(#1134),#1142);
#1134 = ( BOUNDED_CURVE() B_SPLINE_CURVE(2,(#1135,#1136,#1137,#1138,
#1139,#1140,#1141),.UNSPECIFIED.,.T.,.F.) B_SPLINE_CURVE_WITH_KNOTS((1,2
    ,2,2,2,1),(-2.094395102393,0.,2.094395102393,4.188790204786,
6.28318530718,8.377580409573),.UNSPECIFIED.) CURVE() 
GEOMETRIC_REPRESENTATION_ITEM() RATIONAL_B_SPLINE_CURVE((1.,0.5,1.,0.5,
1.,0.5,1.)) REPRESENTATION_ITEM('') );
#1135 = CARTESIAN_POINT('',(-2.95,-5.));
#1136 = CARTESIAN_POINT('',(-2.95,-8.550704155516));
#1137 = CARTESIAN_POINT('',(-6.025,-6.775352077758));
#1138 = CARTESIAN_POINT('',(-9.1,-5.));
#1139 = CARTESIAN_POINT('',(-6.025,-3.224647922242));
#1140 = CARTESIAN_POINT('',(-2.95,-1.449295844484));
#1141 = CARTESIAN_POINT('',(-2.95,-5.));
#1142 = ( GEOMETRIC_REPRESENTATION_CONTEXT(2) 
PARAMETRIC_REPRESENTATION_CONTEXT() REPRESENTATION_CONTEXT('2D SPACE',''
  ) );
#1143 = ORIENTED_EDGE('',*,*,#1095,.T.);
#1144 = ORIENTED_EDGE('',*,*,#1145,.T.);
#1145 = EDGE_CURVE('',#798,#773,#1146,.T.);
#1146 = SURFACE_CURVE('',#1147,(#1241,#1338),.PCURVE_S1.);
#1147 = B_SPLINE_CURVE_WITH_KNOTS('',8,(#1148,#1149,#1150,#1151,#1152,
    #1153,#1154,#1155,#1156,#1157,#1158,#1159,#1160,#1161,#1162,#1163,
    #1164,#1165,#1166,#1167,#1168,#1169,#1170,#1171,#1172,#1173,#1174,
    #1175,#1176,#1177,#1178,#1179,#1180,#1181,#1182,#1183,#1184,#1185,
    #1186,#1187,#1188,#1189,#1190,#1191,#1192,#1193,#1194,#1195,#1196,
    #1197,#1198,#1199,#1200,#1201,#1202,#1203,#1204,#1205,#1206,#1207,
    #1208,#1209,#1210,#1211,#1212,#1213,#1214,#1215,#1216,#1217,#1218,
    #1219,#1220,#1221,#1222,#1223,#1224,#1225,#1226,#1227,#1228,#1229,
    #1230,#1231,#1232,#1233,#1234,#1235,#1236,#1237,#1238,#1239,#1240),
  .UNSPECIFIED.,.F.,.F.,(9,7,7,7,7,7,7,7,7,7,7,7,7,9),(0.,
    7.121329596881E-02,0.116612766025,0.307106176624,0.408848124021,
    0.439010769721,0.501649494383,0.539737524178,0.564720703191,
    0.594628056996,0.694686935837,0.885606140705,0.929005855998,1.),
  .UNSPECIFIED.);
#1148 = CARTESIAN_POINT('',(-9.020562075079E-16,-8.125,2.95));
#1149 = CARTESIAN_POINT('',(6.511740696782E-02,-8.125,2.95));
#1150 = CARTESIAN_POINT('',(0.130133843484,-8.127584631895,
    2.952363908755));
#1151 = CARTESIAN_POINT('',(0.19478698646,-8.132739591911,2.957078907559
    ));
#1152 = CARTESIAN_POINT('',(0.25881627884,-8.140412782581,2.964094170676
    ));
#1153 = CARTESIAN_POINT('',(0.321964816886,-8.150514081966,
    2.973321244266));
#1154 = CARTESIAN_POINT('',(0.383981237464,-8.162915112868,
    2.984634425304));
#1155 = CARTESIAN_POINT('',(0.444621605324,-8.177449012052,
    2.997871140504));
#1156 = CARTESIAN_POINT('',(0.541283554835,-8.204404436171,
    3.022370289311));
#1157 = CARTESIAN_POINT('',(0.57829884459,-8.215692425009,3.032618699325
    ));
#1158 = CARTESIAN_POINT('',(0.614679591722,-8.227736335957,
    3.043539964493));
#1159 = CARTESIAN_POINT('',(0.650409558768,-8.240498045118,
    3.055096078986));
#1160 = CARTESIAN_POINT('',(0.685473848735,-8.253939134718,
    3.067248621935));
#1161 = CARTESIAN_POINT('',(0.719858905101,-8.268020893106,
    3.079958757427));
#1162 = CARTESIAN_POINT('',(0.753552511814,-8.282704314753,
    3.093187234512));
#1163 = CARTESIAN_POINT('',(0.924973200543,-8.361920487429,
    3.164408764812));
#1164 = CARTESIAN_POINT('',(1.051069882006,-8.435806612177,
    3.230364467984));
#1165 = CARTESIAN_POINT('',(1.165256905269,-8.517281338033,
    3.302356447005));
#1166 = CARTESIAN_POINT('',(1.268250128627,-8.604642987477,
    3.378489630219));
#1167 = CARTESIAN_POINT('',(1.360873298029,-8.696715781795,3.45730403952
    ));
#1168 = CARTESIAN_POINT('',(1.443970135335,-8.792857459493,
    3.537654847358));
#1169 = CARTESIAN_POINT('',(1.518291677424,-8.892898628291,
    3.618650396124));
#1170 = CARTESIAN_POINT('',(1.619632252083,-9.053021184713,
    3.742072124864));
#1171 = CARTESIAN_POINT('',(1.652362813884,-9.109697711219,
    3.784649929852));
#1172 = CARTESIAN_POINT('',(1.682766438148,-9.167505886393,
    3.826781303249));
#1173 = CARTESIAN_POINT('',(1.710960032104,-9.226642182474,3.8683348965)
  );
#1174 = CARTESIAN_POINT('',(1.736956859984,-9.28724966557,3.909045938927
    ));
#1175 = CARTESIAN_POINT('',(1.760697399105,-9.349403223853,
    3.948471869038));
#1176 = CARTESIAN_POINT('',(1.782083642351,-9.413123777858,3.98597586245
    ));
#1177 = CARTESIAN_POINT('',(1.806599144951,-9.497774302061,
    4.031063852396));
#1178 = CARTESIAN_POINT('',(1.811994275182,-9.517293318036,
    4.041147160384));
#1179 = CARTESIAN_POINT('',(1.817175169198,-9.536977346507,
    4.050982778767));
#1180 = CARTESIAN_POINT('',(1.822138050526,-9.556829565916,
    4.060548364274));
#1181 = CARTESIAN_POINT('',(1.826878768523,-9.576853286885,
    4.069819949634));
#1182 = CARTESIAN_POINT('',(1.831392798377,-9.597051952212,
    4.078771943584));
#1183 = CARTESIAN_POINT('',(1.835675241107,-9.617429136875,
    4.087377130861));
#1184 = CARTESIAN_POINT('',(1.848122279054,-9.680684248772,4.11269694935
    ));
#1185 = CARTESIAN_POINT('',(1.855571971535,-9.724520646427,
    4.128309203498));
#1186 = CARTESIAN_POINT('',(1.861923445111,-9.76920441597,4.14199951274)
  );
#1187 = CARTESIAN_POINT('',(1.867088201993,-9.814524174239,
    4.153395515189));
#1188 = CARTESIAN_POINT('',(1.871012573064,-9.860336532146,
    4.162199491087));
#1189 = CARTESIAN_POINT('',(1.873660181577,-9.90655134973,4.168189814884
    ));
#1190 = CARTESIAN_POINT('',(1.875,-9.953116194065,4.171220777287));
#1191 = CARTESIAN_POINT('',(1.875,-10.0285081123,4.171220777287));
#1192 = CARTESIAN_POINT('',(1.874504628342,-10.05697595721,
    4.170100398501));
#1193 = CARTESIAN_POINT('',(1.873516347662,-10.08537592909,
    4.167864136067));
#1194 = CARTESIAN_POINT('',(1.872039542449,-10.11367397457,4.16453291768
    ));
#1195 = CARTESIAN_POINT('',(1.870081536829,-10.14182948213,
    4.160143869972));
#1196 = CARTESIAN_POINT('',(1.867653612349,-10.1697951717,4.154750084893
    ));
#1197 = CARTESIAN_POINT('',(1.864772025766,-10.19751698423,
    4.148420386094));
#1198 = CARTESIAN_POINT('',(1.859285922948,-10.24291766584,
    4.136528652834));
#1199 = CARTESIAN_POINT('',(1.856925681418,-10.2607836484,4.131448135519
    ));
#1200 = CARTESIAN_POINT('',(1.854381754128,-10.27853210517,
    4.126015536542));
#1201 = CARTESIAN_POINT('',(1.851657778101,-10.29616226912,
    4.120249180603));
#1202 = CARTESIAN_POINT('',(1.848757575492,-10.31367241994,
    4.114167723926));
#1203 = CARTESIAN_POINT('',(1.845685153592,-10.33105988409,
    4.107790154258));
#1204 = CARTESIAN_POINT('',(1.842444704825,-10.34832103475,
    4.101135790865));
#1205 = CARTESIAN_POINT('',(1.83496556228,-10.38595791592,4.085950523023
    ));
#1206 = CARTESIAN_POINT('',(1.830654956036,-10.40628306594,
    4.077305734979));
#1207 = CARTESIAN_POINT('',(1.826114007558,-10.42643043826,
    4.068318496292));
#1208 = CARTESIAN_POINT('',(1.821347553114,-10.44640362564,
    4.059015743986));
#1209 = CARTESIAN_POINT('',(1.8163600457,-10.46620611727,4.049422776227)
  );
#1210 = CARTESIAN_POINT('',(1.811155555043,-10.4858412988,4.039563252323
    ));
#1211 = CARTESIAN_POINT('',(1.805737767596,-10.50531245228,
    4.029459192721));
#1212 = CARTESIAN_POINT('',(1.781281524955,-10.5892278488,3.984576618524
    ));
#1213 = CARTESIAN_POINT('',(1.760027217292,-10.65229191872,
    3.947374452394));
#1214 = CARTESIAN_POINT('',(1.736465095125,-10.7138209415,3.908301043276
    ));
#1215 = CARTESIAN_POINT('',(1.710689387049,-10.77383632589,
    3.867971194676));
#1216 = CARTESIAN_POINT('',(1.682756793755,-10.8324113908,3.826813333271
    ));
#1217 = CARTESIAN_POINT('',(1.652654022704,-10.88968454925,
    3.785085439684));
#1218 = CARTESIAN_POINT('',(1.620268639593,-10.94584523942,3.74291720633
    ));
#1219 = CARTESIAN_POINT('',(1.518825477099,-11.10649684523,
    3.619169856712));
#1220 = CARTESIAN_POINT('',(1.44385503974,-11.20748296262,3.537408846342
    ));
#1221 = CARTESIAN_POINT('',(1.359948204866,-11.3045030044,3.456303699345
    ));
#1222 = CARTESIAN_POINT('',(1.266330814587,-11.39738197547,3.37676662068
    ));
#1223 = CARTESIAN_POINT('',(1.162133685658,-11.48545470489,
    3.299977288481));
#1224 = CARTESIAN_POINT('',(1.04651059119,-11.56750121016,3.227443552738
    ));
#1225 = CARTESIAN_POINT('',(0.918730116002,-11.64175598271,
    3.161126889579));
#1226 = CARTESIAN_POINT('',(0.746464442777,-11.72036212031,
    3.090424040824));
#1227 = CARTESIAN_POINT('',(0.713907993754,-11.73439379224,
    3.077778725284));
#1228 = CARTESIAN_POINT('',(0.68071164775,-11.74786276953,3.065618936924
    ));
#1229 = CARTESIAN_POINT('',(0.646886685126,-11.76073411839,
    3.053979802734));
#1230 = CARTESIAN_POINT('',(0.612445548606,-11.77297318922,
    3.042896063639));
#1231 = CARTESIAN_POINT('',(0.577401843287,-11.78454561653,
    3.032402074501));
#1232 = CARTESIAN_POINT('',(0.541770336628,-11.795417319,3.022531804115)
  );
#1233 = CARTESIAN_POINT('',(0.446344730254,-11.82213710707,
    2.998248071814));
#1234 = CARTESIAN_POINT('',(0.385491572986,-11.83678228567,
    2.984910478609));
#1235 = CARTESIAN_POINT('',(0.32324531155,-11.84928079154,2.9735086193)
  );
#1236 = CARTESIAN_POINT('',(0.259853306046,-11.859462858,2.964207869329)
  );
#1237 = CARTESIAN_POINT('',(0.195570509324,-11.86719796161,
    2.957136025116));
#1238 = CARTESIAN_POINT('',(0.130657524525,-11.87239458838,
    2.952382913306));
#1239 = CARTESIAN_POINT('',(6.537866262893E-02,-11.875,2.95));
#1240 = CARTESIAN_POINT('',(-8.743006318923E-16,-11.875,2.95));
#1241 = PCURVE('',#158,#1242);
#1242 = DEFINITIONAL_REPRESENTATION('',(#1243),#1337);
#1243 = B_SPLINE_CURVE_WITH_KNOTS('',8,(#1244,#1245,#1246,#1247,#1248,
    #1249,#1250,#1251,#1252,#1253,#1254,#1255,#1256,#1257,#1258,#1259,
    #1260,#1261,#1262,#1263,#1264,#1265,#1266,#1267,#1268,#1269,#1270,
    #1271,#1272,#1273,#1274,#1275,#1276,#1277,#1278,#1279,#1280,#1281,
    #1282,#1283,#1284,#1285,#1286,#1287,#1288,#1289,#1290,#1291,#1292,
    #1293,#1294,#1295,#1296,#1297,#1298,#1299,#1300,#1301,#1302,#1303,
    #1304,#1305,#1306,#1307,#1308,#1309,#1310,#1311,#1312,#1313,#1314,
    #1315,#1316,#1317,#1318,#1319,#1320,#1321,#1322,#1323,#1324,#1325,
    #1326,#1327,#1328,#1329,#1330,#1331,#1332,#1333,#1334,#1335,#1336),
  .UNSPECIFIED.,.F.,.F.,(9,7,7,7,7,7,7,7,7,7,7,7,7,9),(0.,
    7.121329596881E-02,0.116612766025,0.307106176624,0.408848124021,
    0.439010769721,0.501649494383,0.539737524178,0.564720703191,
    0.594628056996,0.694686935837,0.885606140705,0.929005855998,1.),
  .UNSPECIFIED.);
#1244 = CARTESIAN_POINT('',(-6.28318530718,3.125));
#1245 = CARTESIAN_POINT('',(-6.251420718415,3.125));
#1246 = CARTESIAN_POINT('',(-6.219705413136,3.127584631895));
#1247 = CARTESIAN_POINT('',(-6.188118424661,3.132739591911));
#1248 = CARTESIAN_POINT('',(-6.156738712229,3.140412782581));
#1249 = CARTESIAN_POINT('',(-6.12564679114,3.150514081966));
#1250 = CARTESIAN_POINT('',(-6.0949263629,3.162915112868));
#1251 = CARTESIAN_POINT('',(-6.064665945365,3.177449012052));
#1252 = CARTESIAN_POINT('',(-6.01602286872,3.204404436171));
#1253 = CARTESIAN_POINT('',(-5.997291821719,3.215692425009));
#1254 = CARTESIAN_POINT('',(-5.978769835842,3.227736335957));
#1255 = CARTESIAN_POINT('',(-5.960459742256,3.240498045118));
#1256 = CARTESIAN_POINT('',(-5.942364729334,3.253939134718));
#1257 = CARTESIAN_POINT('',(-5.924488342652,3.268020893106));
#1258 = CARTESIAN_POINT('',(-5.906834484992,3.282704314753));
#1259 = CARTESIAN_POINT('',(-5.816284497939,3.361920487429));
#1260 = CARTESIAN_POINT('',(-5.747137260819,3.435806612177));
#1261 = CARTESIAN_POINT('',(-5.681629247897,3.517281338033));
#1262 = CARTESIAN_POINT('',(-5.619469812566,3.604642987477));
#1263 = CARTESIAN_POINT('',(-5.560395384859,3.696715781796));
#1264 = CARTESIAN_POINT('',(-5.504180470199,3.792857459493));
#1265 = CARTESIAN_POINT('',(-5.450638540753,3.892898628291));
#1266 = CARTESIAN_POINT('',(-5.372738018154,4.053021184713));
#1267 = CARTESIAN_POINT('',(-5.346554272807,4.109697711219));
#1268 = CARTESIAN_POINT('',(-5.321228657153,4.167505886393));
#1269 = CARTESIAN_POINT('',(-5.296753208676,4.226642182474));
#1270 = CARTESIAN_POINT('',(-5.273207356856,4.28724966557));
#1271 = CARTESIAN_POINT('',(-5.25076844774,4.349403223852));
#1272 = CARTESIAN_POINT('',(-5.229712671026,4.413123777858));
#1273 = CARTESIAN_POINT('',(-5.204677601251,4.497774302061));
#1274 = CARTESIAN_POINT('',(-5.199099224658,4.517293318036));
#1275 = CARTESIAN_POINT('',(-5.193676629174,4.536977346507));
#1276 = CARTESIAN_POINT('',(-5.188420046666,4.556829565916));
#1277 = CARTESIAN_POINT('',(-5.183340556821,4.576853286885));
#1278 = CARTESIAN_POINT('',(-5.178450087145,4.597051952212));
#1279 = CARTESIAN_POINT('',(-5.173761412969,4.617429136875));
#1280 = CARTESIAN_POINT('',(-5.159998553863,4.680684248772));
#1281 = CARTESIAN_POINT('',(-5.151560834086,4.724520646427));
#1282 = CARTESIAN_POINT('',(-5.14419949439,4.76920441597));
#1283 = CARTESIAN_POINT('',(-5.138096532326,4.814524174239));
#1284 = CARTESIAN_POINT('',(-5.133394629247,4.860336532146));
#1285 = CARTESIAN_POINT('',(-5.130199764367,4.90655134973));
#1286 = CARTESIAN_POINT('',(-5.128583260336,4.953116194065));
#1287 = CARTESIAN_POINT('',(-5.128583260336,5.028508112307));
#1288 = CARTESIAN_POINT('',(-5.129180822179,5.056975957217));
#1289 = CARTESIAN_POINT('',(-5.130373463595,5.085375929095));
#1290 = CARTESIAN_POINT('',(-5.132150972752,5.113673974572));
#1291 = CARTESIAN_POINT('',(-5.134495340038,5.141829482136));
#1292 = CARTESIAN_POINT('',(-5.137380689834,5.169795171708));
#1293 = CARTESIAN_POINT('',(-5.14077321229,5.197516984235));
#1294 = CARTESIAN_POINT('',(-5.147161606065,5.242917665846));
#1295 = CARTESIAN_POINT('',(-5.149894281288,5.260783648408));
#1296 = CARTESIAN_POINT('',(-5.152820465161,5.278532105179));
#1297 = CARTESIAN_POINT('',(-5.15593133979,5.296162269122));
#1298 = CARTESIAN_POINT('',(-5.159217924996,5.313672419945));
#1299 = CARTESIAN_POINT('',(-5.162671078313,5.331059884093));
#1300 = CARTESIAN_POINT('',(-5.166281494992,5.348321034755));
#1301 = CARTESIAN_POINT('',(-5.174538663315,5.385957915923));
#1302 = CARTESIAN_POINT('',(-5.179250752959,5.406283065947));
#1303 = CARTESIAN_POINT('',(-5.184162486079,5.426430438264));
#1304 = CARTESIAN_POINT('',(-5.189261227772,5.446403625641));
#1305 = CARTESIAN_POINT('',(-5.194535199082,5.466206117277));
#1306 = CARTESIAN_POINT('',(-5.199973477005,5.485841298803));
#1307 = CARTESIAN_POINT('',(-5.205565994481,5.505312452285));
#1308 = CARTESIAN_POINT('',(-5.230499234412,5.589227848806));
#1309 = CARTESIAN_POINT('',(-5.251395306091,5.652291918727));
#1310 = CARTESIAN_POINT('',(-5.273642263559,5.713820941506));
#1311 = CARTESIAN_POINT('',(-5.296973803559,5.773836325898));
#1312 = CARTESIAN_POINT('',(-5.321218591792,5.832411390803));
#1313 = CARTESIAN_POINT('',(-5.346299266781,5.889684549259));
#1314 = CARTESIAN_POINT('',(-5.372222416479,5.945845239426));
#1315 = CARTESIAN_POINT('',(-5.450277479876,6.106496845239));
#1316 = CARTESIAN_POINT('',(-5.504306487564,6.207482962628));
#1317 = CARTESIAN_POINT('',(-5.561056491465,6.304503004405));
#1318 = CARTESIAN_POINT('',(-5.620721425329,6.397381975475));
#1319 = CARTESIAN_POINT('',(-5.683533367255,6.485454704892));
#1320 = CARTESIAN_POINT('',(-5.749763449736,6.567501210161));
#1321 = CARTESIAN_POINT('',(-5.819710392014,6.64175598271));
#1322 = CARTESIAN_POINT('',(-5.910544788393,6.720362120315));
#1323 = CARTESIAN_POINT('',(-5.927578796429,6.734393792247));
#1324 = CARTESIAN_POINT('',(-5.94481890293,6.747862769532));
#1325 = CARTESIAN_POINT('',(-5.962261528382,6.760734118398));
#1326 = CARTESIAN_POINT('',(-5.979903400165,6.772973189222));
#1327 = CARTESIAN_POINT('',(-5.997741552546,6.784545616531));
#1328 = CARTESIAN_POINT('',(-6.015773326684,6.795417319001));
#1329 = CARTESIAN_POINT('',(-6.063805999498,6.822137107071));
#1330 = CARTESIAN_POINT('',(-6.094178161437,6.836782285672));
#1331 = CARTESIAN_POINT('',(-6.125016310015,6.849280791545));
#1332 = CARTESIAN_POINT('',(-6.156230480758,6.859462858006));
#1333 = CARTESIAN_POINT('',(-6.187735627625,6.867197961616));
#1334 = CARTESIAN_POINT('',(-6.219449959492,6.872394588389));
#1335 = CARTESIAN_POINT('',(-6.251293276629,6.875));
#1336 = CARTESIAN_POINT('',(-6.28318530718,6.875));
#1337 = ( GEOMETRIC_REPRESENTATION_CONTEXT(2) 
PARAMETRIC_REPRESENTATION_CONTEXT() REPRESENTATION_CONTEXT('2D SPACE',''
  ) );
#1338 = PCURVE('',#993,#1339);
#1339 = DEFINITIONAL_REPRESENTATION('',(#1340),#1434);
#1340 = B_SPLINE_CURVE_WITH_KNOTS('',8,(#1341,#1342,#1343,#1344,#1345,
    #1346,#1347,#1348,#1349,#1350,#1351,#1352,#1353,#1354,#1355,#1356,
    #1357,#1358,#1359,#1360,#1361,#1362,#1363,#1364,#1365,#1366,#1367,
    #1368,#1369,#1370,#1371,#1372,#1373,#1374,#1375,#1376,#1377,#1378,
    #1379,#1380,#1381,#1382,#1383,#1384,#1385,#1386,#1387,#1388,#1389,
    #1390,#1391,#1392,#1393,#1394,#1395,#1396,#1397,#1398,#1399,#1400,
    #1401,#1402,#1403,#1404,#1405,#1406,#1407,#1408,#1409,#1410,#1411,
    #1412,#1413,#1414,#1415,#1416,#1417,#1418,#1419,#1420,#1421,#1422,
    #1423,#1424,#1425,#1426,#1427,#1428,#1429,#1430,#1431,#1432,#1433),
  .UNSPECIFIED.,.F.,.F.,(9,7,7,7,7,7,7,7,7,7,7,7,7,9),(0.,
    7.121329596881E-02,0.116612766025,0.307106176624,0.408848124021,
    0.439010769721,0.501649494383,0.539737524178,0.564720703191,
    0.594628056996,0.694686935837,0.885606140705,0.929005855998,1.),
  .UNSPECIFIED.);
#1341 = CARTESIAN_POINT('',(3.14159265359,-2.95));
#1342 = CARTESIAN_POINT('',(3.176321937306,-2.95));
#1343 = CARTESIAN_POINT('',(3.210997365601,-2.952363908755));
#1344 = CARTESIAN_POINT('',(3.245542877289,-2.957078907559));
#1345 = CARTESIAN_POINT('',(3.279882489464,-2.964094170676));
#1346 = CARTESIAN_POINT('',(3.313938181731,-2.973321244266));
#1347 = CARTESIAN_POINT('',(3.34762778044,-2.984634425304));
#1348 = CARTESIAN_POINT('',(3.380862842927,-2.997871140504));
#1349 = CARTESIAN_POINT('',(3.434382855875,-3.022370289311));
#1350 = CARTESIAN_POINT('',(3.455015938564,-3.032618699325));
#1351 = CARTESIAN_POINT('',(3.475445103415,-3.043539964493));
#1352 = CARTESIAN_POINT('',(3.495669206427,-3.055096078986));
#1353 = CARTESIAN_POINT('',(3.515686645984,-3.067248621935));
#1354 = CARTESIAN_POINT('',(3.535495362858,-3.079958757427));
#1355 = CARTESIAN_POINT('',(3.555092840208,-3.093187234512));
#1356 = CARTESIAN_POINT('',(3.655807095856,-3.164408764812));
#1357 = CARTESIAN_POINT('',(3.733385821191,-3.230364467984));
#1358 = CARTESIAN_POINT('',(3.807715831375,-3.302356447004));
#1359 = CARTESIAN_POINT('',(3.87926655955,-3.378489630219));
#1360 = CARTESIAN_POINT('',(3.948508037971,-3.45730403952));
#1361 = CARTESIAN_POINT('',(4.015971610275,-3.537654847359));
#1362 = CARTESIAN_POINT('',(4.082254124524,-3.618650396124));
#1363 = CARTESIAN_POINT('',(4.183319236417,-3.742072124864));
#1364 = CARTESIAN_POINT('',(4.21819645261,-3.784649929852));
#1365 = CARTESIAN_POINT('',(4.252986407203,-3.826781303249));
#1366 = CARTESIAN_POINT('',(4.287872283758,-3.8683348965));
#1367 = CARTESIAN_POINT('',(4.32298793205,-3.909045938927));
#1368 = CARTESIAN_POINT('',(4.358422841497,-3.948471869038));
#1369 = CARTESIAN_POINT('',(4.394238671873,-3.98597586245));
#1370 = CARTESIAN_POINT('',(4.441240806642,-4.031063852396));
#1371 = CARTESIAN_POINT('',(4.452040499707,-4.041147160384));
#1372 = CARTESIAN_POINT('',(4.462894819878,-4.050982778767));
#1373 = CARTESIAN_POINT('',(4.473806802484,-4.060548364274));
#1374 = CARTESIAN_POINT('',(4.484779598002,-4.069819949634));
#1375 = CARTESIAN_POINT('',(4.495816472057,-4.078771943584));
#1376 = CARTESIAN_POINT('',(4.506920805425,-4.087377130861));
#1377 = CARTESIAN_POINT('',(4.541303800436,-4.11269694935));
#1378 = CARTESIAN_POINT('',(4.565010403635,-4.128309203498));
#1379 = CARTESIAN_POINT('',(4.589066475239,-4.14199951274));
#1380 = CARTESIAN_POINT('',(4.613374615679,-4.153395515189));
#1381 = CARTESIAN_POINT('',(4.637877936054,-4.162199491087));
#1382 = CARTESIAN_POINT('',(4.662549722616,-4.168189814884));
#1383 = CARTESIAN_POINT('',(4.687384283886,-4.171220777287));
#1384 = CARTESIAN_POINT('',(4.727593306948,-4.171220777287));
#1385 = CARTESIAN_POINT('',(4.742776171673,-4.170100398501));
#1386 = CARTESIAN_POINT('',(4.757928162138,-4.167864136067));
#1387 = CARTESIAN_POINT('',(4.773036444402,-4.16453291768));
#1388 = CARTESIAN_POINT('',(4.788084536781,-4.160143869972));
#1389 = CARTESIAN_POINT('',(4.803052083642,-4.154750084893));
#1390 = CARTESIAN_POINT('',(4.817914629181,-4.148420386094));
#1391 = CARTESIAN_POINT('',(4.842304465839,-4.136528652834));
#1392 = CARTESIAN_POINT('',(4.851915186716,-4.131448135519));
#1393 = CARTESIAN_POINT('',(4.861476805915,-4.126015536542));
#1394 = CARTESIAN_POINT('',(4.870990000862,-4.120249180603));
#1395 = CARTESIAN_POINT('',(4.880454874329,-4.114167723926));
#1396 = CARTESIAN_POINT('',(4.889870954439,-4.107790154258));
#1397 = CARTESIAN_POINT('',(4.899237194661,-4.101135790865));
#1398 = CARTESIAN_POINT('',(4.919702692285,-4.085950523023));
#1399 = CARTESIAN_POINT('',(4.930782981212,-4.077305734979));
#1400 = CARTESIAN_POINT('',(4.941796316509,-4.068318496292));
#1401 = CARTESIAN_POINT('',(4.952746076526,-4.059015743986));
#1402 = CARTESIAN_POINT('',(4.963635542051,-4.049422776227));
#1403 = CARTESIAN_POINT('',(4.974467896309,-4.039563252323));
#1404 = CARTESIAN_POINT('',(4.985246224965,-4.029459192721));
#1405 = CARTESIAN_POINT('',(5.031863041242,-3.984576618524));
#1406 = CARTESIAN_POINT('',(5.06732552703,-3.947374452394));
#1407 = CARTESIAN_POINT('',(5.102416780664,-3.908301043276));
#1408 = CARTESIAN_POINT('',(5.137197331035,-3.867971194676));
#1409 = CARTESIAN_POINT('',(5.171754623297,-3.826813333271));
#1410 = CARTESIAN_POINT('',(5.206218587977,-3.785085439684));
#1411 = CARTESIAN_POINT('',(5.24076633837,-3.74291720633));
#1412 = CARTESIAN_POINT('',(5.342099185621,-3.619169856712));
#1413 = CARTESIAN_POINT('',(5.408987447537,-3.537408846342));
#1414 = CARTESIAN_POINT('',(5.477079544848,-3.456303699346));
#1415 = CARTESIAN_POINT('',(5.546988517817,-3.376766620679));
#1416 = CARTESIAN_POINT('',(5.619259803042,-3.299977288482));
#1417 = CARTESIAN_POINT('',(5.694374800365,-3.227443552737));
#1418 = CARTESIAN_POINT('',(5.772814984584,-3.161126889579));
#1419 = CARTESIAN_POINT('',(5.87380300963,-3.090424040824));
#1420 = CARTESIAN_POINT('',(5.892706262833,-3.077778725284));
#1421 = CARTESIAN_POINT('',(5.911805383814,-3.065618936924));
#1422 = CARTESIAN_POINT('',(5.931098023625,-3.053979802734));
#1423 = CARTESIAN_POINT('',(5.950582227708,-3.042896063639));
#1424 = CARTESIAN_POINT('',(5.9702564359,-3.032402074501));
#1425 = CARTESIAN_POINT('',(5.990119482428,-3.022531804115));
#1426 = CARTESIAN_POINT('',(6.04297061841,-2.998248071814));
#1427 = CARTESIAN_POINT('',(6.076329654707,-2.984910478609));
#1428 = CARTESIAN_POINT('',(6.110149196273,-2.9735086193));
#1429 = CARTESIAN_POINT('',(6.144339301323,-2.964207869329));
#1430 = CARTESIAN_POINT('',(6.178816433216,-2.957136025116));
#1431 = CARTESIAN_POINT('',(6.21350129886,-2.952382913306));
#1432 = CARTESIAN_POINT('',(6.248316687111,-2.95));
#1433 = CARTESIAN_POINT('',(6.28318530718,-2.95));
#1434 = ( GEOMETRIC_REPRESENTATION_CONTEXT(2) 
PARAMETRIC_REPRESENTATION_CONTEXT() REPRESENTATION_CONTEXT('2D SPACE',''
  ) );
#1435 = ADVANCED_FACE('',(#1436),#624,.F.);
#1436 = FACE_BOUND('',#1437,.T.);
#1437 = EDGE_LOOP('',(#1438,#1461,#1462,#1485));
#1438 = ORIENTED_EDGE('',*,*,#1439,.F.);
#1439 = EDGE_CURVE('',#602,#1440,#1442,.T.);
#1440 = VERTEX_POINT('',#1441);
#1441 = CARTESIAN_POINT('',(-9.020562075079E-16,-8.125,2.5));
#1442 = SURFACE_CURVE('',#1443,(#1447,#1454),.PCURVE_S1.);
#1443 = LINE('',#1444,#1445);
#1444 = CARTESIAN_POINT('',(-9.020562075079E-16,-8.125,-5.));
#1445 = VECTOR('',#1446,1.);
#1446 = DIRECTION('',(0.,0.,1.));
#1447 = PCURVE('',#624,#1448);
#1448 = DEFINITIONAL_REPRESENTATION('',(#1449),#1453);
#1449 = LINE('',#1450,#1451);
#1450 = CARTESIAN_POINT('',(-6.28318530718,0.));
#1451 = VECTOR('',#1452,1.);
#1452 = DIRECTION('',(-0.,-1.));
#1453 = ( GEOMETRIC_REPRESENTATION_CONTEXT(2) 
PARAMETRIC_REPRESENTATION_CONTEXT() REPRESENTATION_CONTEXT('2D SPACE',''
  ) );
#1454 = PCURVE('',#655,#1455);
#1455 = DEFINITIONAL_REPRESENTATION('',(#1456),#1460);
#1456 = LINE('',#1457,#1458);
#1457 = CARTESIAN_POINT('',(-0.,0.));
#1458 = VECTOR('',#1459,1.);
#1459 = DIRECTION('',(-0.,-1.));
#1460 = ( GEOMETRIC_REPRESENTATION_CONTEXT(2) 
PARAMETRIC_REPRESENTATION_CONTEXT() REPRESENTATION_CONTEXT('2D SPACE',''
  ) );
#1461 = ORIENTED_EDGE('',*,*,#601,.T.);
#1462 = ORIENTED_EDGE('',*,*,#1463,.T.);
#1463 = EDGE_CURVE('',#604,#1464,#1466,.T.);
#1464 = VERTEX_POINT('',#1465);
#1465 = CARTESIAN_POINT('',(-8.19723042458E-14,-11.875,2.5));
#1466 = SURFACE_CURVE('',#1467,(#1471,#1478),.PCURVE_S1.);
#1467 = LINE('',#1468,#1469);
#1468 = CARTESIAN_POINT('',(-1.318389841742E-15,-11.875,0.));
#1469 = VECTOR('',#1470,1.);
#1470 = DIRECTION('',(0.,0.,1.));
#1471 = PCURVE('',#624,#1472);
#1472 = DEFINITIONAL_REPRESENTATION('',(#1473),#1477);
#1473 = LINE('',#1474,#1475);
#1474 = CARTESIAN_POINT('',(-3.14159265359,-5.));
#1475 = VECTOR('',#1476,1.);
#1476 = DIRECTION('',(-0.,-1.));
#1477 = ( GEOMETRIC_REPRESENTATION_CONTEXT(2) 
PARAMETRIC_REPRESENTATION_CONTEXT() REPRESENTATION_CONTEXT('2D SPACE',''
  ) );
#1478 = PCURVE('',#655,#1479);
#1479 = DEFINITIONAL_REPRESENTATION('',(#1480),#1484);
#1480 = LINE('',#1481,#1482);
#1481 = CARTESIAN_POINT('',(-3.14159265359,-5.));
#1482 = VECTOR('',#1483,1.);
#1483 = DIRECTION('',(-0.,-1.));
#1484 = ( GEOMETRIC_REPRESENTATION_CONTEXT(2) 
PARAMETRIC_REPRESENTATION_CONTEXT() REPRESENTATION_CONTEXT('2D SPACE',''
  ) );
#1485 = ORIENTED_EDGE('',*,*,#1486,.F.);
#1486 = EDGE_CURVE('',#1440,#1464,#1487,.T.);
#1487 = SURFACE_CURVE('',#1488,(#1493,#1500),.PCURVE_S1.);
#1488 = CIRCLE('',#1489,1.875);
#1489 = AXIS2_PLACEMENT_3D('',#1490,#1491,#1492);
#1490 = CARTESIAN_POINT('',(-1.110223024625E-15,-10.,2.5));
#1491 = DIRECTION('',(0.,0.,-1.));
#1492 = DIRECTION('',(1.110223024625E-16,1.,0.));
#1493 = PCURVE('',#624,#1494);
#1494 = DEFINITIONAL_REPRESENTATION('',(#1495),#1499);
#1495 = LINE('',#1496,#1497);
#1496 = CARTESIAN_POINT('',(-6.28318530718,-7.5));
#1497 = VECTOR('',#1498,1.);
#1498 = DIRECTION('',(1.,-0.));
#1499 = ( GEOMETRIC_REPRESENTATION_CONTEXT(2) 
PARAMETRIC_REPRESENTATION_CONTEXT() REPRESENTATION_CONTEXT('2D SPACE',''
  ) );
#1500 = PCURVE('',#993,#1501);
#1501 = DEFINITIONAL_REPRESENTATION('',(#1502),#1506);
#1502 = LINE('',#1503,#1504);
#1503 = CARTESIAN_POINT('',(3.14159265359,-2.5));
#1504 = VECTOR('',#1505,1.);
#1505 = DIRECTION('',(1.,0.));
#1506 = ( GEOMETRIC_REPRESENTATION_CONTEXT(2) 
PARAMETRIC_REPRESENTATION_CONTEXT() REPRESENTATION_CONTEXT('2D SPACE',''
  ) );
#1507 = ADVANCED_FACE('',(#1508),#655,.F.);
#1508 = FACE_BOUND('',#1509,.T.);
#1509 = EDGE_LOOP('',(#1510,#1511,#1512,#1534));
#1510 = ORIENTED_EDGE('',*,*,#636,.T.);
#1511 = ORIENTED_EDGE('',*,*,#1439,.T.);
#1512 = ORIENTED_EDGE('',*,*,#1513,.F.);
#1513 = EDGE_CURVE('',#1464,#1440,#1514,.T.);
#1514 = SURFACE_CURVE('',#1515,(#1520,#1527),.PCURVE_S1.);
#1515 = CIRCLE('',#1516,1.875);
#1516 = AXIS2_PLACEMENT_3D('',#1517,#1518,#1519);
#1517 = CARTESIAN_POINT('',(-1.110223024625E-15,-10.,2.5));
#1518 = DIRECTION('',(0.,0.,-1.));
#1519 = DIRECTION('',(1.110223024625E-16,1.,0.));
#1520 = PCURVE('',#655,#1521);
#1521 = DEFINITIONAL_REPRESENTATION('',(#1522),#1526);
#1522 = LINE('',#1523,#1524);
#1523 = CARTESIAN_POINT('',(-6.28318530718,-7.5));
#1524 = VECTOR('',#1525,1.);
#1525 = DIRECTION('',(1.,-0.));
#1526 = ( GEOMETRIC_REPRESENTATION_CONTEXT(2) 
PARAMETRIC_REPRESENTATION_CONTEXT() REPRESENTATION_CONTEXT('2D SPACE',''
  ) );
#1527 = PCURVE('',#993,#1528);
#1528 = DEFINITIONAL_REPRESENTATION('',(#1529),#1533);
#1529 = LINE('',#1530,#1531);
#1530 = CARTESIAN_POINT('',(-3.14159265359,-2.5));
#1531 = VECTOR('',#1532,1.);
#1532 = DIRECTION('',(1.,0.));
#1533 = ( GEOMETRIC_REPRESENTATION_CONTEXT(2) 
PARAMETRIC_REPRESENTATION_CONTEXT() REPRESENTATION_CONTEXT('2D SPACE',''
  ) );
#1534 = ORIENTED_EDGE('',*,*,#1463,.F.);
#1535 = ADVANCED_FACE('',(#1536,#1582),#264,.T.);
#1536 = FACE_BOUND('',#1537,.T.);
#1537 = EDGE_LOOP('',(#1538,#1539,#1560,#1561));
#1538 = ORIENTED_EDGE('',*,*,#436,.F.);
#1539 = ORIENTED_EDGE('',*,*,#1540,.F.);
#1540 = EDGE_CURVE('',#221,#414,#1541,.T.);
#1541 = SURFACE_CURVE('',#1542,(#1546,#1553),.PCURVE_S1.);
#1542 = LINE('',#1543,#1544);
#1543 = CARTESIAN_POINT('',(5.,-7.5,2.5));
#1544 = VECTOR('',#1545,1.);
#1545 = DIRECTION('',(-1.,1.110223024625E-16,0.));
#1546 = PCURVE('',#264,#1547);
#1547 = DEFINITIONAL_REPRESENTATION('',(#1548),#1552);
#1548 = LINE('',#1549,#1550);
#1549 = CARTESIAN_POINT('',(10.,2.22044604925E-16));
#1550 = VECTOR('',#1551,1.);
#1551 = DIRECTION('',(0.,1.));
#1552 = ( GEOMETRIC_REPRESENTATION_CONTEXT(2) 
PARAMETRIC_REPRESENTATION_CONTEXT() REPRESENTATION_CONTEXT('2D SPACE',''
  ) );
#1553 = PCURVE('',#236,#1554);
#1554 = DEFINITIONAL_REPRESENTATION('',(#1555),#1559);
#1555 = LINE('',#1556,#1557);
#1556 = CARTESIAN_POINT('',(-2.5,0.));
#1557 = VECTOR('',#1558,1.);
#1558 = DIRECTION('',(-0.,-1.));
#1559 = ( GEOMETRIC_REPRESENTATION_CONTEXT(2) 
PARAMETRIC_REPRESENTATION_CONTEXT() REPRESENTATION_CONTEXT('2D SPACE',''
  ) );
#1560 = ORIENTED_EDGE('',*,*,#248,.T.);
#1561 = ORIENTED_EDGE('',*,*,#1562,.T.);
#1562 = EDGE_CURVE('',#249,#437,#1563,.T.);
#1563 = SURFACE_CURVE('',#1564,(#1568,#1575),.PCURVE_S1.);
#1564 = LINE('',#1565,#1566);
#1565 = CARTESIAN_POINT('',(5.,7.5,2.5));
#1566 = VECTOR('',#1567,1.);
#1567 = DIRECTION('',(-1.,1.110223024625E-16,0.));
#1568 = PCURVE('',#264,#1569);
#1569 = DEFINITIONAL_REPRESENTATION('',(#1570),#1574);
#1570 = LINE('',#1571,#1572);
#1571 = CARTESIAN_POINT('',(25.,1.110223024625E-16));
#1572 = VECTOR('',#1573,1.);
#1573 = DIRECTION('',(0.,1.));
#1574 = ( GEOMETRIC_REPRESENTATION_CONTEXT(2) 
PARAMETRIC_REPRESENTATION_CONTEXT() REPRESENTATION_CONTEXT('2D SPACE',''
  ) );
#1575 = PCURVE('',#292,#1576);
#1576 = DEFINITIONAL_REPRESENTATION('',(#1577),#1581);
#1577 = LINE('',#1578,#1579);
#1578 = CARTESIAN_POINT('',(2.5,0.));
#1579 = VECTOR('',#1580,1.);
#1580 = DIRECTION('',(0.,-1.));
#1581 = ( GEOMETRIC_REPRESENTATION_CONTEXT(2) 
PARAMETRIC_REPRESENTATION_CONTEXT() REPRESENTATION_CONTEXT('2D SPACE',''
  ) );
#1582 = FACE_BOUND('',#1583,.T.);
#1583 = EDGE_LOOP('',(#1584));
#1584 = ORIENTED_EDGE('',*,*,#1585,.T.);
#1585 = EDGE_CURVE('',#1586,#1586,#1588,.T.);
#1586 = VERTEX_POINT('',#1587);
#1587 = CARTESIAN_POINT('',(2.081668171172E-16,1.875,2.5));
#1588 = SURFACE_CURVE('',#1589,(#1594,#1605),.PCURVE_S1.);
#1589 = CIRCLE('',#1590,1.875);
#1590 = AXIS2_PLACEMENT_3D('',#1591,#1592,#1593);
#1591 = CARTESIAN_POINT('',(0.,0.,2.5));
#1592 = DIRECTION('',(0.,0.,-1.));
#1593 = DIRECTION('',(1.110223024625E-16,1.,0.));
#1594 = PCURVE('',#264,#1595);
#1595 = DEFINITIONAL_REPRESENTATION('',(#1596),#1604);
#1596 = ( BOUNDED_CURVE() B_SPLINE_CURVE(2,(#1597,#1598,#1599,#1600,
#1601,#1602,#1603),.UNSPECIFIED.,.T.,.F.) B_SPLINE_CURVE_WITH_KNOTS((1,2
    ,2,2,2,1),(-2.094395102393,0.,2.094395102393,4.188790204786,
6.28318530718,8.377580409573),.UNSPECIFIED.) CURVE() 
GEOMETRIC_REPRESENTATION_ITEM() RATIONAL_B_SPLINE_CURVE((1.,0.5,1.,0.5,
1.,0.5,1.)) REPRESENTATION_ITEM('') );
#1597 = CARTESIAN_POINT('',(19.375,5.));
#1598 = CARTESIAN_POINT('',(19.375,1.752404735808));
#1599 = CARTESIAN_POINT('',(16.5625,3.376202367904));
#1600 = CARTESIAN_POINT('',(13.75,5.));
#1601 = CARTESIAN_POINT('',(16.5625,6.623797632096));
#1602 = CARTESIAN_POINT('',(19.375,8.247595264192));
#1603 = CARTESIAN_POINT('',(19.375,5.));
#1604 = ( GEOMETRIC_REPRESENTATION_CONTEXT(2) 
PARAMETRIC_REPRESENTATION_CONTEXT() REPRESENTATION_CONTEXT('2D SPACE',''
  ) );
#1605 = PCURVE('',#690,#1606);
#1606 = DEFINITIONAL_REPRESENTATION('',(#1607),#1611);
#1607 = LINE('',#1608,#1609);
#1608 = CARTESIAN_POINT('',(-6.28318530718,-7.5));
#1609 = VECTOR('',#1610,1.);
#1610 = DIRECTION('',(1.,-0.));
#1611 = ( GEOMETRIC_REPRESENTATION_CONTEXT(2) 
PARAMETRIC_REPRESENTATION_CONTEXT() REPRESENTATION_CONTEXT('2D SPACE',''
  ) );
#1612 = ADVANCED_FACE('',(#1613,#1619),#236,.F.);
#1613 = FACE_BOUND('',#1614,.T.);
#1614 = EDGE_LOOP('',(#1615,#1616,#1617,#1618));
#1615 = ORIENTED_EDGE('',*,*,#1540,.T.);
#1616 = ORIENTED_EDGE('',*,*,#413,.T.);
#1617 = ORIENTED_EDGE('',*,*,#742,.T.);
#1618 = ORIENTED_EDGE('',*,*,#220,.F.);
#1619 = FACE_BOUND('',#1620,.T.);
#1620 = EDGE_LOOP('',(#1621));
#1621 = ORIENTED_EDGE('',*,*,#1118,.F.);
#1622 = ADVANCED_FACE('',(#1623),#993,.F.);
#1623 = FACE_BOUND('',#1624,.F.);
#1624 = EDGE_LOOP('',(#1625,#1626,#1647,#1648,#1649,#1650));
#1625 = ORIENTED_EDGE('',*,*,#1513,.F.);
#1626 = ORIENTED_EDGE('',*,*,#1627,.T.);
#1627 = EDGE_CURVE('',#1464,#773,#1628,.T.);
#1628 = SEAM_CURVE('',#1629,(#1633,#1640),.PCURVE_S1.);
#1629 = LINE('',#1630,#1631);
#1630 = CARTESIAN_POINT('',(-1.318389841742E-15,-11.875,0.));
#1631 = VECTOR('',#1632,1.);
#1632 = DIRECTION('',(0.,0.,1.));
#1633 = PCURVE('',#993,#1634);
#1634 = DEFINITIONAL_REPRESENTATION('',(#1635),#1639);
#1635 = LINE('',#1636,#1637);
#1636 = CARTESIAN_POINT('',(6.28318530718,0.));
#1637 = VECTOR('',#1638,1.);
#1638 = DIRECTION('',(0.,-1.));
#1639 = ( GEOMETRIC_REPRESENTATION_CONTEXT(2) 
PARAMETRIC_REPRESENTATION_CONTEXT() REPRESENTATION_CONTEXT('2D SPACE',''
  ) );
#1640 = PCURVE('',#993,#1641);
#1641 = DEFINITIONAL_REPRESENTATION('',(#1642),#1646);
#1642 = LINE('',#1643,#1644);
#1643 = CARTESIAN_POINT('',(0.,0.));
#1644 = VECTOR('',#1645,1.);
#1645 = DIRECTION('',(0.,-1.));
#1646 = ( GEOMETRIC_REPRESENTATION_CONTEXT(2) 
PARAMETRIC_REPRESENTATION_CONTEXT() REPRESENTATION_CONTEXT('2D SPACE',''
  ) );
#1647 = ORIENTED_EDGE('',*,*,#797,.T.);
#1648 = ORIENTED_EDGE('',*,*,#1145,.T.);
#1649 = ORIENTED_EDGE('',*,*,#1627,.F.);
#1650 = ORIENTED_EDGE('',*,*,#1486,.F.);
#1651 = ADVANCED_FACE('',(#1652),#690,.F.);
#1652 = FACE_BOUND('',#1653,.T.);
#1653 = EDGE_LOOP('',(#1654,#1655,#1676,#1677));
#1654 = ORIENTED_EDGE('',*,*,#669,.T.);
#1655 = ORIENTED_EDGE('',*,*,#1656,.T.);
#1656 = EDGE_CURVE('',#670,#1586,#1657,.T.);
#1657 = SEAM_CURVE('',#1658,(#1662,#1669),.PCURVE_S1.);
#1658 = LINE('',#1659,#1660);
#1659 = CARTESIAN_POINT('',(2.081668171172E-16,1.875,-5.));
#1660 = VECTOR('',#1661,1.);
#1661 = DIRECTION('',(0.,0.,1.));
#1662 = PCURVE('',#690,#1663);
#1663 = DEFINITIONAL_REPRESENTATION('',(#1664),#1668);
#1664 = LINE('',#1665,#1666);
#1665 = CARTESIAN_POINT('',(-6.28318530718,0.));
#1666 = VECTOR('',#1667,1.);
#1667 = DIRECTION('',(-0.,-1.));
#1668 = ( GEOMETRIC_REPRESENTATION_CONTEXT(2) 
PARAMETRIC_REPRESENTATION_CONTEXT() REPRESENTATION_CONTEXT('2D SPACE',''
  ) );
#1669 = PCURVE('',#690,#1670);
#1670 = DEFINITIONAL_REPRESENTATION('',(#1671),#1675);
#1671 = LINE('',#1672,#1673);
#1672 = CARTESIAN_POINT('',(-0.,0.));
#1673 = VECTOR('',#1674,1.);
#1674 = DIRECTION('',(-0.,-1.));
#1675 = ( GEOMETRIC_REPRESENTATION_CONTEXT(2) 
PARAMETRIC_REPRESENTATION_CONTEXT() REPRESENTATION_CONTEXT('2D SPACE',''
  ) );
#1676 = ORIENTED_EDGE('',*,*,#1585,.F.);
#1677 = ORIENTED_EDGE('',*,*,#1656,.F.);
#1678 = ADVANCED_FACE('',(#1679),#374,.T.);
#1679 = FACE_BOUND('',#1680,.T.);
#1680 = EDGE_LOOP('',(#1681,#1682,#1683,#1684));
#1681 = ORIENTED_EDGE('',*,*,#360,.F.);
#1682 = ORIENTED_EDGE('',*,*,#577,.T.);
#1683 = ORIENTED_EDGE('',*,*,#528,.T.);
#1684 = ORIENTED_EDGE('',*,*,#1685,.F.);
#1685 = EDGE_CURVE('',#333,#506,#1686,.T.);
#1686 = SURFACE_CURVE('',#1687,(#1691,#1698),.PCURVE_S1.);
#1687 = LINE('',#1688,#1689);
#1688 = CARTESIAN_POINT('',(5.,17.5,2.5));
#1689 = VECTOR('',#1690,1.);
#1690 = DIRECTION('',(-1.,1.110223024625E-16,0.));
#1691 = PCURVE('',#374,#1692);
#1692 = DEFINITIONAL_REPRESENTATION('',(#1693),#1697);
#1693 = LINE('',#1694,#1695);
#1694 = CARTESIAN_POINT('',(2.5,0.));
#1695 = VECTOR('',#1696,1.);
#1696 = DIRECTION('',(0.,-1.));
#1697 = ( GEOMETRIC_REPRESENTATION_CONTEXT(2) 
PARAMETRIC_REPRESENTATION_CONTEXT() REPRESENTATION_CONTEXT('2D SPACE',''
  ) );
#1698 = PCURVE('',#348,#1699);
#1699 = DEFINITIONAL_REPRESENTATION('',(#1700),#1704);
#1700 = LINE('',#1701,#1702);
#1701 = CARTESIAN_POINT('',(2.5,0.));
#1702 = VECTOR('',#1703,1.);
#1703 = DIRECTION('',(0.,-1.));
#1704 = ( GEOMETRIC_REPRESENTATION_CONTEXT(2) 
PARAMETRIC_REPRESENTATION_CONTEXT() REPRESENTATION_CONTEXT('2D SPACE',''
  ) );
#1705 = ADVANCED_FACE('',(#1706,#1733),#292,.F.);
#1706 = FACE_BOUND('',#1707,.F.);
#1707 = EDGE_LOOP('',(#1708,#1709,#1710,#1732));
#1708 = ORIENTED_EDGE('',*,*,#1562,.T.);
#1709 = ORIENTED_EDGE('',*,*,#459,.T.);
#1710 = ORIENTED_EDGE('',*,*,#1711,.T.);
#1711 = EDGE_CURVE('',#460,#277,#1712,.T.);
#1712 = SURFACE_CURVE('',#1713,(#1718,#1725),.PCURVE_S1.);
#1713 = CIRCLE('',#1714,5.);
#1714 = AXIS2_PLACEMENT_3D('',#1715,#1716,#1717);
#1715 = CARTESIAN_POINT('',(8.326672684689E-16,7.5,5.));
#1716 = DIRECTION('',(1.110223024625E-16,1.,1.110223024625E-16));
#1717 = DIRECTION('',(1.232595164408E-32,1.110223024625E-16,-1.));
#1718 = PCURVE('',#292,#1719);
#1719 = DEFINITIONAL_REPRESENTATION('',(#1720),#1724);
#1720 = CIRCLE('',#1721,5.);
#1721 = AXIS2_PLACEMENT_2D('',#1722,#1723);
#1722 = CARTESIAN_POINT('',(5.,-5.));
#1723 = DIRECTION('',(-1.,0.));
#1724 = ( GEOMETRIC_REPRESENTATION_CONTEXT(2) 
PARAMETRIC_REPRESENTATION_CONTEXT() REPRESENTATION_CONTEXT('2D SPACE',''
  ) );
#1725 = PCURVE('',#320,#1726);
#1726 = DEFINITIONAL_REPRESENTATION('',(#1727),#1731);
#1727 = LINE('',#1728,#1729);
#1728 = CARTESIAN_POINT('',(0.,0.));
#1729 = VECTOR('',#1730,1.);
#1730 = DIRECTION('',(1.,0.));
#1731 = ( GEOMETRIC_REPRESENTATION_CONTEXT(2) 
PARAMETRIC_REPRESENTATION_CONTEXT() REPRESENTATION_CONTEXT('2D SPACE',''
  ) );
#1732 = ORIENTED_EDGE('',*,*,#276,.F.);
#1733 = FACE_BOUND('',#1734,.F.);
#1734 = EDGE_LOOP('',(#1735));
#1735 = ORIENTED_EDGE('',*,*,#1736,.F.);
#1736 = EDGE_CURVE('',#1737,#1737,#1739,.T.);
#1737 = VERTEX_POINT('',#1738);
#1738 = CARTESIAN_POINT('',(1.334772456119E-15,7.5,2.95));
#1739 = SURFACE_CURVE('',#1740,(#1745,#1752),.PCURVE_S1.);
#1740 = CIRCLE('',#1741,2.05);
#1741 = AXIS2_PLACEMENT_3D('',#1742,#1743,#1744);
#1742 = CARTESIAN_POINT('',(8.326672684689E-16,7.5,5.));
#1743 = DIRECTION('',(1.110223024625E-16,1.,1.110223024625E-16));
#1744 = DIRECTION('',(1.232595164408E-32,1.110223024625E-16,-1.));
#1745 = PCURVE('',#292,#1746);
#1746 = DEFINITIONAL_REPRESENTATION('',(#1747),#1751);
#1747 = CIRCLE('',#1748,2.05);
#1748 = AXIS2_PLACEMENT_2D('',#1749,#1750);
#1749 = CARTESIAN_POINT('',(5.,-5.));
#1750 = DIRECTION('',(-1.,0.));
#1751 = ( GEOMETRIC_REPRESENTATION_CONTEXT(2) 
PARAMETRIC_REPRESENTATION_CONTEXT() REPRESENTATION_CONTEXT('2D SPACE',''
  ) );
#1752 = PCURVE('',#1753,#1758);
#1753 = CYLINDRICAL_SURFACE('',#1754,2.05);
#1754 = AXIS2_PLACEMENT_3D('',#1755,#1756,#1757);
#1755 = CARTESIAN_POINT('',(5.551115123126E-16,5.,5.));
#1756 = DIRECTION('',(1.110223024625E-16,1.,1.110223024625E-16));
#1757 = DIRECTION('',(1.232595164408E-32,1.110223024625E-16,-1.));
#1758 = DEFINITIONAL_REPRESENTATION('',(#1759),#1763);
#1759 = LINE('',#1760,#1761);
#1760 = CARTESIAN_POINT('',(0.,2.5));
#1761 = VECTOR('',#1762,1.);
#1762 = DIRECTION('',(1.,0.));
#1763 = ( GEOMETRIC_REPRESENTATION_CONTEXT(2) 
PARAMETRIC_REPRESENTATION_CONTEXT() REPRESENTATION_CONTEXT('2D SPACE',''
  ) );
#1764 = ADVANCED_FACE('',(#1765),#725,.F.);
#1765 = FACE_BOUND('',#1766,.T.);
#1766 = EDGE_LOOP('',(#1767,#1790,#1791,#1792));
#1767 = ORIENTED_EDGE('',*,*,#1768,.F.);
#1768 = EDGE_CURVE('',#705,#1769,#1771,.T.);
#1769 = VERTEX_POINT('',#1770);
#1770 = CARTESIAN_POINT('',(1.318389841742E-15,11.875,2.5));
#1771 = SEAM_CURVE('',#1772,(#1776,#1783),.PCURVE_S1.);
#1772 = LINE('',#1773,#1774);
#1773 = CARTESIAN_POINT('',(1.318389841742E-15,11.875,-5.));
#1774 = VECTOR('',#1775,1.);
#1775 = DIRECTION('',(0.,0.,1.));
#1776 = PCURVE('',#725,#1777);
#1777 = DEFINITIONAL_REPRESENTATION('',(#1778),#1782);
#1778 = LINE('',#1779,#1780);
#1779 = CARTESIAN_POINT('',(-6.28318530718,0.));
#1780 = VECTOR('',#1781,1.);
#1781 = DIRECTION('',(-0.,-1.));
#1782 = ( GEOMETRIC_REPRESENTATION_CONTEXT(2) 
PARAMETRIC_REPRESENTATION_CONTEXT() REPRESENTATION_CONTEXT('2D SPACE',''
  ) );
#1783 = PCURVE('',#725,#1784);
#1784 = DEFINITIONAL_REPRESENTATION('',(#1785),#1789);
#1785 = LINE('',#1786,#1787);
#1786 = CARTESIAN_POINT('',(-0.,0.));
#1787 = VECTOR('',#1788,1.);
#1788 = DIRECTION('',(-0.,-1.));
#1789 = ( GEOMETRIC_REPRESENTATION_CONTEXT(2) 
PARAMETRIC_REPRESENTATION_CONTEXT() REPRESENTATION_CONTEXT('2D SPACE',''
  ) );
#1790 = ORIENTED_EDGE('',*,*,#704,.T.);
#1791 = ORIENTED_EDGE('',*,*,#1768,.T.);
#1792 = ORIENTED_EDGE('',*,*,#1793,.F.);
#1793 = EDGE_CURVE('',#1769,#1769,#1794,.T.);
#1794 = SURFACE_CURVE('',#1795,(#1800,#1807),.PCURVE_S1.);
#1795 = CIRCLE('',#1796,1.875);
#1796 = AXIS2_PLACEMENT_3D('',#1797,#1798,#1799);
#1797 = CARTESIAN_POINT('',(1.110223024625E-15,10.,2.5));
#1798 = DIRECTION('',(0.,0.,-1.));
#1799 = DIRECTION('',(1.110223024625E-16,1.,0.));
#1800 = PCURVE('',#725,#1801);
#1801 = DEFINITIONAL_REPRESENTATION('',(#1802),#1806);
#1802 = LINE('',#1803,#1804);
#1803 = CARTESIAN_POINT('',(-6.28318530718,-7.5));
#1804 = VECTOR('',#1805,1.);
#1805 = DIRECTION('',(1.,-0.));
#1806 = ( GEOMETRIC_REPRESENTATION_CONTEXT(2) 
PARAMETRIC_REPRESENTATION_CONTEXT() REPRESENTATION_CONTEXT('2D SPACE',''
  ) );
#1807 = PCURVE('',#1808,#1813);
#1808 = CYLINDRICAL_SURFACE('',#1809,1.875);
#1809 = AXIS2_PLACEMENT_3D('',#1810,#1811,#1812);
#1810 = CARTESIAN_POINT('',(1.110223024625E-15,10.,0.));
#1811 = DIRECTION('',(0.,-0.,-1.));
#1812 = DIRECTION('',(1.110223024625E-16,1.,0.));
#1813 = DEFINITIONAL_REPRESENTATION('',(#1814),#1818);
#1814 = LINE('',#1815,#1816);
#1815 = CARTESIAN_POINT('',(-6.28318530718,-2.5));
#1816 = VECTOR('',#1817,1.);
#1817 = DIRECTION('',(1.,-0.));
#1818 = ( GEOMETRIC_REPRESENTATION_CONTEXT(2) 
PARAMETRIC_REPRESENTATION_CONTEXT() REPRESENTATION_CONTEXT('2D SPACE',''
  ) );
#1819 = ADVANCED_FACE('',(#1820,#1847),#348,.T.);
#1820 = FACE_BOUND('',#1821,.T.);
#1821 = EDGE_LOOP('',(#1822,#1823,#1824,#1825));
#1822 = ORIENTED_EDGE('',*,*,#332,.F.);
#1823 = ORIENTED_EDGE('',*,*,#1685,.T.);
#1824 = ORIENTED_EDGE('',*,*,#505,.T.);
#1825 = ORIENTED_EDGE('',*,*,#1826,.T.);
#1826 = EDGE_CURVE('',#483,#305,#1827,.T.);
#1827 = SURFACE_CURVE('',#1828,(#1833,#1840),.PCURVE_S1.);
#1828 = CIRCLE('',#1829,5.);
#1829 = AXIS2_PLACEMENT_3D('',#1830,#1831,#1832);
#1830 = CARTESIAN_POINT('',(1.942890293094E-15,17.5,5.));
#1831 = DIRECTION('',(1.110223024625E-16,1.,1.110223024625E-16));
#1832 = DIRECTION('',(1.232595164408E-32,1.110223024625E-16,-1.));
#1833 = PCURVE('',#348,#1834);
#1834 = DEFINITIONAL_REPRESENTATION('',(#1835),#1839);
#1835 = CIRCLE('',#1836,5.);
#1836 = AXIS2_PLACEMENT_2D('',#1837,#1838);
#1837 = CARTESIAN_POINT('',(5.,-5.));
#1838 = DIRECTION('',(-1.,0.));
#1839 = ( GEOMETRIC_REPRESENTATION_CONTEXT(2) 
PARAMETRIC_REPRESENTATION_CONTEXT() REPRESENTATION_CONTEXT('2D SPACE',''
  ) );
#1840 = PCURVE('',#320,#1841);
#1841 = DEFINITIONAL_REPRESENTATION('',(#1842),#1846);
#1842 = LINE('',#1843,#1844);
#1843 = CARTESIAN_POINT('',(0.,10.));
#1844 = VECTOR('',#1845,1.);
#1845 = DIRECTION('',(1.,0.));
#1846 = ( GEOMETRIC_REPRESENTATION_CONTEXT(2) 
PARAMETRIC_REPRESENTATION_CONTEXT() REPRESENTATION_CONTEXT('2D SPACE',''
  ) );
#1847 = FACE_BOUND('',#1848,.T.);
#1848 = EDGE_LOOP('',(#1849));
#1849 = ORIENTED_EDGE('',*,*,#1850,.F.);
#1850 = EDGE_CURVE('',#1851,#1851,#1853,.T.);
#1851 = VERTEX_POINT('',#1852);
#1852 = CARTESIAN_POINT('',(2.444995480744E-15,17.5,2.95));
#1853 = SURFACE_CURVE('',#1854,(#1859,#1866),.PCURVE_S1.);
#1854 = CIRCLE('',#1855,2.05);
#1855 = AXIS2_PLACEMENT_3D('',#1856,#1857,#1858);
#1856 = CARTESIAN_POINT('',(1.942890293094E-15,17.5,5.));
#1857 = DIRECTION('',(1.110223024625E-16,1.,1.110223024625E-16));
#1858 = DIRECTION('',(1.232595164408E-32,1.110223024625E-16,-1.));
#1859 = PCURVE('',#348,#1860);
#1860 = DEFINITIONAL_REPRESENTATION('',(#1861),#1865);
#1861 = CIRCLE('',#1862,2.05);
#1862 = AXIS2_PLACEMENT_2D('',#1863,#1864);
#1863 = CARTESIAN_POINT('',(5.,-5.));
#1864 = DIRECTION('',(-1.,0.));
#1865 = ( GEOMETRIC_REPRESENTATION_CONTEXT(2) 
PARAMETRIC_REPRESENTATION_CONTEXT() REPRESENTATION_CONTEXT('2D SPACE',''
  ) );
#1866 = PCURVE('',#1753,#1867);
#1867 = DEFINITIONAL_REPRESENTATION('',(#1868),#1872);
#1868 = LINE('',#1869,#1870);
#1869 = CARTESIAN_POINT('',(0.,12.5));
#1870 = VECTOR('',#1871,1.);
#1871 = DIRECTION('',(1.,0.));
#1872 = ( GEOMETRIC_REPRESENTATION_CONTEXT(2) 
PARAMETRIC_REPRESENTATION_CONTEXT() REPRESENTATION_CONTEXT('2D SPACE',''
  ) );
#1873 = ADVANCED_FACE('',(#1874),#320,.T.);
#1874 = FACE_BOUND('',#1875,.T.);
#1875 = EDGE_LOOP('',(#1876,#1877,#1878,#1879));
#1876 = ORIENTED_EDGE('',*,*,#1826,.F.);
#1877 = ORIENTED_EDGE('',*,*,#482,.F.);
#1878 = ORIENTED_EDGE('',*,*,#1711,.T.);
#1879 = ORIENTED_EDGE('',*,*,#304,.T.);
#1880 = ADVANCED_FACE('',(#1881),#1753,.F.);
#1881 = FACE_BOUND('',#1882,.F.);
#1882 = EDGE_LOOP('',(#1883,#1906,#1907,#1908,#2201,#2222,#2223,#2224));
#1883 = ORIENTED_EDGE('',*,*,#1884,.T.);
#1884 = EDGE_CURVE('',#1885,#1851,#1887,.T.);
#1885 = VERTEX_POINT('',#1886);
#1886 = CARTESIAN_POINT('',(1.569442435568E-15,11.875,2.95));
#1887 = SEAM_CURVE('',#1888,(#1892,#1899),.PCURVE_S1.);
#1888 = LINE('',#1889,#1890);
#1889 = CARTESIAN_POINT('',(1.057216699963E-15,5.,2.95));
#1890 = VECTOR('',#1891,1.);
#1891 = DIRECTION('',(1.110223024625E-16,1.,1.110223024625E-16));
#1892 = PCURVE('',#1753,#1893);
#1893 = DEFINITIONAL_REPRESENTATION('',(#1894),#1898);
#1894 = LINE('',#1895,#1896);
#1895 = CARTESIAN_POINT('',(6.28318530718,-0.));
#1896 = VECTOR('',#1897,1.);
#1897 = DIRECTION('',(0.,1.));
#1898 = ( GEOMETRIC_REPRESENTATION_CONTEXT(2) 
PARAMETRIC_REPRESENTATION_CONTEXT() REPRESENTATION_CONTEXT('2D SPACE',''
  ) );
#1899 = PCURVE('',#1753,#1900);
#1900 = DEFINITIONAL_REPRESENTATION('',(#1901),#1905);
#1901 = LINE('',#1902,#1903);
#1902 = CARTESIAN_POINT('',(0.,-0.));
#1903 = VECTOR('',#1904,1.);
#1904 = DIRECTION('',(0.,1.));
#1905 = ( GEOMETRIC_REPRESENTATION_CONTEXT(2) 
PARAMETRIC_REPRESENTATION_CONTEXT() REPRESENTATION_CONTEXT('2D SPACE',''
  ) );
#1906 = ORIENTED_EDGE('',*,*,#1850,.F.);
#1907 = ORIENTED_EDGE('',*,*,#1884,.F.);
#1908 = ORIENTED_EDGE('',*,*,#1909,.T.);
#1909 = EDGE_CURVE('',#1885,#1910,#1912,.T.);
#1910 = VERTEX_POINT('',#1911);
#1911 = CARTESIAN_POINT('',(1.404161395158E-15,8.125,2.95));
#1912 = SURFACE_CURVE('',#1913,(#2007,#2104),.PCURVE_S1.);
#1913 = B_SPLINE_CURVE_WITH_KNOTS('',8,(#1914,#1915,#1916,#1917,#1918,
    #1919,#1920,#1921,#1922,#1923,#1924,#1925,#1926,#1927,#1928,#1929,
    #1930,#1931,#1932,#1933,#1934,#1935,#1936,#1937,#1938,#1939,#1940,
    #1941,#1942,#1943,#1944,#1945,#1946,#1947,#1948,#1949,#1950,#1951,
    #1952,#1953,#1954,#1955,#1956,#1957,#1958,#1959,#1960,#1961,#1962,
    #1963,#1964,#1965,#1966,#1967,#1968,#1969,#1970,#1971,#1972,#1973,
    #1974,#1975,#1976,#1977,#1978,#1979,#1980,#1981,#1982,#1983,#1984,
    #1985,#1986,#1987,#1988,#1989,#1990,#1991,#1992,#1993,#1994,#1995,
    #1996,#1997,#1998,#1999,#2000,#2001,#2002,#2003,#2004,#2005,#2006),
  .UNSPECIFIED.,.F.,.F.,(9,7,7,7,7,7,7,7,7,7,7,7,7,9),(0.,
    7.121335596117E-02,0.116612843753,0.307106251654,0.408848197611,
    0.439010842883,0.501649566657,0.539737595914,0.564720774526,
    0.594628125504,0.69468698743,0.885606160022,0.929005867979,1.),
  .UNSPECIFIED.);
#1914 = CARTESIAN_POINT('',(1.548011116583E-15,11.875,2.95));
#1915 = CARTESIAN_POINT('',(-6.511740695779E-02,11.875,2.95));
#1916 = CARTESIAN_POINT('',(-0.13013384348,11.872415368105,
    2.952363908755));
#1917 = CARTESIAN_POINT('',(-0.194786986465,11.867260408089,
    2.957078907559));
#1918 = CARTESIAN_POINT('',(-0.258816278848,11.859587217418,
    2.964094170677));
#1919 = CARTESIAN_POINT('',(-0.321964816891,11.849485918033,
    2.973321244268));
#1920 = CARTESIAN_POINT('',(-0.38398123746,11.837084887132,
    2.984634425304));
#1921 = CARTESIAN_POINT('',(-0.444621605316,11.82255098795,
    2.997871140502));
#1922 = CARTESIAN_POINT('',(-0.541283537839,11.795595568569,
    3.022370285004));
#1923 = CARTESIAN_POINT('',(-0.57829883668,11.784307576217,
    3.032618698188));
#1924 = CARTESIAN_POINT('',(-0.614679598275,11.772263660605,
    3.043539967579));
#1925 = CARTESIAN_POINT('',(-0.650409572527,11.759501949812,
    3.055096083565));
#1926 = CARTESIAN_POINT('',(-0.685473857887,11.746060862868,
    3.067248624134));
#1927 = CARTESIAN_POINT('',(-0.719858901351,11.731979109757,
    3.079958754871));
#1928 = CARTESIAN_POINT('',(-0.753552498458,11.717295691419,
    3.093187228963));
#1929 = CARTESIAN_POINT('',(-0.924973200544,11.63807951257,
    3.164408764812));
#1930 = CARTESIAN_POINT('',(-1.051069882006,11.564193387822,
    3.230364467984));
#1931 = CARTESIAN_POINT('',(-1.165256905268,11.482718661969,
    3.302356447004));
#1932 = CARTESIAN_POINT('',(-1.268250128628,11.39535701252,3.37848963022
    ));
#1933 = CARTESIAN_POINT('',(-1.360873298029,11.303284218206,
    3.45730403952));
#1934 = CARTESIAN_POINT('',(-1.443970135335,11.207142540507,
    3.537654847358));
#1935 = CARTESIAN_POINT('',(-1.518291677424,11.107101371709,
    3.618650396124));
#1936 = CARTESIAN_POINT('',(-1.619632252084,10.946978815287,
    3.742072124864));
#1937 = CARTESIAN_POINT('',(-1.652362813885,10.890302288781,
    3.784649929852));
#1938 = CARTESIAN_POINT('',(-1.682766438148,10.832494113607,
    3.826781303249));
#1939 = CARTESIAN_POINT('',(-1.710960032104,10.773357817526,3.8683348965
    ));
#1940 = CARTESIAN_POINT('',(-1.736956859984,10.71275033443,
    3.909045938927));
#1941 = CARTESIAN_POINT('',(-1.760697399105,10.650596776147,
    3.948471869038));
#1942 = CARTESIAN_POINT('',(-1.782083642351,10.586876222142,
    3.985975862449));
#1943 = CARTESIAN_POINT('',(-1.806599144951,10.502225697939,
    4.031063852396));
#1944 = CARTESIAN_POINT('',(-1.811994275182,10.482706681964,
    4.041147160384));
#1945 = CARTESIAN_POINT('',(-1.817175169198,10.463022653493,
    4.050982778767));
#1946 = CARTESIAN_POINT('',(-1.822138050526,10.443170434084,
    4.060548364273));
#1947 = CARTESIAN_POINT('',(-1.826878768523,10.423146713115,
    4.069819949634));
#1948 = CARTESIAN_POINT('',(-1.831392798377,10.402948047788,
    4.078771943584));
#1949 = CARTESIAN_POINT('',(-1.835675241107,10.382570863125,
    4.087377130861));
#1950 = CARTESIAN_POINT('',(-1.848122279054,10.319315751228,
    4.11269694935));
#1951 = CARTESIAN_POINT('',(-1.855571971535,10.275479353573,
    4.128309203498));
#1952 = CARTESIAN_POINT('',(-1.861923445111,10.23079558403,4.14199951274
    ));
#1953 = CARTESIAN_POINT('',(-1.867088201993,10.185475825761,
    4.153395515189));
#1954 = CARTESIAN_POINT('',(-1.871012573064,10.139663467854,
    4.162199491087));
#1955 = CARTESIAN_POINT('',(-1.873660181577,10.09344865027,
    4.168189814884));
#1956 = CARTESIAN_POINT('',(-1.875,10.046883805935,4.171220777287));
#1957 = CARTESIAN_POINT('',(-1.875,9.971491887693,4.171220777287));
#1958 = CARTESIAN_POINT('',(-1.874504628342,9.943024042783,
    4.170100398501));
#1959 = CARTESIAN_POINT('',(-1.873516347662,9.914624070905,
    4.167864136067));
#1960 = CARTESIAN_POINT('',(-1.872039542449,9.886326025428,4.16453291768
    ));
#1961 = CARTESIAN_POINT('',(-1.870081536829,9.858170517864,
    4.160143869972));
#1962 = CARTESIAN_POINT('',(-1.867653612349,9.830204828291,
    4.154750084893));
#1963 = CARTESIAN_POINT('',(-1.864772025766,9.802483015765,
    4.148420386094));
#1964 = CARTESIAN_POINT('',(-1.859285922952,9.757082334188,
    4.136528652842));
#1965 = CARTESIAN_POINT('',(-1.856925681418,9.739216351605,
    4.131448135521));
#1966 = CARTESIAN_POINT('',(-1.854381754125,9.721467894805,
    4.126015536534));
#1967 = CARTESIAN_POINT('',(-1.851657778096,9.703837730848,
    4.120249180593));
#1968 = CARTESIAN_POINT('',(-1.84875757549,9.686327580037,4.114167723922
    ));
#1969 = CARTESIAN_POINT('',(-1.845685153595,9.668940115918,
    4.107790154264));
#1970 = CARTESIAN_POINT('',(-1.842444704832,9.651678965276,
    4.101135790877));
#1971 = CARTESIAN_POINT('',(-1.834965562593,9.61404208565,4.085950523657
    ));
#1972 = CARTESIAN_POINT('',(-1.830654956114,9.593716934703,
    4.077305735168));
#1973 = CARTESIAN_POINT('',(-1.826114007328,9.573569560994,
    4.068318495874));
#1974 = CARTESIAN_POINT('',(-1.821347552779,9.553596372982,
    4.059015743342));
#1975 = CARTESIAN_POINT('',(-1.816360045546,9.533793881886,
    4.049422775906));
#1976 = CARTESIAN_POINT('',(-1.811155555243,9.514158701694,
    4.039563252667));
#1977 = CARTESIAN_POINT('',(-1.805737768016,9.494687549155,4.02945919349
    ));
#1978 = CARTESIAN_POINT('',(-1.781281524955,9.410772151193,
    3.984576618523));
#1979 = CARTESIAN_POINT('',(-1.760027217292,9.347708081274,
    3.947374452395));
#1980 = CARTESIAN_POINT('',(-1.736465095125,9.286179058494,
    3.908301043276));
#1981 = CARTESIAN_POINT('',(-1.710689387049,9.226163674102,
    3.867971194676));
#1982 = CARTESIAN_POINT('',(-1.682756793755,9.167588609197,
    3.826813333271));
#1983 = CARTESIAN_POINT('',(-1.652654022704,9.11031545074,3.785085439683
    ));
#1984 = CARTESIAN_POINT('',(-1.620268639594,9.054154760575,
    3.742917206331));
#1985 = CARTESIAN_POINT('',(-1.518825477099,8.893503154761,
    3.619169856712));
#1986 = CARTESIAN_POINT('',(-1.443855039741,8.792517037373,
    3.537408846343));
#1987 = CARTESIAN_POINT('',(-1.359948204864,8.695496995594,
    3.456303699344));
#1988 = CARTESIAN_POINT('',(-1.266330814591,8.602618024526,
    3.376766620681));
#1989 = CARTESIAN_POINT('',(-1.162133685654,8.514545295107,3.29997728848
    ));
#1990 = CARTESIAN_POINT('',(-1.046510591193,8.43249878984,3.227443552739
    ));
#1991 = CARTESIAN_POINT('',(-0.918730116001,8.358244017289,
    3.161126889579));
#1992 = CARTESIAN_POINT('',(-0.746464442777,8.279637879685,
    3.090424040824));
#1993 = CARTESIAN_POINT('',(-0.713907993754,8.265606207753,
    3.077778725284));
#1994 = CARTESIAN_POINT('',(-0.68071164775,8.252137230468,3.065618936924
    ));
#1995 = CARTESIAN_POINT('',(-0.646886685126,8.239265881602,
    3.053979802734));
#1996 = CARTESIAN_POINT('',(-0.612445548606,8.227026810778,
    3.042896063639));
#1997 = CARTESIAN_POINT('',(-0.577401843287,8.215454383469,
    3.032402074501));
#1998 = CARTESIAN_POINT('',(-0.541770336628,8.204582680999,
    3.022531804115));
#1999 = CARTESIAN_POINT('',(-0.446344730236,8.177862892925,
    2.998248071809));
#2000 = CARTESIAN_POINT('',(-0.385491572978,8.163217714328,
    2.984910478609));
#2001 = CARTESIAN_POINT('',(-0.323245311559,8.150719208458,
    2.973508619303));
#2002 = CARTESIAN_POINT('',(-0.259853306063,8.140537141996,
    2.964207869331));
#2003 = CARTESIAN_POINT('',(-0.195570509334,8.132802038383,
    2.957136025116));
#2004 = CARTESIAN_POINT('',(-0.130657524518,8.12760541161,2.952382913305
    ));
#2005 = CARTESIAN_POINT('',(-6.537866261069E-02,8.125,2.95));
#2006 = CARTESIAN_POINT('',(5.576242952477E-16,8.125,2.95));
#2007 = PCURVE('',#1753,#2008);
#2008 = DEFINITIONAL_REPRESENTATION('',(#2009),#2103);
#2009 = B_SPLINE_CURVE_WITH_KNOTS('',8,(#2010,#2011,#2012,#2013,#2014,
    #2015,#2016,#2017,#2018,#2019,#2020,#2021,#2022,#2023,#2024,#2025,
    #2026,#2027,#2028,#2029,#2030,#2031,#2032,#2033,#2034,#2035,#2036,
    #2037,#2038,#2039,#2040,#2041,#2042,#2043,#2044,#2045,#2046,#2047,
    #2048,#2049,#2050,#2051,#2052,#2053,#2054,#2055,#2056,#2057,#2058,
    #2059,#2060,#2061,#2062,#2063,#2064,#2065,#2066,#2067,#2068,#2069,
    #2070,#2071,#2072,#2073,#2074,#2075,#2076,#2077,#2078,#2079,#2080,
    #2081,#2082,#2083,#2084,#2085,#2086,#2087,#2088,#2089,#2090,#2091,
    #2092,#2093,#2094,#2095,#2096,#2097,#2098,#2099,#2100,#2101,#2102),
  .UNSPECIFIED.,.F.,.F.,(9,7,7,7,7,7,7,7,7,7,7,7,7,9),(0.,
    7.121335596117E-02,0.116612843753,0.307106251654,0.408848197611,
    0.439010842883,0.501649566657,0.539737595914,0.564720774526,
    0.594628125504,0.69468698743,0.885606160022,0.929005867979,1.),
  .UNSPECIFIED.);
#2010 = CARTESIAN_POINT('',(0.,6.875));
#2011 = CARTESIAN_POINT('',(3.17645887599E-02,6.875));
#2012 = CARTESIAN_POINT('',(6.347989404199E-02,6.872415368105));
#2013 = CARTESIAN_POINT('',(9.506688252084E-02,6.867260408089));
#2014 = CARTESIAN_POINT('',(0.126446594955,6.859587217418));
#2015 = CARTESIAN_POINT('',(0.157538516042,6.849485918033));
#2016 = CARTESIAN_POINT('',(0.188258944278,6.837084887132));
#2017 = CARTESIAN_POINT('',(0.21851936181,6.82255098795));
#2018 = CARTESIAN_POINT('',(0.267162429907,6.795595568569));
#2019 = CARTESIAN_POINT('',(0.285893481613,6.784307576217));
#2020 = CARTESIAN_POINT('',(0.304415474852,6.772263660605));
#2021 = CARTESIAN_POINT('',(0.322725572012,6.759501949812));
#2022 = CARTESIAN_POINT('',(0.34082058243,6.746060862868));
#2023 = CARTESIAN_POINT('',(0.358696962391,6.731979109757));
#2024 = CARTESIAN_POINT('',(0.376350815133,6.717295691419));
#2025 = CARTESIAN_POINT('',(0.466900809241,6.63807951257));
#2026 = CARTESIAN_POINT('',(0.53604804636,6.564193387822));
#2027 = CARTESIAN_POINT('',(0.601556059282,6.482718661969));
#2028 = CARTESIAN_POINT('',(0.663715494614,6.39535701252));
#2029 = CARTESIAN_POINT('',(0.72278992232,6.303284218205));
#2030 = CARTESIAN_POINT('',(0.779004836981,6.207142540507));
#2031 = CARTESIAN_POINT('',(0.832546766427,6.107101371709));
#2032 = CARTESIAN_POINT('',(0.910447289026,5.946978815287));
#2033 = CARTESIAN_POINT('',(0.936631034373,5.89030228878));
#2034 = CARTESIAN_POINT('',(0.961956650026,5.832494113607));
#2035 = CARTESIAN_POINT('',(0.986432098504,5.773357817526));
#2036 = CARTESIAN_POINT('',(1.009977950324,5.71275033443));
#2037 = CARTESIAN_POINT('',(1.032416859439,5.650596776148));
#2038 = CARTESIAN_POINT('',(1.053472636154,5.586876222142));
#2039 = CARTESIAN_POINT('',(1.078507705929,5.502225697939));
#2040 = CARTESIAN_POINT('',(1.084086082522,5.482706681964));
#2041 = CARTESIAN_POINT('',(1.089508678005,5.463022653493));
#2042 = CARTESIAN_POINT('',(1.094765260513,5.443170434084));
#2043 = CARTESIAN_POINT('',(1.099844750359,5.423146713115));
#2044 = CARTESIAN_POINT('',(1.104735220034,5.402948047788));
#2045 = CARTESIAN_POINT('',(1.109423894211,5.382570863125));
#2046 = CARTESIAN_POINT('',(1.123186753317,5.319315751228));
#2047 = CARTESIAN_POINT('',(1.131624473093,5.275479353573));
#2048 = CARTESIAN_POINT('',(1.138985812789,5.23079558403));
#2049 = CARTESIAN_POINT('',(1.145088774854,5.185475825761));
#2050 = CARTESIAN_POINT('',(1.149790677933,5.139663467854));
#2051 = CARTESIAN_POINT('',(1.152985542812,5.09344865027));
#2052 = CARTESIAN_POINT('',(1.154602046844,5.046883805935));
#2053 = CARTESIAN_POINT('',(1.154602046844,4.971491887693));
#2054 = CARTESIAN_POINT('',(1.154004485,4.943024042783));
#2055 = CARTESIAN_POINT('',(1.152811843585,4.914624070905));
#2056 = CARTESIAN_POINT('',(1.151034334428,4.886326025428));
#2057 = CARTESIAN_POINT('',(1.148689967142,4.858170517864));
#2058 = CARTESIAN_POINT('',(1.145804617346,4.830204828291));
#2059 = CARTESIAN_POINT('',(1.14241209489,4.802483015765));
#2060 = CARTESIAN_POINT('',(1.136023701119,4.757082334188));
#2061 = CARTESIAN_POINT('',(1.133291025893,4.739216351605));
#2062 = CARTESIAN_POINT('',(1.130364842015,4.721467894805));
#2063 = CARTESIAN_POINT('',(1.127253967384,4.703837730848));
#2064 = CARTESIAN_POINT('',(1.123967382182,4.686327580037));
#2065 = CARTESIAN_POINT('',(1.12051422887,4.668940115918));
#2066 = CARTESIAN_POINT('',(1.116903812194,4.651678965276));
#2067 = CARTESIAN_POINT('',(1.10864664421,4.61404208565));
#2068 = CARTESIAN_POINT('',(1.10393455432,4.593716934703));
#2069 = CARTESIAN_POINT('',(1.099022820867,4.573569560994));
#2070 = CARTESIAN_POINT('',(1.093924079053,4.553596372982));
#2071 = CARTESIAN_POINT('',(1.088650107924,4.533793881886));
#2072 = CARTESIAN_POINT('',(1.083211830369,4.514158701694));
#2073 = CARTESIAN_POINT('',(1.077619313126,4.494687549155));
#2074 = CARTESIAN_POINT('',(1.052686072767,4.410772151193));
#2075 = CARTESIAN_POINT('',(1.031790001089,4.347708081274));
#2076 = CARTESIAN_POINT('',(1.00954304362,4.286179058494));
#2077 = CARTESIAN_POINT('',(0.986211503621,4.226163674102));
#2078 = CARTESIAN_POINT('',(0.961966715387,4.167588609197));
#2079 = CARTESIAN_POINT('',(0.936886040399,4.11031545074));
#2080 = CARTESIAN_POINT('',(0.910962890701,4.054154760575));
#2081 = CARTESIAN_POINT('',(0.832907827304,3.893503154761));
#2082 = CARTESIAN_POINT('',(0.778878819616,3.792517037373));
#2083 = CARTESIAN_POINT('',(0.722128815714,3.695496995594));
#2084 = CARTESIAN_POINT('',(0.662463881851,3.602618024526));
#2085 = CARTESIAN_POINT('',(0.599651939923,3.514545295107));
#2086 = CARTESIAN_POINT('',(0.533421857445,3.43249878984));
#2087 = CARTESIAN_POINT('',(0.463474915165,3.358244017289));
#2088 = CARTESIAN_POINT('',(0.372640518787,3.279637879685));
#2089 = CARTESIAN_POINT('',(0.355606510751,3.265606207753));
#2090 = CARTESIAN_POINT('',(0.33836640425,3.252137230468));
#2091 = CARTESIAN_POINT('',(0.320923778797,3.239265881602));
#2092 = CARTESIAN_POINT('',(0.303281907015,3.227026810778));
#2093 = CARTESIAN_POINT('',(0.285443754634,3.215454383469));
#2094 = CARTESIAN_POINT('',(0.267411980496,3.204582680999));
#2095 = CARTESIAN_POINT('',(0.219379307673,3.177862892925));
#2096 = CARTESIAN_POINT('',(0.189007145739,3.163217714328));
#2097 = CARTESIAN_POINT('',(0.158168997169,3.150719208458));
#2098 = CARTESIAN_POINT('',(0.12695482643,3.140537141996));
#2099 = CARTESIAN_POINT('',(9.54496795596E-02,3.132802038383));
#2100 = CARTESIAN_POINT('',(6.373534768451E-02,3.12760541161));
#2101 = CARTESIAN_POINT('',(3.18920305418E-02,3.125));
#2102 = CARTESIAN_POINT('',(0.,3.125));
#2103 = ( GEOMETRIC_REPRESENTATION_CONTEXT(2) 
PARAMETRIC_REPRESENTATION_CONTEXT() REPRESENTATION_CONTEXT('2D SPACE',''
  ) );
#2104 = PCURVE('',#1808,#2105);
#2105 = DEFINITIONAL_REPRESENTATION('',(#2106),#2200);
#2106 = B_SPLINE_CURVE_WITH_KNOTS('',8,(#2107,#2108,#2109,#2110,#2111,
    #2112,#2113,#2114,#2115,#2116,#2117,#2118,#2119,#2120,#2121,#2122,
    #2123,#2124,#2125,#2126,#2127,#2128,#2129,#2130,#2131,#2132,#2133,
    #2134,#2135,#2136,#2137,#2138,#2139,#2140,#2141,#2142,#2143,#2144,
    #2145,#2146,#2147,#2148,#2149,#2150,#2151,#2152,#2153,#2154,#2155,
    #2156,#2157,#2158,#2159,#2160,#2161,#2162,#2163,#2164,#2165,#2166,
    #2167,#2168,#2169,#2170,#2171,#2172,#2173,#2174,#2175,#2176,#2177,
    #2178,#2179,#2180,#2181,#2182,#2183,#2184,#2185,#2186,#2187,#2188,
    #2189,#2190,#2191,#2192,#2193,#2194,#2195,#2196,#2197,#2198,#2199),
  .UNSPECIFIED.,.F.,.F.,(9,7,7,7,7,7,7,7,7,7,7,7,7,9),(0.,
    7.121335596117E-02,0.116612843753,0.307106251654,0.408848197611,
    0.439010842883,0.501649566657,0.539737595914,0.564720774526,
    0.594628125504,0.69468698743,0.885606160022,0.929005867979,1.),
  .UNSPECIFIED.);
#2107 = CARTESIAN_POINT('',(0.,-2.95));
#2108 = CARTESIAN_POINT('',(-3.472928371082E-02,-2.95));
#2109 = CARTESIAN_POINT('',(-6.940471200908E-02,-2.952363908755));
#2110 = CARTESIAN_POINT('',(-0.103950223702,-2.957078907559));
#2111 = CARTESIAN_POINT('',(-0.138289835879,-2.964094170677));
#2112 = CARTESIAN_POINT('',(-0.172345528144,-2.973321244268));
#2113 = CARTESIAN_POINT('',(-0.206035126849,-2.984634425304));
#2114 = CARTESIAN_POINT('',(-0.239270189332,-2.997871140502));
#2115 = CARTESIAN_POINT('',(-0.292790192875,-3.022370285004));
#2116 = CARTESIAN_POINT('',(-0.313423280774,-3.032618698188));
#2117 = CARTESIAN_POINT('',(-0.333852453747,-3.043539967579));
#2118 = CARTESIAN_POINT('',(-0.354076560678,-3.055096083565));
#2119 = CARTESIAN_POINT('',(-0.374093997432,-3.067248624134));
#2120 = CARTESIAN_POINT('',(-0.393902706854,-3.079958754871));
#2121 = CARTESIAN_POINT('',(-0.413500178771,-3.093187228963));
#2122 = CARTESIAN_POINT('',(-0.514214442267,-3.164408764812));
#2123 = CARTESIAN_POINT('',(-0.591793167601,-3.230364467984));
#2124 = CARTESIAN_POINT('',(-0.666123177785,-3.302356447005));
#2125 = CARTESIAN_POINT('',(-0.73767390596,-3.378489630219));
#2126 = CARTESIAN_POINT('',(-0.806915384382,-3.457304039521));
#2127 = CARTESIAN_POINT('',(-0.874378956684,-3.537654847358));
#2128 = CARTESIAN_POINT('',(-0.940661470934,-3.618650396124));
#2129 = CARTESIAN_POINT('',(-1.041726582827,-3.742072124864));
#2130 = CARTESIAN_POINT('',(-1.07660379902,-3.784649929852));
#2131 = CARTESIAN_POINT('',(-1.111393753613,-3.826781303249));
#2132 = CARTESIAN_POINT('',(-1.146279630168,-3.8683348965));
#2133 = CARTESIAN_POINT('',(-1.18139527846,-3.909045938927));
#2134 = CARTESIAN_POINT('',(-1.216830187907,-3.948471869038));
#2135 = CARTESIAN_POINT('',(-1.252646018283,-3.985975862449));
#2136 = CARTESIAN_POINT('',(-1.299648153053,-4.031063852396));
#2137 = CARTESIAN_POINT('',(-1.310447846117,-4.041147160384));
#2138 = CARTESIAN_POINT('',(-1.321302166288,-4.050982778767));
#2139 = CARTESIAN_POINT('',(-1.332214148894,-4.060548364273));
#2140 = CARTESIAN_POINT('',(-1.343186944412,-4.069819949634));
#2141 = CARTESIAN_POINT('',(-1.354223818467,-4.078771943584));
#2142 = CARTESIAN_POINT('',(-1.365328151835,-4.087377130861));
#2143 = CARTESIAN_POINT('',(-1.399711146846,-4.11269694935));
#2144 = CARTESIAN_POINT('',(-1.423417750045,-4.128309203498));
#2145 = CARTESIAN_POINT('',(-1.44747382165,-4.14199951274));
#2146 = CARTESIAN_POINT('',(-1.471781962089,-4.153395515189));
#2147 = CARTESIAN_POINT('',(-1.496285282464,-4.162199491087));
#2148 = CARTESIAN_POINT('',(-1.520957069027,-4.168189814884));
#2149 = CARTESIAN_POINT('',(-1.545791630296,-4.171220777287));
#2150 = CARTESIAN_POINT('',(-1.586000653358,-4.171220777287));
#2151 = CARTESIAN_POINT('',(-1.601183518083,-4.170100398501));
#2152 = CARTESIAN_POINT('',(-1.616335508549,-4.167864136067));
#2153 = CARTESIAN_POINT('',(-1.631443790812,-4.16453291768));
#2154 = CARTESIAN_POINT('',(-1.646491883191,-4.160143869972));
#2155 = CARTESIAN_POINT('',(-1.661459430052,-4.154750084893));
#2156 = CARTESIAN_POINT('',(-1.676321975591,-4.148420386094));
#2157 = CARTESIAN_POINT('',(-1.700711812231,-4.136528652842));
#2158 = CARTESIAN_POINT('',(-1.710322533119,-4.131448135521));
#2159 = CARTESIAN_POINT('',(-1.719884152334,-4.126015536534));
#2160 = CARTESIAN_POINT('',(-1.729397347288,-4.120249180593));
#2161 = CARTESIAN_POINT('',(-1.738862220749,-4.114167723922));
#2162 = CARTESIAN_POINT('',(-1.748278300843,-4.107790154264));
#2163 = CARTESIAN_POINT('',(-1.757644541054,-4.101135790877));
#2164 = CARTESIAN_POINT('',(-1.77811003784,-4.085950523657));
#2165 = CARTESIAN_POINT('',(-1.789190327276,-4.077305735168));
#2166 = CARTESIAN_POINT('',(-1.800203663333,-4.068318495874));
#2167 = CARTESIAN_POINT('',(-1.811153423693,-4.059015743342));
#2168 = CARTESIAN_POINT('',(-1.822042888914,-4.049422775906));
#2169 = CARTESIAN_POINT('',(-1.832875242436,-4.039563252667));
#2170 = CARTESIAN_POINT('',(-1.843653570575,-4.02945919349));
#2171 = CARTESIAN_POINT('',(-1.890270387653,-3.984576618523));
#2172 = CARTESIAN_POINT('',(-1.92573287344,-3.947374452394));
#2173 = CARTESIAN_POINT('',(-1.960824127074,-3.908301043276));
#2174 = CARTESIAN_POINT('',(-1.995604677445,-3.867971194676));
#2175 = CARTESIAN_POINT('',(-2.030161969707,-3.826813333271));
#2176 = CARTESIAN_POINT('',(-2.064625934388,-3.785085439683));
#2177 = CARTESIAN_POINT('',(-2.09917368478,-3.742917206331));
#2178 = CARTESIAN_POINT('',(-2.200506532031,-3.619169856712));
#2179 = CARTESIAN_POINT('',(-2.267394793947,-3.537408846343));
#2180 = CARTESIAN_POINT('',(-2.335486891256,-3.456303699344));
#2181 = CARTESIAN_POINT('',(-2.405395864231,-3.376766620681));
#2182 = CARTESIAN_POINT('',(-2.477667149451,-3.29997728848));
#2183 = CARTESIAN_POINT('',(-2.552782146775,-3.227443552739));
#2184 = CARTESIAN_POINT('',(-2.631222330995,-3.161126889579));
#2185 = CARTESIAN_POINT('',(-2.73221035604,-3.090424040824));
#2186 = CARTESIAN_POINT('',(-2.751113609243,-3.077778725284));
#2187 = CARTESIAN_POINT('',(-2.770212730224,-3.065618936924));
#2188 = CARTESIAN_POINT('',(-2.789505370035,-3.053979802734));
#2189 = CARTESIAN_POINT('',(-2.808989574118,-3.042896063639));
#2190 = CARTESIAN_POINT('',(-2.82866378231,-3.032402074501));
#2191 = CARTESIAN_POINT('',(-2.848526828838,-3.022531804115));
#2192 = CARTESIAN_POINT('',(-2.90137796483,-2.998248071809));
#2193 = CARTESIAN_POINT('',(-2.934737001121,-2.984910478609));
#2194 = CARTESIAN_POINT('',(-2.968556542679,-2.973508619303));
#2195 = CARTESIAN_POINT('',(-3.002746647725,-2.964207869331));
#2196 = CARTESIAN_POINT('',(-3.037223779621,-2.957136025116));
#2197 = CARTESIAN_POINT('',(-3.071908645273,-2.952382913305));
#2198 = CARTESIAN_POINT('',(-3.106724033531,-2.95));
#2199 = CARTESIAN_POINT('',(-3.14159265359,-2.95));
#2200 = ( GEOMETRIC_REPRESENTATION_CONTEXT(2) 
PARAMETRIC_REPRESENTATION_CONTEXT() REPRESENTATION_CONTEXT('2D SPACE',''
  ) );
#2201 = ORIENTED_EDGE('',*,*,#2202,.F.);
#2202 = EDGE_CURVE('',#1737,#1910,#2203,.T.);
#2203 = SEAM_CURVE('',#2204,(#2208,#2215),.PCURVE_S1.);
#2204 = LINE('',#2205,#2206);
#2205 = CARTESIAN_POINT('',(1.057216699963E-15,5.,2.95));
#2206 = VECTOR('',#2207,1.);
#2207 = DIRECTION('',(1.110223024625E-16,1.,1.110223024625E-16));
#2208 = PCURVE('',#1753,#2209);
#2209 = DEFINITIONAL_REPRESENTATION('',(#2210),#2214);
#2210 = LINE('',#2211,#2212);
#2211 = CARTESIAN_POINT('',(6.28318530718,-0.));
#2212 = VECTOR('',#2213,1.);
#2213 = DIRECTION('',(0.,1.));
#2214 = ( GEOMETRIC_REPRESENTATION_CONTEXT(2) 
PARAMETRIC_REPRESENTATION_CONTEXT() REPRESENTATION_CONTEXT('2D SPACE',''
  ) );
#2215 = PCURVE('',#1753,#2216);
#2216 = DEFINITIONAL_REPRESENTATION('',(#2217),#2221);
#2217 = LINE('',#2218,#2219);
#2218 = CARTESIAN_POINT('',(0.,-0.));
#2219 = VECTOR('',#2220,1.);
#2220 = DIRECTION('',(0.,1.));
#2221 = ( GEOMETRIC_REPRESENTATION_CONTEXT(2) 
PARAMETRIC_REPRESENTATION_CONTEXT() REPRESENTATION_CONTEXT('2D SPACE',''
  ) );
#2222 = ORIENTED_EDGE('',*,*,#1736,.T.);
#2223 = ORIENTED_EDGE('',*,*,#2202,.T.);
#2224 = ORIENTED_EDGE('',*,*,#2225,.T.);
#2225 = EDGE_CURVE('',#1910,#1885,#2226,.T.);
#2226 = SURFACE_CURVE('',#2227,(#2321,#2418),.PCURVE_S1.);
#2227 = B_SPLINE_CURVE_WITH_KNOTS('',8,(#2228,#2229,#2230,#2231,#2232,
    #2233,#2234,#2235,#2236,#2237,#2238,#2239,#2240,#2241,#2242,#2243,
    #2244,#2245,#2246,#2247,#2248,#2249,#2250,#2251,#2252,#2253,#2254,
    #2255,#2256,#2257,#2258,#2259,#2260,#2261,#2262,#2263,#2264,#2265,
    #2266,#2267,#2268,#2269,#2270,#2271,#2272,#2273,#2274,#2275,#2276,
    #2277,#2278,#2279,#2280,#2281,#2282,#2283,#2284,#2285,#2286,#2287,
    #2288,#2289,#2290,#2291,#2292,#2293,#2294,#2295,#2296,#2297,#2298,
    #2299,#2300,#2301,#2302,#2303,#2304,#2305,#2306,#2307,#2308,#2309,
    #2310,#2311,#2312,#2313,#2314,#2315,#2316,#2317,#2318,#2319,#2320),
  .UNSPECIFIED.,.F.,.F.,(9,7,7,7,7,7,7,7,7,7,7,7,7,9),(0.,
    7.121329596881E-02,0.116612766025,0.307106176624,0.408848124021,
    0.439010769721,0.501649494383,0.539737524178,0.564720703191,
    0.594628056996,0.694686935837,0.885606140705,0.929005855998,1.),
  .UNSPECIFIED.);
#2228 = CARTESIAN_POINT('',(9.020562075079E-16,8.125,2.95));
#2229 = CARTESIAN_POINT('',(6.511740696782E-02,8.125,2.95));
#2230 = CARTESIAN_POINT('',(0.130133843484,8.127584631895,2.952363908755
    ));
#2231 = CARTESIAN_POINT('',(0.19478698646,8.132739591911,2.957078907559)
  );
#2232 = CARTESIAN_POINT('',(0.25881627884,8.140412782581,2.964094170676)
  );
#2233 = CARTESIAN_POINT('',(0.321964816886,8.150514081966,2.973321244266
    ));
#2234 = CARTESIAN_POINT('',(0.383981237464,8.162915112868,2.984634425304
    ));
#2235 = CARTESIAN_POINT('',(0.444621605324,8.177449012052,2.997871140504
    ));
#2236 = CARTESIAN_POINT('',(0.541283554835,8.204404436171,3.022370289311
    ));
#2237 = CARTESIAN_POINT('',(0.57829884459,8.215692425009,3.032618699325)
  );
#2238 = CARTESIAN_POINT('',(0.614679591722,8.227736335957,3.043539964493
    ));
#2239 = CARTESIAN_POINT('',(0.650409558768,8.240498045118,3.055096078986
    ));
#2240 = CARTESIAN_POINT('',(0.685473848735,8.253939134718,3.067248621935
    ));
#2241 = CARTESIAN_POINT('',(0.719858905101,8.268020893106,3.079958757427
    ));
#2242 = CARTESIAN_POINT('',(0.753552511814,8.282704314753,3.093187234512
    ));
#2243 = CARTESIAN_POINT('',(0.924973200543,8.361920487429,3.164408764812
    ));
#2244 = CARTESIAN_POINT('',(1.051069882006,8.435806612177,3.230364467984
    ));
#2245 = CARTESIAN_POINT('',(1.165256905269,8.517281338033,3.302356447005
    ));
#2246 = CARTESIAN_POINT('',(1.268250128627,8.604642987477,3.378489630219
    ));
#2247 = CARTESIAN_POINT('',(1.360873298029,8.696715781795,3.45730403952)
  );
#2248 = CARTESIAN_POINT('',(1.443970135335,8.792857459493,3.537654847358
    ));
#2249 = CARTESIAN_POINT('',(1.518291677424,8.892898628291,3.618650396124
    ));
#2250 = CARTESIAN_POINT('',(1.619632252083,9.053021184713,3.742072124864
    ));
#2251 = CARTESIAN_POINT('',(1.652362813884,9.109697711219,3.784649929852
    ));
#2252 = CARTESIAN_POINT('',(1.682766438148,9.167505886393,3.826781303249
    ));
#2253 = CARTESIAN_POINT('',(1.710960032104,9.226642182474,3.8683348965)
  );
#2254 = CARTESIAN_POINT('',(1.736956859984,9.28724966557,3.909045938927)
  );
#2255 = CARTESIAN_POINT('',(1.760697399105,9.349403223853,3.948471869038
    ));
#2256 = CARTESIAN_POINT('',(1.782083642351,9.413123777858,3.98597586245)
  );
#2257 = CARTESIAN_POINT('',(1.806599144951,9.497774302061,4.031063852396
    ));
#2258 = CARTESIAN_POINT('',(1.811994275182,9.517293318036,4.041147160384
    ));
#2259 = CARTESIAN_POINT('',(1.817175169198,9.536977346507,4.050982778767
    ));
#2260 = CARTESIAN_POINT('',(1.822138050526,9.556829565916,4.060548364274
    ));
#2261 = CARTESIAN_POINT('',(1.826878768523,9.576853286885,4.069819949634
    ));
#2262 = CARTESIAN_POINT('',(1.831392798377,9.597051952212,4.078771943584
    ));
#2263 = CARTESIAN_POINT('',(1.835675241107,9.617429136875,4.087377130861
    ));
#2264 = CARTESIAN_POINT('',(1.848122279054,9.680684248772,4.11269694935)
  );
#2265 = CARTESIAN_POINT('',(1.855571971535,9.724520646427,4.128309203498
    ));
#2266 = CARTESIAN_POINT('',(1.861923445111,9.76920441597,4.14199951274)
  );
#2267 = CARTESIAN_POINT('',(1.867088201993,9.814524174239,4.153395515189
    ));
#2268 = CARTESIAN_POINT('',(1.871012573064,9.860336532146,4.162199491087
    ));
#2269 = CARTESIAN_POINT('',(1.873660181577,9.90655134973,4.168189814884)
  );
#2270 = CARTESIAN_POINT('',(1.875,9.953116194065,4.171220777287));
#2271 = CARTESIAN_POINT('',(1.875,10.028508112307,4.171220777287));
#2272 = CARTESIAN_POINT('',(1.874504628342,10.056975957217,
    4.170100398501));
#2273 = CARTESIAN_POINT('',(1.873516347662,10.085375929095,
    4.167864136067));
#2274 = CARTESIAN_POINT('',(1.872039542449,10.113673974572,4.16453291768
    ));
#2275 = CARTESIAN_POINT('',(1.870081536829,10.141829482136,
    4.160143869972));
#2276 = CARTESIAN_POINT('',(1.867653612349,10.169795171708,
    4.154750084893));
#2277 = CARTESIAN_POINT('',(1.864772025766,10.197516984235,
    4.148420386094));
#2278 = CARTESIAN_POINT('',(1.859285922948,10.242917665846,
    4.136528652834));
#2279 = CARTESIAN_POINT('',(1.856925681418,10.260783648408,
    4.131448135519));
#2280 = CARTESIAN_POINT('',(1.854381754128,10.278532105179,
    4.126015536542));
#2281 = CARTESIAN_POINT('',(1.851657778101,10.296162269122,
    4.120249180603));
#2282 = CARTESIAN_POINT('',(1.848757575492,10.313672419945,
    4.114167723926));
#2283 = CARTESIAN_POINT('',(1.845685153592,10.331059884093,
    4.107790154258));
#2284 = CARTESIAN_POINT('',(1.842444704825,10.348321034755,
    4.101135790865));
#2285 = CARTESIAN_POINT('',(1.83496556228,10.385957915923,4.085950523023
    ));
#2286 = CARTESIAN_POINT('',(1.830654956036,10.406283065947,
    4.077305734979));
#2287 = CARTESIAN_POINT('',(1.826114007558,10.426430438264,
    4.068318496292));
#2288 = CARTESIAN_POINT('',(1.821347553114,10.446403625641,
    4.059015743986));
#2289 = CARTESIAN_POINT('',(1.8163600457,10.466206117277,4.049422776227)
  );
#2290 = CARTESIAN_POINT('',(1.811155555043,10.485841298803,
    4.039563252323));
#2291 = CARTESIAN_POINT('',(1.805737767596,10.505312452285,
    4.029459192721));
#2292 = CARTESIAN_POINT('',(1.781281524955,10.589227848806,
    3.984576618524));
#2293 = CARTESIAN_POINT('',(1.760027217292,10.652291918727,
    3.947374452394));
#2294 = CARTESIAN_POINT('',(1.736465095125,10.713820941505,
    3.908301043276));
#2295 = CARTESIAN_POINT('',(1.710689387049,10.773836325898,
    3.867971194676));
#2296 = CARTESIAN_POINT('',(1.682756793755,10.832411390803,
    3.826813333271));
#2297 = CARTESIAN_POINT('',(1.652654022704,10.889684549259,
    3.785085439684));
#2298 = CARTESIAN_POINT('',(1.620268639593,10.945845239426,3.74291720633
    ));
#2299 = CARTESIAN_POINT('',(1.518825477099,11.106496845239,
    3.619169856712));
#2300 = CARTESIAN_POINT('',(1.44385503974,11.207482962628,3.537408846342
    ));
#2301 = CARTESIAN_POINT('',(1.359948204866,11.304503004405,
    3.456303699345));
#2302 = CARTESIAN_POINT('',(1.266330814587,11.397381975476,3.37676662068
    ));
#2303 = CARTESIAN_POINT('',(1.162133685658,11.485454704891,
    3.299977288481));
#2304 = CARTESIAN_POINT('',(1.04651059119,11.567501210161,3.227443552738
    ));
#2305 = CARTESIAN_POINT('',(0.918730116002,11.64175598271,3.161126889579
    ));
#2306 = CARTESIAN_POINT('',(0.746464442777,11.720362120315,
    3.090424040824));
#2307 = CARTESIAN_POINT('',(0.713907993754,11.734393792247,
    3.077778725284));
#2308 = CARTESIAN_POINT('',(0.68071164775,11.747862769532,3.065618936924
    ));
#2309 = CARTESIAN_POINT('',(0.646886685126,11.760734118398,
    3.053979802734));
#2310 = CARTESIAN_POINT('',(0.612445548606,11.772973189222,
    3.042896063639));
#2311 = CARTESIAN_POINT('',(0.577401843287,11.784545616531,
    3.032402074501));
#2312 = CARTESIAN_POINT('',(0.541770336628,11.795417319001,
    3.022531804115));
#2313 = CARTESIAN_POINT('',(0.446344730254,11.822137107071,
    2.998248071814));
#2314 = CARTESIAN_POINT('',(0.385491572986,11.836782285672,
    2.984910478609));
#2315 = CARTESIAN_POINT('',(0.32324531155,11.849280791545,2.9735086193)
  );
#2316 = CARTESIAN_POINT('',(0.259853306046,11.859462858006,
    2.964207869329));
#2317 = CARTESIAN_POINT('',(0.195570509324,11.867197961616,
    2.957136025116));
#2318 = CARTESIAN_POINT('',(0.130657524525,11.872394588389,
    2.952382913306));
#2319 = CARTESIAN_POINT('',(6.537866262893E-02,11.875,2.95));
#2320 = CARTESIAN_POINT('',(1.762479051592E-15,11.875,2.95));
#2321 = PCURVE('',#1753,#2322);
#2322 = DEFINITIONAL_REPRESENTATION('',(#2323),#2417);
#2323 = B_SPLINE_CURVE_WITH_KNOTS('',8,(#2324,#2325,#2326,#2327,#2328,
    #2329,#2330,#2331,#2332,#2333,#2334,#2335,#2336,#2337,#2338,#2339,
    #2340,#2341,#2342,#2343,#2344,#2345,#2346,#2347,#2348,#2349,#2350,
    #2351,#2352,#2353,#2354,#2355,#2356,#2357,#2358,#2359,#2360,#2361,
    #2362,#2363,#2364,#2365,#2366,#2367,#2368,#2369,#2370,#2371,#2372,
    #2373,#2374,#2375,#2376,#2377,#2378,#2379,#2380,#2381,#2382,#2383,
    #2384,#2385,#2386,#2387,#2388,#2389,#2390,#2391,#2392,#2393,#2394,
    #2395,#2396,#2397,#2398,#2399,#2400,#2401,#2402,#2403,#2404,#2405,
    #2406,#2407,#2408,#2409,#2410,#2411,#2412,#2413,#2414,#2415,#2416),
  .UNSPECIFIED.,.F.,.F.,(9,7,7,7,7,7,7,7,7,7,7,7,7,9),(0.,
    7.121329596881E-02,0.116612766025,0.307106176624,0.408848124021,
    0.439010769721,0.501649494383,0.539737524178,0.564720703191,
    0.594628056996,0.694686935837,0.885606140705,0.929005855998,1.),
  .UNSPECIFIED.);
#2324 = CARTESIAN_POINT('',(6.28318530718,3.125));
#2325 = CARTESIAN_POINT('',(6.251420718415,3.125));
#2326 = CARTESIAN_POINT('',(6.219705413136,3.127584631895));
#2327 = CARTESIAN_POINT('',(6.188118424661,3.132739591911));
#2328 = CARTESIAN_POINT('',(6.156738712229,3.140412782581));
#2329 = CARTESIAN_POINT('',(6.12564679114,3.150514081966));
#2330 = CARTESIAN_POINT('',(6.0949263629,3.162915112868));
#2331 = CARTESIAN_POINT('',(6.064665945365,3.177449012052));
#2332 = CARTESIAN_POINT('',(6.01602286872,3.204404436171));
#2333 = CARTESIAN_POINT('',(5.997291821719,3.215692425009));
#2334 = CARTESIAN_POINT('',(5.978769835842,3.227736335957));
#2335 = CARTESIAN_POINT('',(5.960459742256,3.240498045118));
#2336 = CARTESIAN_POINT('',(5.942364729334,3.253939134718));
#2337 = CARTESIAN_POINT('',(5.924488342652,3.268020893106));
#2338 = CARTESIAN_POINT('',(5.906834484992,3.282704314753));
#2339 = CARTESIAN_POINT('',(5.816284497939,3.361920487429));
#2340 = CARTESIAN_POINT('',(5.747137260819,3.435806612177));
#2341 = CARTESIAN_POINT('',(5.681629247897,3.517281338033));
#2342 = CARTESIAN_POINT('',(5.619469812566,3.604642987477));
#2343 = CARTESIAN_POINT('',(5.560395384859,3.696715781796));
#2344 = CARTESIAN_POINT('',(5.504180470199,3.792857459493));
#2345 = CARTESIAN_POINT('',(5.450638540753,3.892898628291));
#2346 = CARTESIAN_POINT('',(5.372738018154,4.053021184713));
#2347 = CARTESIAN_POINT('',(5.346554272807,4.109697711219));
#2348 = CARTESIAN_POINT('',(5.321228657153,4.167505886393));
#2349 = CARTESIAN_POINT('',(5.296753208676,4.226642182474));
#2350 = CARTESIAN_POINT('',(5.273207356856,4.28724966557));
#2351 = CARTESIAN_POINT('',(5.25076844774,4.349403223852));
#2352 = CARTESIAN_POINT('',(5.229712671026,4.413123777858));
#2353 = CARTESIAN_POINT('',(5.204677601251,4.497774302061));
#2354 = CARTESIAN_POINT('',(5.199099224658,4.517293318036));
#2355 = CARTESIAN_POINT('',(5.193676629174,4.536977346507));
#2356 = CARTESIAN_POINT('',(5.188420046666,4.556829565916));
#2357 = CARTESIAN_POINT('',(5.183340556821,4.576853286885));
#2358 = CARTESIAN_POINT('',(5.178450087145,4.597051952212));
#2359 = CARTESIAN_POINT('',(5.173761412969,4.617429136875));
#2360 = CARTESIAN_POINT('',(5.159998553863,4.680684248772));
#2361 = CARTESIAN_POINT('',(5.151560834086,4.724520646427));
#2362 = CARTESIAN_POINT('',(5.14419949439,4.76920441597));
#2363 = CARTESIAN_POINT('',(5.138096532326,4.814524174239));
#2364 = CARTESIAN_POINT('',(5.133394629247,4.860336532146));
#2365 = CARTESIAN_POINT('',(5.130199764367,4.90655134973));
#2366 = CARTESIAN_POINT('',(5.128583260336,4.953116194065));
#2367 = CARTESIAN_POINT('',(5.128583260336,5.028508112307));
#2368 = CARTESIAN_POINT('',(5.129180822179,5.056975957217));
#2369 = CARTESIAN_POINT('',(5.130373463595,5.085375929095));
#2370 = CARTESIAN_POINT('',(5.132150972752,5.113673974572));
#2371 = CARTESIAN_POINT('',(5.134495340038,5.141829482136));
#2372 = CARTESIAN_POINT('',(5.137380689834,5.169795171708));
#2373 = CARTESIAN_POINT('',(5.14077321229,5.197516984235));
#2374 = CARTESIAN_POINT('',(5.147161606065,5.242917665846));
#2375 = CARTESIAN_POINT('',(5.149894281288,5.260783648408));
#2376 = CARTESIAN_POINT('',(5.152820465161,5.278532105179));
#2377 = CARTESIAN_POINT('',(5.15593133979,5.296162269122));
#2378 = CARTESIAN_POINT('',(5.159217924996,5.313672419945));
#2379 = CARTESIAN_POINT('',(5.162671078313,5.331059884093));
#2380 = CARTESIAN_POINT('',(5.166281494992,5.348321034755));
#2381 = CARTESIAN_POINT('',(5.174538663315,5.385957915923));
#2382 = CARTESIAN_POINT('',(5.179250752959,5.406283065947));
#2383 = CARTESIAN_POINT('',(5.184162486079,5.426430438264));
#2384 = CARTESIAN_POINT('',(5.189261227772,5.446403625641));
#2385 = CARTESIAN_POINT('',(5.194535199082,5.466206117277));
#2386 = CARTESIAN_POINT('',(5.199973477005,5.485841298803));
#2387 = CARTESIAN_POINT('',(5.205565994481,5.505312452285));
#2388 = CARTESIAN_POINT('',(5.230499234412,5.589227848806));
#2389 = CARTESIAN_POINT('',(5.251395306091,5.652291918727));
#2390 = CARTESIAN_POINT('',(5.273642263559,5.713820941506));
#2391 = CARTESIAN_POINT('',(5.296973803559,5.773836325898));
#2392 = CARTESIAN_POINT('',(5.321218591792,5.832411390803));
#2393 = CARTESIAN_POINT('',(5.346299266781,5.889684549259));
#2394 = CARTESIAN_POINT('',(5.372222416479,5.945845239426));
#2395 = CARTESIAN_POINT('',(5.450277479876,6.106496845239));
#2396 = CARTESIAN_POINT('',(5.504306487564,6.207482962628));
#2397 = CARTESIAN_POINT('',(5.561056491465,6.304503004405));
#2398 = CARTESIAN_POINT('',(5.620721425329,6.397381975475));
#2399 = CARTESIAN_POINT('',(5.683533367255,6.485454704892));
#2400 = CARTESIAN_POINT('',(5.749763449736,6.567501210161));
#2401 = CARTESIAN_POINT('',(5.819710392014,6.64175598271));
#2402 = CARTESIAN_POINT('',(5.910544788393,6.720362120315));
#2403 = CARTESIAN_POINT('',(5.927578796429,6.734393792247));
#2404 = CARTESIAN_POINT('',(5.94481890293,6.747862769532));
#2405 = CARTESIAN_POINT('',(5.962261528382,6.760734118398));
#2406 = CARTESIAN_POINT('',(5.979903400165,6.772973189222));
#2407 = CARTESIAN_POINT('',(5.997741552546,6.784545616531));
#2408 = CARTESIAN_POINT('',(6.015773326684,6.795417319001));
#2409 = CARTESIAN_POINT('',(6.063805999498,6.822137107071));
#2410 = CARTESIAN_POINT('',(6.094178161437,6.836782285672));
#2411 = CARTESIAN_POINT('',(6.125016310015,6.849280791545));
#2412 = CARTESIAN_POINT('',(6.156230480758,6.859462858006));
#2413 = CARTESIAN_POINT('',(6.187735627625,6.867197961616));
#2414 = CARTESIAN_POINT('',(6.219449959492,6.872394588389));
#2415 = CARTESIAN_POINT('',(6.251293276629,6.875));
#2416 = CARTESIAN_POINT('',(6.28318530718,6.875));
#2417 = ( GEOMETRIC_REPRESENTATION_CONTEXT(2) 
PARAMETRIC_REPRESENTATION_CONTEXT() REPRESENTATION_CONTEXT('2D SPACE',''
  ) );
#2418 = PCURVE('',#1808,#2419);
#2419 = DEFINITIONAL_REPRESENTATION('',(#2420),#2514);
#2420 = B_SPLINE_CURVE_WITH_KNOTS('',8,(#2421,#2422,#2423,#2424,#2425,
    #2426,#2427,#2428,#2429,#2430,#2431,#2432,#2433,#2434,#2435,#2436,
    #2437,#2438,#2439,#2440,#2441,#2442,#2443,#2444,#2445,#2446,#2447,
    #2448,#2449,#2450,#2451,#2452,#2453,#2454,#2455,#2456,#2457,#2458,
    #2459,#2460,#2461,#2462,#2463,#2464,#2465,#2466,#2467,#2468,#2469,
    #2470,#2471,#2472,#2473,#2474,#2475,#2476,#2477,#2478,#2479,#2480,
    #2481,#2482,#2483,#2484,#2485,#2486,#2487,#2488,#2489,#2490,#2491,
    #2492,#2493,#2494,#2495,#2496,#2497,#2498,#2499,#2500,#2501,#2502,
    #2503,#2504,#2505,#2506,#2507,#2508,#2509,#2510,#2511,#2512,#2513),
  .UNSPECIFIED.,.F.,.F.,(9,7,7,7,7,7,7,7,7,7,7,7,7,9),(0.,
    7.121329596881E-02,0.116612766025,0.307106176624,0.408848124021,
    0.439010769721,0.501649494383,0.539737524178,0.564720703191,
    0.594628056996,0.694686935837,0.885606140705,0.929005855998,1.),
  .UNSPECIFIED.);
#2421 = CARTESIAN_POINT('',(-3.14159265359,-2.95));
#2422 = CARTESIAN_POINT('',(-3.176321937306,-2.95));
#2423 = CARTESIAN_POINT('',(-3.210997365601,-2.952363908755));
#2424 = CARTESIAN_POINT('',(-3.245542877289,-2.957078907559));
#2425 = CARTESIAN_POINT('',(-3.279882489464,-2.964094170676));
#2426 = CARTESIAN_POINT('',(-3.313938181731,-2.973321244266));
#2427 = CARTESIAN_POINT('',(-3.34762778044,-2.984634425304));
#2428 = CARTESIAN_POINT('',(-3.380862842927,-2.997871140504));
#2429 = CARTESIAN_POINT('',(-3.434382855875,-3.022370289311));
#2430 = CARTESIAN_POINT('',(-3.455015938564,-3.032618699325));
#2431 = CARTESIAN_POINT('',(-3.475445103415,-3.043539964493));
#2432 = CARTESIAN_POINT('',(-3.495669206427,-3.055096078986));
#2433 = CARTESIAN_POINT('',(-3.515686645984,-3.067248621935));
#2434 = CARTESIAN_POINT('',(-3.535495362858,-3.079958757427));
#2435 = CARTESIAN_POINT('',(-3.555092840208,-3.093187234512));
#2436 = CARTESIAN_POINT('',(-3.655807095856,-3.164408764812));
#2437 = CARTESIAN_POINT('',(-3.733385821191,-3.230364467984));
#2438 = CARTESIAN_POINT('',(-3.807715831375,-3.302356447004));
#2439 = CARTESIAN_POINT('',(-3.87926655955,-3.378489630219));
#2440 = CARTESIAN_POINT('',(-3.948508037971,-3.45730403952));
#2441 = CARTESIAN_POINT('',(-4.015971610275,-3.537654847359));
#2442 = CARTESIAN_POINT('',(-4.082254124524,-3.618650396124));
#2443 = CARTESIAN_POINT('',(-4.183319236417,-3.742072124864));
#2444 = CARTESIAN_POINT('',(-4.21819645261,-3.784649929852));
#2445 = CARTESIAN_POINT('',(-4.252986407203,-3.826781303249));
#2446 = CARTESIAN_POINT('',(-4.287872283758,-3.8683348965));
#2447 = CARTESIAN_POINT('',(-4.32298793205,-3.909045938927));
#2448 = CARTESIAN_POINT('',(-4.358422841497,-3.948471869038));
#2449 = CARTESIAN_POINT('',(-4.394238671873,-3.98597586245));
#2450 = CARTESIAN_POINT('',(-4.441240806642,-4.031063852396));
#2451 = CARTESIAN_POINT('',(-4.452040499707,-4.041147160384));
#2452 = CARTESIAN_POINT('',(-4.462894819878,-4.050982778767));
#2453 = CARTESIAN_POINT('',(-4.473806802484,-4.060548364274));
#2454 = CARTESIAN_POINT('',(-4.484779598002,-4.069819949634));
#2455 = CARTESIAN_POINT('',(-4.495816472057,-4.078771943584));
#2456 = CARTESIAN_POINT('',(-4.506920805425,-4.087377130861));
#2457 = CARTESIAN_POINT('',(-4.541303800436,-4.11269694935));
#2458 = CARTESIAN_POINT('',(-4.565010403635,-4.128309203498));
#2459 = CARTESIAN_POINT('',(-4.589066475239,-4.14199951274));
#2460 = CARTESIAN_POINT('',(-4.613374615679,-4.153395515189));
#2461 = CARTESIAN_POINT('',(-4.637877936054,-4.162199491087));
#2462 = CARTESIAN_POINT('',(-4.662549722616,-4.168189814884));
#2463 = CARTESIAN_POINT('',(-4.687384283886,-4.171220777287));
#2464 = CARTESIAN_POINT('',(-4.727593306948,-4.171220777287));
#2465 = CARTESIAN_POINT('',(-4.742776171673,-4.170100398501));
#2466 = CARTESIAN_POINT('',(-4.757928162138,-4.167864136067));
#2467 = CARTESIAN_POINT('',(-4.773036444402,-4.16453291768));
#2468 = CARTESIAN_POINT('',(-4.788084536781,-4.160143869972));
#2469 = CARTESIAN_POINT('',(-4.803052083642,-4.154750084893));
#2470 = CARTESIAN_POINT('',(-4.817914629181,-4.148420386094));
#2471 = CARTESIAN_POINT('',(-4.842304465839,-4.136528652834));
#2472 = CARTESIAN_POINT('',(-4.851915186716,-4.131448135519));
#2473 = CARTESIAN_POINT('',(-4.861476805915,-4.126015536542));
#2474 = CARTESIAN_POINT('',(-4.870990000862,-4.120249180603));
#2475 = CARTESIAN_POINT('',(-4.880454874329,-4.114167723926));
#2476 = CARTESIAN_POINT('',(-4.889870954439,-4.107790154258));
#2477 = CARTESIAN_POINT('',(-4.899237194661,-4.101135790865));
#2478 = CARTESIAN_POINT('',(-4.919702692285,-4.085950523023));
#2479 = CARTESIAN_POINT('',(-4.930782981212,-4.077305734979));
#2480 = CARTESIAN_POINT('',(-4.941796316509,-4.068318496292));
#2481 = CARTESIAN_POINT('',(-4.952746076526,-4.059015743986));
#2482 = CARTESIAN_POINT('',(-4.963635542051,-4.049422776227));
#2483 = CARTESIAN_POINT('',(-4.974467896309,-4.039563252323));
#2484 = CARTESIAN_POINT('',(-4.985246224965,-4.029459192721));
#2485 = CARTESIAN_POINT('',(-5.031863041242,-3.984576618524));
#2486 = CARTESIAN_POINT('',(-5.06732552703,-3.947374452394));
#2487 = CARTESIAN_POINT('',(-5.102416780664,-3.908301043276));
#2488 = CARTESIAN_POINT('',(-5.137197331035,-3.867971194676));
#2489 = CARTESIAN_POINT('',(-5.171754623297,-3.826813333271));
#2490 = CARTESIAN_POINT('',(-5.206218587977,-3.785085439684));
#2491 = CARTESIAN_POINT('',(-5.24076633837,-3.74291720633));
#2492 = CARTESIAN_POINT('',(-5.342099185621,-3.619169856712));
#2493 = CARTESIAN_POINT('',(-5.408987447537,-3.537408846342));
#2494 = CARTESIAN_POINT('',(-5.477079544848,-3.456303699346));
#2495 = CARTESIAN_POINT('',(-5.546988517817,-3.376766620679));
#2496 = CARTESIAN_POINT('',(-5.619259803042,-3.299977288482));
#2497 = CARTESIAN_POINT('',(-5.694374800365,-3.227443552737));
#2498 = CARTESIAN_POINT('',(-5.772814984584,-3.161126889579));
#2499 = CARTESIAN_POINT('',(-5.87380300963,-3.090424040824));
#2500 = CARTESIAN_POINT('',(-5.892706262833,-3.077778725284));
#2501 = CARTESIAN_POINT('',(-5.911805383814,-3.065618936924));
#2502 = CARTESIAN_POINT('',(-5.931098023625,-3.053979802734));
#2503 = CARTESIAN_POINT('',(-5.950582227708,-3.042896063639));
#2504 = CARTESIAN_POINT('',(-5.9702564359,-3.032402074501));
#2505 = CARTESIAN_POINT('',(-5.990119482428,-3.022531804115));
#2506 = CARTESIAN_POINT('',(-6.04297061841,-2.998248071814));
#2507 = CARTESIAN_POINT('',(-6.076329654707,-2.984910478609));
#2508 = CARTESIAN_POINT('',(-6.110149196273,-2.9735086193));
#2509 = CARTESIAN_POINT('',(-6.144339301323,-2.964207869329));
#2510 = CARTESIAN_POINT('',(-6.178816433216,-2.957136025116));
#2511 = CARTESIAN_POINT('',(-6.21350129886,-2.952382913306));
#2512 = CARTESIAN_POINT('',(-6.248316687111,-2.95));
#2513 = CARTESIAN_POINT('',(-6.28318530718,-2.95));
#2514 = ( GEOMETRIC_REPRESENTATION_CONTEXT(2) 
PARAMETRIC_REPRESENTATION_CONTEXT() REPRESENTATION_CONTEXT('2D SPACE',''
  ) );
#2515 = ADVANCED_FACE('',(#2516),#1808,.F.);
#2516 = FACE_BOUND('',#2517,.T.);
#2517 = EDGE_LOOP('',(#2518,#2519,#2540,#2541,#2542));
#2518 = ORIENTED_EDGE('',*,*,#1793,.T.);
#2519 = ORIENTED_EDGE('',*,*,#2520,.T.);
#2520 = EDGE_CURVE('',#1769,#1885,#2521,.T.);
#2521 = SEAM_CURVE('',#2522,(#2526,#2533),.PCURVE_S1.);
#2522 = LINE('',#2523,#2524);
#2523 = CARTESIAN_POINT('',(1.318389841742E-15,11.875,0.));
#2524 = VECTOR('',#2525,1.);
#2525 = DIRECTION('',(0.,0.,1.));
#2526 = PCURVE('',#1808,#2527);
#2527 = DEFINITIONAL_REPRESENTATION('',(#2528),#2532);
#2528 = LINE('',#2529,#2530);
#2529 = CARTESIAN_POINT('',(-6.28318530718,0.));
#2530 = VECTOR('',#2531,1.);
#2531 = DIRECTION('',(-0.,-1.));
#2532 = ( GEOMETRIC_REPRESENTATION_CONTEXT(2) 
PARAMETRIC_REPRESENTATION_CONTEXT() REPRESENTATION_CONTEXT('2D SPACE',''
  ) );
#2533 = PCURVE('',#1808,#2534);
#2534 = DEFINITIONAL_REPRESENTATION('',(#2535),#2539);
#2535 = LINE('',#2536,#2537);
#2536 = CARTESIAN_POINT('',(-0.,0.));
#2537 = VECTOR('',#2538,1.);
#2538 = DIRECTION('',(-0.,-1.));
#2539 = ( GEOMETRIC_REPRESENTATION_CONTEXT(2) 
PARAMETRIC_REPRESENTATION_CONTEXT() REPRESENTATION_CONTEXT('2D SPACE',''
  ) );
#2540 = ORIENTED_EDGE('',*,*,#1909,.T.);
#2541 = ORIENTED_EDGE('',*,*,#2225,.T.);
#2542 = ORIENTED_EDGE('',*,*,#2520,.F.);
#2543 = ( GEOMETRIC_REPRESENTATION_CONTEXT(3) 
GLOBAL_UNCERTAINTY_ASSIGNED_CONTEXT((#2547)) 
GLOBAL_UNIT_ASSIGNED_CONTEXT((#2544,#2545,#2546)) REPRESENTATION_CONTEXT
('Context #1','3D Context with UNIT and UNCERTAINTY') );
#2544 = ( LENGTH_UNIT() NAMED_UNIT(*) SI_UNIT(.MILLI.,.METRE.) );
#2545 = ( NAMED_UNIT(*) PLANE_ANGLE_UNIT() SI_UNIT($,.RADIAN.) );
#2546 = ( NAMED_UNIT(*) SI_UNIT($,.STERADIAN.) SOLID_ANGLE_UNIT() );
#2547 = UNCERTAINTY_MEASURE_WITH_UNIT(LENGTH_MEASURE(1.E-07),#2544,
  'distance_accuracy_value','confusion accuracy');
#2548 = PRODUCT_RELATED_PRODUCT_CATEGORY('part',$,(#7));
ENDSEC;
END-ISO-10303-21;
