ISO-10303-21;
HEADER;
FILE_DESCRIPTION(('Open CASCADE Model'),'2;1');
FILE_NAME('Open CASCADE Shape Model','2026-07-28T16:53:22',('Author'),(
    'Open CASCADE'),'Open CASCADE STEP processor 7.9','Open CASCADE 7.9'
  ,'Unknown');
FILE_SCHEMA(('AUTOMOTIVE_DESIGN { 1 0 10303 214 1 1 1 1 }'));
ENDSEC;
DATA;
#1 = APPLICATION_PROTOCOL_DEFINITION('international standard',
  'automotive_design',2000,#2);
#2 = APPLICATION_CONTEXT(
  'core data for automotive mechanical design processes');
#3 = SHAPE_DEFINITION_REPRESENTATION(#4,#10);
#4 = PRODUCT_DEFINITION_SHAPE('','',#5);
#5 = PRODUCT_DEFINITION('design','',#6,#9);
#6 = PRODUCT_DEFINITION_FORMATION('','',#7);
#7 = PRODUCT('Open CASCADE STEP translator 7.9 5',
  'Open CASCADE STEP translator 7.9 5','',(#8));
#8 = PRODUCT_CONTEXT('',#2,'mechanical');
#9 = PRODUCT_DEFINITION_CONTEXT('part definition',#2,'design');
#10 = ADVANCED_BREP_SHAPE_REPRESENTATION('',(#11,#15),#6061);
#11 = AXIS2_PLACEMENT_3D('',#12,#13,#14);
#12 = CARTESIAN_POINT('',(0.,0.,0.));
#13 = DIRECTION('',(0.,0.,1.));
#14 = DIRECTION('',(1.,0.,-0.));
#15 = MANIFOLD_SOLID_BREP('',#16);
#16 = CLOSED_SHELL('',(#17,#129,#1311,#1357,#2337,#2364,#2453,#2479,
    #2506,#2532,#2659,#2832,#2856,#2937,#2963,#3038,#3064,#3139,#3165,
    #3246,#3272,#3484,#3510,#3536,#3562,#3588,#3614,#3640,#3666,#3692,
    #3718,#3744,#3770,#3796,#3822,#3848,#3874,#3900,#3926,#3952,#3978,
    #4004,#4030,#4056,#4082,#4108,#4115,#4870,#5258,#5339,#5414,#5489,
    #5549,#5937,#5964,#5997,#6024));
#17 = ADVANCED_FACE('',(#18),#31,.T.);
#18 = FACE_BOUND('',#19,.T.);
#19 = EDGE_LOOP('',(#20,#53,#78,#104));
#20 = ORIENTED_EDGE('',*,*,#21,.F.);
#21 = EDGE_CURVE('',#22,#24,#26,.T.);
#22 = VERTEX_POINT('',#23);
#23 = CARTESIAN_POINT('',(20.,10.,4.75));
#24 = VERTEX_POINT('',#25);
#25 = CARTESIAN_POINT('',(20.421427929131,10.,4.75));
#26 = SURFACE_CURVE('',#27,(#30,#42),.PCURVE_S1.);
#27 = B_SPLINE_CURVE_WITH_KNOTS('',1,(#28,#29),.UNSPECIFIED.,.F.,.F.,(2,
    2),(0.,1.),.PIECEWISE_BEZIER_KNOTS.);
#28 = CARTESIAN_POINT('',(19.578572070869,10.,4.75));
#29 = CARTESIAN_POINT('',(20.421427929131,10.,4.75));
#30 = PCURVE('',#31,#36);
#31 = B_SPLINE_SURFACE_WITH_KNOTS('',1,1,(
    (#32,#33)
    ,(#34,#35)),.UNSPECIFIED.,.F.,.F.,.F.,(2,2),(2,2),(0.,1.),(0.,1.),
  .PIECEWISE_BEZIER_KNOTS.);
#32 = CARTESIAN_POINT('',(19.578572070869,10.,4.75));
#33 = CARTESIAN_POINT('',(20.421427929131,10.,4.75));
#34 = CARTESIAN_POINT('',(19.578572070869,0.,4.75));
#35 = CARTESIAN_POINT('',(20.421427929131,0.,4.75));
#36 = DEFINITIONAL_REPRESENTATION('',(#37),#41);
#37 = LINE('',#38,#39);
#38 = CARTESIAN_POINT('',(0.,0.));
#39 = VECTOR('',#40,1.);
#40 = DIRECTION('',(0.,1.));
#41 = ( GEOMETRIC_REPRESENTATION_CONTEXT(2) 
PARAMETRIC_REPRESENTATION_CONTEXT() REPRESENTATION_CONTEXT('2D SPACE',''
  ) );
#42 = PCURVE('',#43,#48);
#43 = PLANE('',#44);
#44 = AXIS2_PLACEMENT_3D('',#45,#46,#47);
#45 = CARTESIAN_POINT('',(34.629606769649,10.,2.402016599428));
#46 = DIRECTION('',(0.,-1.,1.110223024625E-16));
#47 = DIRECTION('',(1.,0.,0.));
#48 = DEFINITIONAL_REPRESENTATION('',(#49),#52);
#49 = B_SPLINE_CURVE_WITH_KNOTS('',1,(#50,#51),.UNSPECIFIED.,.F.,.F.,(2,
    2),(0.,1.),.PIECEWISE_BEZIER_KNOTS.);
#50 = CARTESIAN_POINT('',(-15.05103469878,2.347983400572));
#51 = CARTESIAN_POINT('',(-14.20817884051,2.347983400572));
#52 = ( GEOMETRIC_REPRESENTATION_CONTEXT(2) 
PARAMETRIC_REPRESENTATION_CONTEXT() REPRESENTATION_CONTEXT('2D SPACE',''
  ) );
#53 = ORIENTED_EDGE('',*,*,#54,.F.);
#54 = EDGE_CURVE('',#55,#22,#57,.T.);
#55 = VERTEX_POINT('',#56);
#56 = CARTESIAN_POINT('',(20.,0.,4.75));
#57 = SURFACE_CURVE('',#58,(#61,#67),.PCURVE_S1.);
#58 = B_SPLINE_CURVE_WITH_KNOTS('',1,(#59,#60),.UNSPECIFIED.,.F.,.F.,(2,
    2),(0.,1.),.PIECEWISE_BEZIER_KNOTS.);
#59 = CARTESIAN_POINT('',(20.,0.,4.75));
#60 = CARTESIAN_POINT('',(20.,10.,4.75));
#61 = PCURVE('',#31,#62);
#62 = DEFINITIONAL_REPRESENTATION('',(#63),#66);
#63 = B_SPLINE_CURVE_WITH_KNOTS('',1,(#64,#65),.UNSPECIFIED.,.F.,.F.,(2,
    2),(0.,1.),.PIECEWISE_BEZIER_KNOTS.);
#64 = CARTESIAN_POINT('',(1.,0.5));
#65 = CARTESIAN_POINT('',(0.,0.5));
#66 = ( GEOMETRIC_REPRESENTATION_CONTEXT(2) 
PARAMETRIC_REPRESENTATION_CONTEXT() REPRESENTATION_CONTEXT('2D SPACE',''
  ) );
#67 = PCURVE('',#68,#73);
#68 = PLANE('',#69);
#69 = AXIS2_PLACEMENT_3D('',#70,#71,#72);
#70 = CARTESIAN_POINT('',(20.,0.,0.));
#71 = DIRECTION('',(1.,0.,0.));
#72 = DIRECTION('',(0.,0.,1.));
#73 = DEFINITIONAL_REPRESENTATION('',(#74),#77);
#74 = B_SPLINE_CURVE_WITH_KNOTS('',1,(#75,#76),.UNSPECIFIED.,.F.,.F.,(2,
    2),(0.,1.),.PIECEWISE_BEZIER_KNOTS.);
#75 = CARTESIAN_POINT('',(4.75,0.));
#76 = CARTESIAN_POINT('',(4.75,-10.));
#77 = ( GEOMETRIC_REPRESENTATION_CONTEXT(2) 
PARAMETRIC_REPRESENTATION_CONTEXT() REPRESENTATION_CONTEXT('2D SPACE',''
  ) );
#78 = ORIENTED_EDGE('',*,*,#79,.T.);
#79 = EDGE_CURVE('',#55,#80,#82,.T.);
#80 = VERTEX_POINT('',#81);
#81 = CARTESIAN_POINT('',(20.421427929131,0.,4.75));
#82 = SURFACE_CURVE('',#83,(#86,#93),.PCURVE_S1.);
#83 = B_SPLINE_CURVE_WITH_KNOTS('',1,(#84,#85),.UNSPECIFIED.,.F.,.F.,(2,
    2),(0.,1.),.PIECEWISE_BEZIER_KNOTS.);
#84 = CARTESIAN_POINT('',(19.578572070869,0.,4.75));
#85 = CARTESIAN_POINT('',(20.421427929131,0.,4.75));
#86 = PCURVE('',#31,#87);
#87 = DEFINITIONAL_REPRESENTATION('',(#88),#92);
#88 = LINE('',#89,#90);
#89 = CARTESIAN_POINT('',(1.,0.));
#90 = VECTOR('',#91,1.);
#91 = DIRECTION('',(0.,1.));
#92 = ( GEOMETRIC_REPRESENTATION_CONTEXT(2) 
PARAMETRIC_REPRESENTATION_CONTEXT() REPRESENTATION_CONTEXT('2D SPACE',''
  ) );
#93 = PCURVE('',#94,#99);
#94 = PLANE('',#95);
#95 = AXIS2_PLACEMENT_3D('',#96,#97,#98);
#96 = CARTESIAN_POINT('',(34.629606769649,-7.105427357601E-15,
    2.402016599428));
#97 = DIRECTION('',(0.,1.,-1.110223024625E-16));
#98 = DIRECTION('',(-1.,0.,0.));
#99 = DEFINITIONAL_REPRESENTATION('',(#100),#103);
#100 = B_SPLINE_CURVE_WITH_KNOTS('',1,(#101,#102),.UNSPECIFIED.,.F.,.F.,
  (2,2),(0.,1.),.PIECEWISE_BEZIER_KNOTS.);
#101 = CARTESIAN_POINT('',(15.05103469878,2.347983400572));
#102 = CARTESIAN_POINT('',(14.208178840518,2.347983400572));
#103 = ( GEOMETRIC_REPRESENTATION_CONTEXT(2) 
PARAMETRIC_REPRESENTATION_CONTEXT() REPRESENTATION_CONTEXT('2D SPACE',''
  ) );
#104 = ORIENTED_EDGE('',*,*,#105,.F.);
#105 = EDGE_CURVE('',#24,#80,#106,.T.);
#106 = SURFACE_CURVE('',#107,(#110,#117),.PCURVE_S1.);
#107 = B_SPLINE_CURVE_WITH_KNOTS('',1,(#108,#109),.UNSPECIFIED.,.F.,.F.,
  (2,2),(0.,1.),.PIECEWISE_BEZIER_KNOTS.);
#108 = CARTESIAN_POINT('',(20.421427929131,10.,4.75));
#109 = CARTESIAN_POINT('',(20.421427929131,0.,4.75));
#110 = PCURVE('',#31,#111);
#111 = DEFINITIONAL_REPRESENTATION('',(#112),#116);
#112 = LINE('',#113,#114);
#113 = CARTESIAN_POINT('',(0.,1.));
#114 = VECTOR('',#115,1.);
#115 = DIRECTION('',(1.,0.));
#116 = ( GEOMETRIC_REPRESENTATION_CONTEXT(2) 
PARAMETRIC_REPRESENTATION_CONTEXT() REPRESENTATION_CONTEXT('2D SPACE',''
  ) );
#117 = PCURVE('',#118,#123);
#118 = B_SPLINE_SURFACE_WITH_KNOTS('',1,1,(
    (#119,#120)
    ,(#121,#122)),.UNSPECIFIED.,.F.,.F.,.F.,(2,2),(2,2),(0.,1.),(0.,1.),
  .PIECEWISE_BEZIER_KNOTS.);
#119 = CARTESIAN_POINT('',(20.421427929131,10.,4.75));
#120 = CARTESIAN_POINT('',(21.24036095623,10.,2.5));
#121 = CARTESIAN_POINT('',(20.421427929131,0.,4.75));
#122 = CARTESIAN_POINT('',(21.24036095623,0.,2.5));
#123 = DEFINITIONAL_REPRESENTATION('',(#124),#128);
#124 = LINE('',#125,#126);
#125 = CARTESIAN_POINT('',(0.,0.));
#126 = VECTOR('',#127,1.);
#127 = DIRECTION('',(1.,0.));
#128 = ( GEOMETRIC_REPRESENTATION_CONTEXT(2) 
PARAMETRIC_REPRESENTATION_CONTEXT() REPRESENTATION_CONTEXT('2D SPACE',''
  ) );
#129 = ADVANCED_FACE('',(#130,#1249,#1280),#43,.F.);
#130 = FACE_BOUND('',#131,.F.);
#131 = EDGE_LOOP('',(#132,#133,#156,#184,#212,#240,#268,#294,#320,#346,
    #372,#398,#424,#450,#476,#502,#528,#554,#580,#606,#632,#658,#684,
    #710,#736,#762,#788,#814,#840,#866,#892,#918,#944,#970,#996,#1022,
    #1048,#1074,#1100,#1126,#1152,#1178,#1204,#1230));
#132 = ORIENTED_EDGE('',*,*,#21,.F.);
#133 = ORIENTED_EDGE('',*,*,#134,.T.);
#134 = EDGE_CURVE('',#22,#135,#137,.T.);
#135 = VERTEX_POINT('',#136);
#136 = CARTESIAN_POINT('',(20.,10.,10.));
#137 = SURFACE_CURVE('',#138,(#142,#149),.PCURVE_S1.);
#138 = LINE('',#139,#140);
#139 = CARTESIAN_POINT('',(20.,10.,0.));
#140 = VECTOR('',#141,1.);
#141 = DIRECTION('',(0.,0.,1.));
#142 = PCURVE('',#43,#143);
#143 = DEFINITIONAL_REPRESENTATION('',(#144),#148);
#144 = LINE('',#145,#146);
#145 = CARTESIAN_POINT('',(-14.62960676964,-2.402016599428));
#146 = VECTOR('',#147,1.);
#147 = DIRECTION('',(0.,1.));
#148 = ( GEOMETRIC_REPRESENTATION_CONTEXT(2) 
PARAMETRIC_REPRESENTATION_CONTEXT() REPRESENTATION_CONTEXT('2D SPACE',''
  ) );
#149 = PCURVE('',#68,#150);
#150 = DEFINITIONAL_REPRESENTATION('',(#151),#155);
#151 = LINE('',#152,#153);
#152 = CARTESIAN_POINT('',(0.,-10.));
#153 = VECTOR('',#154,1.);
#154 = DIRECTION('',(1.,0.));
#155 = ( GEOMETRIC_REPRESENTATION_CONTEXT(2) 
PARAMETRIC_REPRESENTATION_CONTEXT() REPRESENTATION_CONTEXT('2D SPACE',''
  ) );
#156 = ORIENTED_EDGE('',*,*,#157,.F.);
#157 = EDGE_CURVE('',#158,#135,#160,.T.);
#158 = VERTEX_POINT('',#159);
#159 = CARTESIAN_POINT('',(0.,10.,10.));
#160 = SURFACE_CURVE('',#161,(#165,#172),.PCURVE_S1.);
#161 = LINE('',#162,#163);
#162 = CARTESIAN_POINT('',(0.,10.,10.));
#163 = VECTOR('',#164,1.);
#164 = DIRECTION('',(1.,0.,0.));
#165 = PCURVE('',#43,#166);
#166 = DEFINITIONAL_REPRESENTATION('',(#167),#171);
#167 = LINE('',#168,#169);
#168 = CARTESIAN_POINT('',(-34.62960676964,7.597983400572));
#169 = VECTOR('',#170,1.);
#170 = DIRECTION('',(1.,0.));
#171 = ( GEOMETRIC_REPRESENTATION_CONTEXT(2) 
PARAMETRIC_REPRESENTATION_CONTEXT() REPRESENTATION_CONTEXT('2D SPACE',''
  ) );
#172 = PCURVE('',#173,#178);
#173 = PLANE('',#174);
#174 = AXIS2_PLACEMENT_3D('',#175,#176,#177);
#175 = CARTESIAN_POINT('',(0.,0.,10.));
#176 = DIRECTION('',(0.,0.,1.));
#177 = DIRECTION('',(1.,0.,0.));
#178 = DEFINITIONAL_REPRESENTATION('',(#179),#183);
#179 = LINE('',#180,#181);
#180 = CARTESIAN_POINT('',(0.,10.));
#181 = VECTOR('',#182,1.);
#182 = DIRECTION('',(1.,0.));
#183 = ( GEOMETRIC_REPRESENTATION_CONTEXT(2) 
PARAMETRIC_REPRESENTATION_CONTEXT() REPRESENTATION_CONTEXT('2D SPACE',''
  ) );
#184 = ORIENTED_EDGE('',*,*,#185,.F.);
#185 = EDGE_CURVE('',#186,#158,#188,.T.);
#186 = VERTEX_POINT('',#187);
#187 = CARTESIAN_POINT('',(0.,10.,0.));
#188 = SURFACE_CURVE('',#189,(#193,#200),.PCURVE_S1.);
#189 = LINE('',#190,#191);
#190 = CARTESIAN_POINT('',(0.,10.,0.));
#191 = VECTOR('',#192,1.);
#192 = DIRECTION('',(0.,0.,1.));
#193 = PCURVE('',#43,#194);
#194 = DEFINITIONAL_REPRESENTATION('',(#195),#199);
#195 = LINE('',#196,#197);
#196 = CARTESIAN_POINT('',(-34.62960676964,-2.402016599428));
#197 = VECTOR('',#198,1.);
#198 = DIRECTION('',(0.,1.));
#199 = ( GEOMETRIC_REPRESENTATION_CONTEXT(2) 
PARAMETRIC_REPRESENTATION_CONTEXT() REPRESENTATION_CONTEXT('2D SPACE',''
  ) );
#200 = PCURVE('',#201,#206);
#201 = PLANE('',#202);
#202 = AXIS2_PLACEMENT_3D('',#203,#204,#205);
#203 = CARTESIAN_POINT('',(0.,0.,0.));
#204 = DIRECTION('',(1.,0.,0.));
#205 = DIRECTION('',(0.,0.,1.));
#206 = DEFINITIONAL_REPRESENTATION('',(#207),#211);
#207 = LINE('',#208,#209);
#208 = CARTESIAN_POINT('',(0.,-10.));
#209 = VECTOR('',#210,1.);
#210 = DIRECTION('',(1.,0.));
#211 = ( GEOMETRIC_REPRESENTATION_CONTEXT(2) 
PARAMETRIC_REPRESENTATION_CONTEXT() REPRESENTATION_CONTEXT('2D SPACE',''
  ) );
#212 = ORIENTED_EDGE('',*,*,#213,.F.);
#213 = EDGE_CURVE('',#214,#186,#216,.T.);
#214 = VERTEX_POINT('',#215);
#215 = CARTESIAN_POINT('',(50.,10.,0.));
#216 = SURFACE_CURVE('',#217,(#221,#228),.PCURVE_S1.);
#217 = LINE('',#218,#219);
#218 = CARTESIAN_POINT('',(50.,10.,0.));
#219 = VECTOR('',#220,1.);
#220 = DIRECTION('',(-1.,0.,0.));
#221 = PCURVE('',#43,#222);
#222 = DEFINITIONAL_REPRESENTATION('',(#223),#227);
#223 = LINE('',#224,#225);
#224 = CARTESIAN_POINT('',(15.370393230351,-2.402016599428));
#225 = VECTOR('',#226,1.);
#226 = DIRECTION('',(-1.,0.));
#227 = ( GEOMETRIC_REPRESENTATION_CONTEXT(2) 
PARAMETRIC_REPRESENTATION_CONTEXT() REPRESENTATION_CONTEXT('2D SPACE',''
  ) );
#228 = PCURVE('',#229,#234);
#229 = PLANE('',#230);
#230 = AXIS2_PLACEMENT_3D('',#231,#232,#233);
#231 = CARTESIAN_POINT('',(35.,5.,4.440892098501E-16));
#232 = DIRECTION('',(0.,-1.110223024625E-16,-1.));
#233 = DIRECTION('',(0.,1.,-1.110223024625E-16));
#234 = DEFINITIONAL_REPRESENTATION('',(#235),#239);
#235 = LINE('',#236,#237);
#236 = CARTESIAN_POINT('',(5.,15.));
#237 = VECTOR('',#238,1.);
#238 = DIRECTION('',(0.,-1.));
#239 = ( GEOMETRIC_REPRESENTATION_CONTEXT(2) 
PARAMETRIC_REPRESENTATION_CONTEXT() REPRESENTATION_CONTEXT('2D SPACE',''
  ) );
#240 = ORIENTED_EDGE('',*,*,#241,.F.);
#241 = EDGE_CURVE('',#242,#214,#244,.T.);
#242 = VERTEX_POINT('',#243);
#243 = CARTESIAN_POINT('',(50.,10.,2.5));
#244 = SURFACE_CURVE('',#245,(#249,#256),.PCURVE_S1.);
#245 = LINE('',#246,#247);
#246 = CARTESIAN_POINT('',(50.,10.,2.5));
#247 = VECTOR('',#248,1.);
#248 = DIRECTION('',(0.,-1.110223024625E-16,-1.));
#249 = PCURVE('',#43,#250);
#250 = DEFINITIONAL_REPRESENTATION('',(#251),#255);
#251 = LINE('',#252,#253);
#252 = CARTESIAN_POINT('',(15.370393230351,9.798340057186E-02));
#253 = VECTOR('',#254,1.);
#254 = DIRECTION('',(0.,-1.));
#255 = ( GEOMETRIC_REPRESENTATION_CONTEXT(2) 
PARAMETRIC_REPRESENTATION_CONTEXT() REPRESENTATION_CONTEXT('2D SPACE',''
  ) );
#256 = PCURVE('',#257,#262);
#257 = PLANE('',#258);
#258 = AXIS2_PLACEMENT_3D('',#259,#260,#261);
#259 = CARTESIAN_POINT('',(50.,5.,1.25));
#260 = DIRECTION('',(-1.,0.,0.));
#261 = DIRECTION('',(0.,1.,-1.110223024625E-16));
#262 = DEFINITIONAL_REPRESENTATION('',(#263),#267);
#263 = LINE('',#264,#265);
#264 = CARTESIAN_POINT('',(5.,-1.25));
#265 = VECTOR('',#266,1.);
#266 = DIRECTION('',(0.,1.));
#267 = ( GEOMETRIC_REPRESENTATION_CONTEXT(2) 
PARAMETRIC_REPRESENTATION_CONTEXT() REPRESENTATION_CONTEXT('2D SPACE',''
  ) );
#268 = ORIENTED_EDGE('',*,*,#269,.F.);
#269 = EDGE_CURVE('',#270,#242,#272,.T.);
#270 = VERTEX_POINT('',#271);
#271 = CARTESIAN_POINT('',(49.514694838538,10.,2.5));
#272 = SURFACE_CURVE('',#273,(#276,#282),.PCURVE_S1.);
#273 = B_SPLINE_CURVE_WITH_KNOTS('',1,(#274,#275),.UNSPECIFIED.,.F.,.F.,
  (2,2),(0.,1.),.PIECEWISE_BEZIER_KNOTS.);
#274 = CARTESIAN_POINT('',(49.514694838538,10.,2.5));
#275 = CARTESIAN_POINT('',(50.175565579668,10.,2.5));
#276 = PCURVE('',#43,#277);
#277 = DEFINITIONAL_REPRESENTATION('',(#278),#281);
#278 = B_SPLINE_CURVE_WITH_KNOTS('',1,(#279,#280),.UNSPECIFIED.,.F.,.F.,
  (2,2),(0.,1.),.PIECEWISE_BEZIER_KNOTS.);
#279 = CARTESIAN_POINT('',(14.885088068889,9.798340057186E-02));
#280 = CARTESIAN_POINT('',(15.545958810019,9.798340057186E-02));
#281 = ( GEOMETRIC_REPRESENTATION_CONTEXT(2) 
PARAMETRIC_REPRESENTATION_CONTEXT() REPRESENTATION_CONTEXT('2D SPACE',''
  ) );
#282 = PCURVE('',#283,#288);
#283 = B_SPLINE_SURFACE_WITH_KNOTS('',1,1,(
    (#284,#285)
    ,(#286,#287)),.UNSPECIFIED.,.F.,.F.,.F.,(2,2),(2,2),(0.,1.),(0.,1.),
  .PIECEWISE_BEZIER_KNOTS.);
#284 = CARTESIAN_POINT('',(49.514694838538,10.,2.5));
#285 = CARTESIAN_POINT('',(50.175565579668,10.,2.5));
#286 = CARTESIAN_POINT('',(49.514694838538,0.,2.5));
#287 = CARTESIAN_POINT('',(50.175565579668,0.,2.5));
#288 = DEFINITIONAL_REPRESENTATION('',(#289),#293);
#289 = LINE('',#290,#291);
#290 = CARTESIAN_POINT('',(0.,0.));
#291 = VECTOR('',#292,1.);
#292 = DIRECTION('',(0.,1.));
#293 = ( GEOMETRIC_REPRESENTATION_CONTEXT(2) 
PARAMETRIC_REPRESENTATION_CONTEXT() REPRESENTATION_CONTEXT('2D SPACE',''
  ) );
#294 = ORIENTED_EDGE('',*,*,#295,.F.);
#295 = EDGE_CURVE('',#296,#270,#298,.T.);
#296 = VERTEX_POINT('',#297);
#297 = CARTESIAN_POINT('',(48.695761811439,10.,4.75));
#298 = SURFACE_CURVE('',#299,(#302,#308),.PCURVE_S1.);
#299 = B_SPLINE_CURVE_WITH_KNOTS('',1,(#300,#301),.UNSPECIFIED.,.F.,.F.,
  (2,2),(0.,1.),.PIECEWISE_BEZIER_KNOTS.);
#300 = CARTESIAN_POINT('',(48.695761811439,10.,4.75));
#301 = CARTESIAN_POINT('',(49.514694838538,10.,2.5));
#302 = PCURVE('',#43,#303);
#303 = DEFINITIONAL_REPRESENTATION('',(#304),#307);
#304 = B_SPLINE_CURVE_WITH_KNOTS('',1,(#305,#306),.UNSPECIFIED.,.F.,.F.,
  (2,2),(0.,1.),.PIECEWISE_BEZIER_KNOTS.);
#305 = CARTESIAN_POINT('',(14.066155041791,2.347983400572));
#306 = CARTESIAN_POINT('',(14.885088068889,9.798340057186E-02));
#307 = ( GEOMETRIC_REPRESENTATION_CONTEXT(2) 
PARAMETRIC_REPRESENTATION_CONTEXT() REPRESENTATION_CONTEXT('2D SPACE',''
  ) );
#308 = PCURVE('',#309,#314);
#309 = B_SPLINE_SURFACE_WITH_KNOTS('',1,1,(
    (#310,#311)
    ,(#312,#313)),.UNSPECIFIED.,.F.,.F.,.F.,(2,2),(2,2),(0.,1.),(0.,1.),
  .PIECEWISE_BEZIER_KNOTS.);
#310 = CARTESIAN_POINT('',(48.695761811439,10.,4.75));
#311 = CARTESIAN_POINT('',(49.514694838538,10.,2.5));
#312 = CARTESIAN_POINT('',(48.695761811439,0.,4.75));
#313 = CARTESIAN_POINT('',(49.514694838538,0.,2.5));
#314 = DEFINITIONAL_REPRESENTATION('',(#315),#319);
#315 = LINE('',#316,#317);
#316 = CARTESIAN_POINT('',(0.,0.));
#317 = VECTOR('',#318,1.);
#318 = DIRECTION('',(0.,1.));
#319 = ( GEOMETRIC_REPRESENTATION_CONTEXT(2) 
PARAMETRIC_REPRESENTATION_CONTEXT() REPRESENTATION_CONTEXT('2D SPACE',''
  ) );
#320 = ORIENTED_EDGE('',*,*,#321,.F.);
#321 = EDGE_CURVE('',#322,#296,#324,.T.);
#322 = VERTEX_POINT('',#323);
#323 = CARTESIAN_POINT('',(47.852905953177,10.,4.75));
#324 = SURFACE_CURVE('',#325,(#328,#334),.PCURVE_S1.);
#325 = B_SPLINE_CURVE_WITH_KNOTS('',1,(#326,#327),.UNSPECIFIED.,.F.,.F.,
  (2,2),(0.,1.),.PIECEWISE_BEZIER_KNOTS.);
#326 = CARTESIAN_POINT('',(47.852905953177,10.,4.75));
#327 = CARTESIAN_POINT('',(48.695761811439,10.,4.75));
#328 = PCURVE('',#43,#329);
#329 = DEFINITIONAL_REPRESENTATION('',(#330),#333);
#330 = B_SPLINE_CURVE_WITH_KNOTS('',1,(#331,#332),.UNSPECIFIED.,.F.,.F.,
  (2,2),(0.,1.),.PIECEWISE_BEZIER_KNOTS.);
#331 = CARTESIAN_POINT('',(13.223299183528,2.347983400572));
#332 = CARTESIAN_POINT('',(14.066155041791,2.347983400572));
#333 = ( GEOMETRIC_REPRESENTATION_CONTEXT(2) 
PARAMETRIC_REPRESENTATION_CONTEXT() REPRESENTATION_CONTEXT('2D SPACE',''
  ) );
#334 = PCURVE('',#335,#340);
#335 = B_SPLINE_SURFACE_WITH_KNOTS('',1,1,(
    (#336,#337)
    ,(#338,#339)),.UNSPECIFIED.,.F.,.F.,.F.,(2,2),(2,2),(0.,1.),(0.,1.),
  .PIECEWISE_BEZIER_KNOTS.);
#336 = CARTESIAN_POINT('',(47.852905953177,10.,4.75));
#337 = CARTESIAN_POINT('',(48.695761811439,10.,4.75));
#338 = CARTESIAN_POINT('',(47.852905953177,0.,4.75));
#339 = CARTESIAN_POINT('',(48.695761811439,0.,4.75));
#340 = DEFINITIONAL_REPRESENTATION('',(#341),#345);
#341 = LINE('',#342,#343);
#342 = CARTESIAN_POINT('',(0.,0.));
#343 = VECTOR('',#344,1.);
#344 = DIRECTION('',(0.,1.));
#345 = ( GEOMETRIC_REPRESENTATION_CONTEXT(2) 
PARAMETRIC_REPRESENTATION_CONTEXT() REPRESENTATION_CONTEXT('2D SPACE',''
  ) );
#346 = ORIENTED_EDGE('',*,*,#347,.F.);
#347 = EDGE_CURVE('',#348,#322,#350,.T.);
#348 = VERTEX_POINT('',#349);
#349 = CARTESIAN_POINT('',(47.033972926078,10.,2.5));
#350 = SURFACE_CURVE('',#351,(#354,#360),.PCURVE_S1.);
#351 = B_SPLINE_CURVE_WITH_KNOTS('',1,(#352,#353),.UNSPECIFIED.,.F.,.F.,
  (2,2),(0.,1.),.PIECEWISE_BEZIER_KNOTS.);
#352 = CARTESIAN_POINT('',(47.033972926078,10.,2.5));
#353 = CARTESIAN_POINT('',(47.852905953177,10.,4.75));
#354 = PCURVE('',#43,#355);
#355 = DEFINITIONAL_REPRESENTATION('',(#356),#359);
#356 = B_SPLINE_CURVE_WITH_KNOTS('',1,(#357,#358),.UNSPECIFIED.,.F.,.F.,
  (2,2),(0.,1.),.PIECEWISE_BEZIER_KNOTS.);
#357 = CARTESIAN_POINT('',(12.404366156429,9.798340057186E-02));
#358 = CARTESIAN_POINT('',(13.223299183528,2.347983400572));
#359 = ( GEOMETRIC_REPRESENTATION_CONTEXT(2) 
PARAMETRIC_REPRESENTATION_CONTEXT() REPRESENTATION_CONTEXT('2D SPACE',''
  ) );
#360 = PCURVE('',#361,#366);
#361 = B_SPLINE_SURFACE_WITH_KNOTS('',1,1,(
    (#362,#363)
    ,(#364,#365)),.UNSPECIFIED.,.F.,.F.,.F.,(2,2),(2,2),(0.,1.),(0.,1.),
  .PIECEWISE_BEZIER_KNOTS.);
#362 = CARTESIAN_POINT('',(47.033972926078,10.,2.5));
#363 = CARTESIAN_POINT('',(47.852905953177,10.,4.75));
#364 = CARTESIAN_POINT('',(47.033972926078,0.,2.5));
#365 = CARTESIAN_POINT('',(47.852905953177,0.,4.75));
#366 = DEFINITIONAL_REPRESENTATION('',(#367),#371);
#367 = LINE('',#368,#369);
#368 = CARTESIAN_POINT('',(0.,0.));
#369 = VECTOR('',#370,1.);
#370 = DIRECTION('',(0.,1.));
#371 = ( GEOMETRIC_REPRESENTATION_CONTEXT(2) 
PARAMETRIC_REPRESENTATION_CONTEXT() REPRESENTATION_CONTEXT('2D SPACE',''
  ) );
#372 = ORIENTED_EDGE('',*,*,#373,.F.);
#373 = EDGE_CURVE('',#374,#348,#376,.T.);
#374 = VERTEX_POINT('',#375);
#375 = CARTESIAN_POINT('',(46.373102184949,10.,2.5));
#376 = SURFACE_CURVE('',#377,(#380,#386),.PCURVE_S1.);
#377 = B_SPLINE_CURVE_WITH_KNOTS('',1,(#378,#379),.UNSPECIFIED.,.F.,.F.,
  (2,2),(0.,1.),.PIECEWISE_BEZIER_KNOTS.);
#378 = CARTESIAN_POINT('',(46.373102184949,10.,2.5));
#379 = CARTESIAN_POINT('',(47.033972926078,10.,2.5));
#380 = PCURVE('',#43,#381);
#381 = DEFINITIONAL_REPRESENTATION('',(#382),#385);
#382 = B_SPLINE_CURVE_WITH_KNOTS('',1,(#383,#384),.UNSPECIFIED.,.F.,.F.,
  (2,2),(0.,1.),.PIECEWISE_BEZIER_KNOTS.);
#383 = CARTESIAN_POINT('',(11.7434954153,9.798340057186E-02));
#384 = CARTESIAN_POINT('',(12.404366156429,9.798340057186E-02));
#385 = ( GEOMETRIC_REPRESENTATION_CONTEXT(2) 
PARAMETRIC_REPRESENTATION_CONTEXT() REPRESENTATION_CONTEXT('2D SPACE',''
  ) );
#386 = PCURVE('',#387,#392);
#387 = B_SPLINE_SURFACE_WITH_KNOTS('',1,1,(
    (#388,#389)
    ,(#390,#391)),.UNSPECIFIED.,.F.,.F.,.F.,(2,2),(2,2),(0.,1.),(0.,1.),
  .PIECEWISE_BEZIER_KNOTS.);
#388 = CARTESIAN_POINT('',(46.373102184949,10.,2.5));
#389 = CARTESIAN_POINT('',(47.033972926078,10.,2.5));
#390 = CARTESIAN_POINT('',(46.373102184949,0.,2.5));
#391 = CARTESIAN_POINT('',(47.033972926078,0.,2.5));
#392 = DEFINITIONAL_REPRESENTATION('',(#393),#397);
#393 = LINE('',#394,#395);
#394 = CARTESIAN_POINT('',(0.,0.));
#395 = VECTOR('',#396,1.);
#396 = DIRECTION('',(0.,1.));
#397 = ( GEOMETRIC_REPRESENTATION_CONTEXT(2) 
PARAMETRIC_REPRESENTATION_CONTEXT() REPRESENTATION_CONTEXT('2D SPACE',''
  ) );
#398 = ORIENTED_EDGE('',*,*,#399,.F.);
#399 = EDGE_CURVE('',#400,#374,#402,.T.);
#400 = VERTEX_POINT('',#401);
#401 = CARTESIAN_POINT('',(45.55416915785,10.,4.75));
#402 = SURFACE_CURVE('',#403,(#406,#412),.PCURVE_S1.);
#403 = B_SPLINE_CURVE_WITH_KNOTS('',1,(#404,#405),.UNSPECIFIED.,.F.,.F.,
  (2,2),(0.,1.),.PIECEWISE_BEZIER_KNOTS.);
#404 = CARTESIAN_POINT('',(45.55416915785,10.,4.75));
#405 = CARTESIAN_POINT('',(46.373102184949,10.,2.5));
#406 = PCURVE('',#43,#407);
#407 = DEFINITIONAL_REPRESENTATION('',(#408),#411);
#408 = B_SPLINE_CURVE_WITH_KNOTS('',1,(#409,#410),.UNSPECIFIED.,.F.,.F.,
  (2,2),(0.,1.),.PIECEWISE_BEZIER_KNOTS.);
#409 = CARTESIAN_POINT('',(10.924562388201,2.347983400572));
#410 = CARTESIAN_POINT('',(11.7434954153,9.798340057186E-02));
#411 = ( GEOMETRIC_REPRESENTATION_CONTEXT(2) 
PARAMETRIC_REPRESENTATION_CONTEXT() REPRESENTATION_CONTEXT('2D SPACE',''
  ) );
#412 = PCURVE('',#413,#418);
#413 = B_SPLINE_SURFACE_WITH_KNOTS('',1,1,(
    (#414,#415)
    ,(#416,#417)),.UNSPECIFIED.,.F.,.F.,.F.,(2,2),(2,2),(0.,1.),(0.,1.),
  .PIECEWISE_BEZIER_KNOTS.);
#414 = CARTESIAN_POINT('',(45.55416915785,10.,4.75));
#415 = CARTESIAN_POINT('',(46.373102184949,10.,2.5));
#416 = CARTESIAN_POINT('',(45.55416915785,0.,4.75));
#417 = CARTESIAN_POINT('',(46.373102184949,0.,2.5));
#418 = DEFINITIONAL_REPRESENTATION('',(#419),#423);
#419 = LINE('',#420,#421);
#420 = CARTESIAN_POINT('',(0.,0.));
#421 = VECTOR('',#422,1.);
#422 = DIRECTION('',(0.,1.));
#423 = ( GEOMETRIC_REPRESENTATION_CONTEXT(2) 
PARAMETRIC_REPRESENTATION_CONTEXT() REPRESENTATION_CONTEXT('2D SPACE',''
  ) );
#424 = ORIENTED_EDGE('',*,*,#425,.F.);
#425 = EDGE_CURVE('',#426,#400,#428,.T.);
#426 = VERTEX_POINT('',#427);
#427 = CARTESIAN_POINT('',(44.711313299587,10.,4.75));
#428 = SURFACE_CURVE('',#429,(#432,#438),.PCURVE_S1.);
#429 = B_SPLINE_CURVE_WITH_KNOTS('',1,(#430,#431),.UNSPECIFIED.,.F.,.F.,
  (2,2),(0.,1.),.PIECEWISE_BEZIER_KNOTS.);
#430 = CARTESIAN_POINT('',(44.711313299587,10.,4.75));
#431 = CARTESIAN_POINT('',(45.55416915785,10.,4.75));
#432 = PCURVE('',#43,#433);
#433 = DEFINITIONAL_REPRESENTATION('',(#434),#437);
#434 = B_SPLINE_CURVE_WITH_KNOTS('',1,(#435,#436),.UNSPECIFIED.,.F.,.F.,
  (2,2),(0.,1.),.PIECEWISE_BEZIER_KNOTS.);
#435 = CARTESIAN_POINT('',(10.081706529938,2.347983400572));
#436 = CARTESIAN_POINT('',(10.924562388201,2.347983400572));
#437 = ( GEOMETRIC_REPRESENTATION_CONTEXT(2) 
PARAMETRIC_REPRESENTATION_CONTEXT() REPRESENTATION_CONTEXT('2D SPACE',''
  ) );
#438 = PCURVE('',#439,#444);
#439 = B_SPLINE_SURFACE_WITH_KNOTS('',1,1,(
    (#440,#441)
    ,(#442,#443)),.UNSPECIFIED.,.F.,.F.,.F.,(2,2),(2,2),(0.,1.),(0.,1.),
  .PIECEWISE_BEZIER_KNOTS.);
#440 = CARTESIAN_POINT('',(44.711313299587,10.,4.75));
#441 = CARTESIAN_POINT('',(45.55416915785,10.,4.75));
#442 = CARTESIAN_POINT('',(44.711313299587,0.,4.75));
#443 = CARTESIAN_POINT('',(45.55416915785,0.,4.75));
#444 = DEFINITIONAL_REPRESENTATION('',(#445),#449);
#445 = LINE('',#446,#447);
#446 = CARTESIAN_POINT('',(0.,0.));
#447 = VECTOR('',#448,1.);
#448 = DIRECTION('',(0.,1.));
#449 = ( GEOMETRIC_REPRESENTATION_CONTEXT(2) 
PARAMETRIC_REPRESENTATION_CONTEXT() REPRESENTATION_CONTEXT('2D SPACE',''
  ) );
#450 = ORIENTED_EDGE('',*,*,#451,.F.);
#451 = EDGE_CURVE('',#452,#426,#454,.T.);
#452 = VERTEX_POINT('',#453);
#453 = CARTESIAN_POINT('',(43.892380272488,10.,2.5));
#454 = SURFACE_CURVE('',#455,(#458,#464),.PCURVE_S1.);
#455 = B_SPLINE_CURVE_WITH_KNOTS('',1,(#456,#457),.UNSPECIFIED.,.F.,.F.,
  (2,2),(0.,1.),.PIECEWISE_BEZIER_KNOTS.);
#456 = CARTESIAN_POINT('',(43.892380272488,10.,2.5));
#457 = CARTESIAN_POINT('',(44.711313299587,10.,4.75));
#458 = PCURVE('',#43,#459);
#459 = DEFINITIONAL_REPRESENTATION('',(#460),#463);
#460 = B_SPLINE_CURVE_WITH_KNOTS('',1,(#461,#462),.UNSPECIFIED.,.F.,.F.,
  (2,2),(0.,1.),.PIECEWISE_BEZIER_KNOTS.);
#461 = CARTESIAN_POINT('',(9.262773502839,9.798340057186E-02));
#462 = CARTESIAN_POINT('',(10.081706529938,2.347983400572));
#463 = ( GEOMETRIC_REPRESENTATION_CONTEXT(2) 
PARAMETRIC_REPRESENTATION_CONTEXT() REPRESENTATION_CONTEXT('2D SPACE',''
  ) );
#464 = PCURVE('',#465,#470);
#465 = B_SPLINE_SURFACE_WITH_KNOTS('',1,1,(
    (#466,#467)
    ,(#468,#469)),.UNSPECIFIED.,.F.,.F.,.F.,(2,2),(2,2),(0.,1.),(0.,1.),
  .PIECEWISE_BEZIER_KNOTS.);
#466 = CARTESIAN_POINT('',(43.892380272488,10.,2.5));
#467 = CARTESIAN_POINT('',(44.711313299587,10.,4.75));
#468 = CARTESIAN_POINT('',(43.892380272488,0.,2.5));
#469 = CARTESIAN_POINT('',(44.711313299587,0.,4.75));
#470 = DEFINITIONAL_REPRESENTATION('',(#471),#475);
#471 = LINE('',#472,#473);
#472 = CARTESIAN_POINT('',(0.,0.));
#473 = VECTOR('',#474,1.);
#474 = DIRECTION('',(0.,1.));
#475 = ( GEOMETRIC_REPRESENTATION_CONTEXT(2) 
PARAMETRIC_REPRESENTATION_CONTEXT() REPRESENTATION_CONTEXT('2D SPACE',''
  ) );
#476 = ORIENTED_EDGE('',*,*,#477,.F.);
#477 = EDGE_CURVE('',#478,#452,#480,.T.);
#478 = VERTEX_POINT('',#479);
#479 = CARTESIAN_POINT('',(43.231509531359,10.,2.5));
#480 = SURFACE_CURVE('',#481,(#484,#490),.PCURVE_S1.);
#481 = B_SPLINE_CURVE_WITH_KNOTS('',1,(#482,#483),.UNSPECIFIED.,.F.,.F.,
  (2,2),(0.,1.),.PIECEWISE_BEZIER_KNOTS.);
#482 = CARTESIAN_POINT('',(43.231509531359,10.,2.5));
#483 = CARTESIAN_POINT('',(43.892380272488,10.,2.5));
#484 = PCURVE('',#43,#485);
#485 = DEFINITIONAL_REPRESENTATION('',(#486),#489);
#486 = B_SPLINE_CURVE_WITH_KNOTS('',1,(#487,#488),.UNSPECIFIED.,.F.,.F.,
  (2,2),(0.,1.),.PIECEWISE_BEZIER_KNOTS.);
#487 = CARTESIAN_POINT('',(8.60190276171,9.798340057186E-02));
#488 = CARTESIAN_POINT('',(9.262773502839,9.798340057186E-02));
#489 = ( GEOMETRIC_REPRESENTATION_CONTEXT(2) 
PARAMETRIC_REPRESENTATION_CONTEXT() REPRESENTATION_CONTEXT('2D SPACE',''
  ) );
#490 = PCURVE('',#491,#496);
#491 = B_SPLINE_SURFACE_WITH_KNOTS('',1,1,(
    (#492,#493)
    ,(#494,#495)),.UNSPECIFIED.,.F.,.F.,.F.,(2,2),(2,2),(0.,1.),(0.,1.),
  .PIECEWISE_BEZIER_KNOTS.);
#492 = CARTESIAN_POINT('',(43.231509531359,10.,2.5));
#493 = CARTESIAN_POINT('',(43.892380272488,10.,2.5));
#494 = CARTESIAN_POINT('',(43.231509531359,0.,2.5));
#495 = CARTESIAN_POINT('',(43.892380272488,0.,2.5));
#496 = DEFINITIONAL_REPRESENTATION('',(#497),#501);
#497 = LINE('',#498,#499);
#498 = CARTESIAN_POINT('',(0.,0.));
#499 = VECTOR('',#500,1.);
#500 = DIRECTION('',(0.,1.));
#501 = ( GEOMETRIC_REPRESENTATION_CONTEXT(2) 
PARAMETRIC_REPRESENTATION_CONTEXT() REPRESENTATION_CONTEXT('2D SPACE',''
  ) );
#502 = ORIENTED_EDGE('',*,*,#503,.F.);
#503 = EDGE_CURVE('',#504,#478,#506,.T.);
#504 = VERTEX_POINT('',#505);
#505 = CARTESIAN_POINT('',(42.41257650426,10.,4.75));
#506 = SURFACE_CURVE('',#507,(#510,#516),.PCURVE_S1.);
#507 = B_SPLINE_CURVE_WITH_KNOTS('',1,(#508,#509),.UNSPECIFIED.,.F.,.F.,
  (2,2),(0.,1.),.PIECEWISE_BEZIER_KNOTS.);
#508 = CARTESIAN_POINT('',(42.41257650426,10.,4.75));
#509 = CARTESIAN_POINT('',(43.231509531359,10.,2.5));
#510 = PCURVE('',#43,#511);
#511 = DEFINITIONAL_REPRESENTATION('',(#512),#515);
#512 = B_SPLINE_CURVE_WITH_KNOTS('',1,(#513,#514),.UNSPECIFIED.,.F.,.F.,
  (2,2),(0.,1.),.PIECEWISE_BEZIER_KNOTS.);
#513 = CARTESIAN_POINT('',(7.782969734611,2.347983400572));
#514 = CARTESIAN_POINT('',(8.60190276171,9.798340057186E-02));
#515 = ( GEOMETRIC_REPRESENTATION_CONTEXT(2) 
PARAMETRIC_REPRESENTATION_CONTEXT() REPRESENTATION_CONTEXT('2D SPACE',''
  ) );
#516 = PCURVE('',#517,#522);
#517 = B_SPLINE_SURFACE_WITH_KNOTS('',1,1,(
    (#518,#519)
    ,(#520,#521)),.UNSPECIFIED.,.F.,.F.,.F.,(2,2),(2,2),(0.,1.),(0.,1.),
  .PIECEWISE_BEZIER_KNOTS.);
#518 = CARTESIAN_POINT('',(42.41257650426,10.,4.75));
#519 = CARTESIAN_POINT('',(43.231509531359,10.,2.5));
#520 = CARTESIAN_POINT('',(42.41257650426,0.,4.75));
#521 = CARTESIAN_POINT('',(43.231509531359,0.,2.5));
#522 = DEFINITIONAL_REPRESENTATION('',(#523),#527);
#523 = LINE('',#524,#525);
#524 = CARTESIAN_POINT('',(0.,0.));
#525 = VECTOR('',#526,1.);
#526 = DIRECTION('',(0.,1.));
#527 = ( GEOMETRIC_REPRESENTATION_CONTEXT(2) 
PARAMETRIC_REPRESENTATION_CONTEXT() REPRESENTATION_CONTEXT('2D SPACE',''
  ) );
#528 = ORIENTED_EDGE('',*,*,#529,.F.);
#529 = EDGE_CURVE('',#530,#504,#532,.T.);
#530 = VERTEX_POINT('',#531);
#531 = CARTESIAN_POINT('',(41.569720645997,10.,4.75));
#532 = SURFACE_CURVE('',#533,(#536,#542),.PCURVE_S1.);
#533 = B_SPLINE_CURVE_WITH_KNOTS('',1,(#534,#535),.UNSPECIFIED.,.F.,.F.,
  (2,2),(0.,1.),.PIECEWISE_BEZIER_KNOTS.);
#534 = CARTESIAN_POINT('',(41.569720645997,10.,4.75));
#535 = CARTESIAN_POINT('',(42.41257650426,10.,4.75));
#536 = PCURVE('',#43,#537);
#537 = DEFINITIONAL_REPRESENTATION('',(#538),#541);
#538 = B_SPLINE_CURVE_WITH_KNOTS('',1,(#539,#540),.UNSPECIFIED.,.F.,.F.,
  (2,2),(0.,1.),.PIECEWISE_BEZIER_KNOTS.);
#539 = CARTESIAN_POINT('',(6.940113876348,2.347983400572));
#540 = CARTESIAN_POINT('',(7.782969734611,2.347983400572));
#541 = ( GEOMETRIC_REPRESENTATION_CONTEXT(2) 
PARAMETRIC_REPRESENTATION_CONTEXT() REPRESENTATION_CONTEXT('2D SPACE',''
  ) );
#542 = PCURVE('',#543,#548);
#543 = B_SPLINE_SURFACE_WITH_KNOTS('',1,1,(
    (#544,#545)
    ,(#546,#547)),.UNSPECIFIED.,.F.,.F.,.F.,(2,2),(2,2),(0.,1.),(0.,1.),
  .PIECEWISE_BEZIER_KNOTS.);
#544 = CARTESIAN_POINT('',(41.569720645997,10.,4.75));
#545 = CARTESIAN_POINT('',(42.41257650426,10.,4.75));
#546 = CARTESIAN_POINT('',(41.569720645997,0.,4.75));
#547 = CARTESIAN_POINT('',(42.41257650426,0.,4.75));
#548 = DEFINITIONAL_REPRESENTATION('',(#549),#553);
#549 = LINE('',#550,#551);
#550 = CARTESIAN_POINT('',(0.,0.));
#551 = VECTOR('',#552,1.);
#552 = DIRECTION('',(0.,1.));
#553 = ( GEOMETRIC_REPRESENTATION_CONTEXT(2) 
PARAMETRIC_REPRESENTATION_CONTEXT() REPRESENTATION_CONTEXT('2D SPACE',''
  ) );
#554 = ORIENTED_EDGE('',*,*,#555,.F.);
#555 = EDGE_CURVE('',#556,#530,#558,.T.);
#556 = VERTEX_POINT('',#557);
#557 = CARTESIAN_POINT('',(40.750787618898,10.,2.5));
#558 = SURFACE_CURVE('',#559,(#562,#568),.PCURVE_S1.);
#559 = B_SPLINE_CURVE_WITH_KNOTS('',1,(#560,#561),.UNSPECIFIED.,.F.,.F.,
  (2,2),(0.,1.),.PIECEWISE_BEZIER_KNOTS.);
#560 = CARTESIAN_POINT('',(40.750787618898,10.,2.5));
#561 = CARTESIAN_POINT('',(41.569720645997,10.,4.75));
#562 = PCURVE('',#43,#563);
#563 = DEFINITIONAL_REPRESENTATION('',(#564),#567);
#564 = B_SPLINE_CURVE_WITH_KNOTS('',1,(#565,#566),.UNSPECIFIED.,.F.,.F.,
  (2,2),(0.,1.),.PIECEWISE_BEZIER_KNOTS.);
#565 = CARTESIAN_POINT('',(6.121180849249,9.798340057186E-02));
#566 = CARTESIAN_POINT('',(6.940113876348,2.347983400572));
#567 = ( GEOMETRIC_REPRESENTATION_CONTEXT(2) 
PARAMETRIC_REPRESENTATION_CONTEXT() REPRESENTATION_CONTEXT('2D SPACE',''
  ) );
#568 = PCURVE('',#569,#574);
#569 = B_SPLINE_SURFACE_WITH_KNOTS('',1,1,(
    (#570,#571)
    ,(#572,#573)),.UNSPECIFIED.,.F.,.F.,.F.,(2,2),(2,2),(0.,1.),(0.,1.),
  .PIECEWISE_BEZIER_KNOTS.);
#570 = CARTESIAN_POINT('',(40.750787618898,10.,2.5));
#571 = CARTESIAN_POINT('',(41.569720645997,10.,4.75));
#572 = CARTESIAN_POINT('',(40.750787618898,0.,2.5));
#573 = CARTESIAN_POINT('',(41.569720645997,0.,4.75));
#574 = DEFINITIONAL_REPRESENTATION('',(#575),#579);
#575 = LINE('',#576,#577);
#576 = CARTESIAN_POINT('',(0.,0.));
#577 = VECTOR('',#578,1.);
#578 = DIRECTION('',(0.,1.));
#579 = ( GEOMETRIC_REPRESENTATION_CONTEXT(2) 
PARAMETRIC_REPRESENTATION_CONTEXT() REPRESENTATION_CONTEXT('2D SPACE',''
  ) );
#580 = ORIENTED_EDGE('',*,*,#581,.F.);
#581 = EDGE_CURVE('',#582,#556,#584,.T.);
#582 = VERTEX_POINT('',#583);
#583 = CARTESIAN_POINT('',(40.089916877769,10.,2.5));
#584 = SURFACE_CURVE('',#585,(#588,#594),.PCURVE_S1.);
#585 = B_SPLINE_CURVE_WITH_KNOTS('',1,(#586,#587),.UNSPECIFIED.,.F.,.F.,
  (2,2),(0.,1.),.PIECEWISE_BEZIER_KNOTS.);
#586 = CARTESIAN_POINT('',(40.089916877769,10.,2.5));
#587 = CARTESIAN_POINT('',(40.750787618898,10.,2.5));
#588 = PCURVE('',#43,#589);
#589 = DEFINITIONAL_REPRESENTATION('',(#590),#593);
#590 = B_SPLINE_CURVE_WITH_KNOTS('',1,(#591,#592),.UNSPECIFIED.,.F.,.F.,
  (2,2),(0.,1.),.PIECEWISE_BEZIER_KNOTS.);
#591 = CARTESIAN_POINT('',(5.46031010812,9.798340057186E-02));
#592 = CARTESIAN_POINT('',(6.121180849249,9.798340057186E-02));
#593 = ( GEOMETRIC_REPRESENTATION_CONTEXT(2) 
PARAMETRIC_REPRESENTATION_CONTEXT() REPRESENTATION_CONTEXT('2D SPACE',''
  ) );
#594 = PCURVE('',#595,#600);
#595 = B_SPLINE_SURFACE_WITH_KNOTS('',1,1,(
    (#596,#597)
    ,(#598,#599)),.UNSPECIFIED.,.F.,.F.,.F.,(2,2),(2,2),(0.,1.),(0.,1.),
  .PIECEWISE_BEZIER_KNOTS.);
#596 = CARTESIAN_POINT('',(40.089916877769,10.,2.5));
#597 = CARTESIAN_POINT('',(40.750787618898,10.,2.5));
#598 = CARTESIAN_POINT('',(40.089916877769,0.,2.5));
#599 = CARTESIAN_POINT('',(40.750787618898,0.,2.5));
#600 = DEFINITIONAL_REPRESENTATION('',(#601),#605);
#601 = LINE('',#602,#603);
#602 = CARTESIAN_POINT('',(0.,0.));
#603 = VECTOR('',#604,1.);
#604 = DIRECTION('',(0.,1.));
#605 = ( GEOMETRIC_REPRESENTATION_CONTEXT(2) 
PARAMETRIC_REPRESENTATION_CONTEXT() REPRESENTATION_CONTEXT('2D SPACE',''
  ) );
#606 = ORIENTED_EDGE('',*,*,#607,.F.);
#607 = EDGE_CURVE('',#608,#582,#610,.T.);
#608 = VERTEX_POINT('',#609);
#609 = CARTESIAN_POINT('',(39.27098385067,10.,4.75));
#610 = SURFACE_CURVE('',#611,(#614,#620),.PCURVE_S1.);
#611 = B_SPLINE_CURVE_WITH_KNOTS('',1,(#612,#613),.UNSPECIFIED.,.F.,.F.,
  (2,2),(0.,1.),.PIECEWISE_BEZIER_KNOTS.);
#612 = CARTESIAN_POINT('',(39.27098385067,10.,4.75));
#613 = CARTESIAN_POINT('',(40.089916877769,10.,2.5));
#614 = PCURVE('',#43,#615);
#615 = DEFINITIONAL_REPRESENTATION('',(#616),#619);
#616 = B_SPLINE_CURVE_WITH_KNOTS('',1,(#617,#618),.UNSPECIFIED.,.F.,.F.,
  (2,2),(0.,1.),.PIECEWISE_BEZIER_KNOTS.);
#617 = CARTESIAN_POINT('',(4.641377081021,2.347983400572));
#618 = CARTESIAN_POINT('',(5.46031010812,9.798340057186E-02));
#619 = ( GEOMETRIC_REPRESENTATION_CONTEXT(2) 
PARAMETRIC_REPRESENTATION_CONTEXT() REPRESENTATION_CONTEXT('2D SPACE',''
  ) );
#620 = PCURVE('',#621,#626);
#621 = B_SPLINE_SURFACE_WITH_KNOTS('',1,1,(
    (#622,#623)
    ,(#624,#625)),.UNSPECIFIED.,.F.,.F.,.F.,(2,2),(2,2),(0.,1.),(0.,1.),
  .PIECEWISE_BEZIER_KNOTS.);
#622 = CARTESIAN_POINT('',(39.27098385067,10.,4.75));
#623 = CARTESIAN_POINT('',(40.089916877769,10.,2.5));
#624 = CARTESIAN_POINT('',(39.27098385067,0.,4.75));
#625 = CARTESIAN_POINT('',(40.089916877769,0.,2.5));
#626 = DEFINITIONAL_REPRESENTATION('',(#627),#631);
#627 = LINE('',#628,#629);
#628 = CARTESIAN_POINT('',(0.,0.));
#629 = VECTOR('',#630,1.);
#630 = DIRECTION('',(0.,1.));
#631 = ( GEOMETRIC_REPRESENTATION_CONTEXT(2) 
PARAMETRIC_REPRESENTATION_CONTEXT() REPRESENTATION_CONTEXT('2D SPACE',''
  ) );
#632 = ORIENTED_EDGE('',*,*,#633,.F.);
#633 = EDGE_CURVE('',#634,#608,#636,.T.);
#634 = VERTEX_POINT('',#635);
#635 = CARTESIAN_POINT('',(38.428127992408,10.,4.75));
#636 = SURFACE_CURVE('',#637,(#640,#646),.PCURVE_S1.);
#637 = B_SPLINE_CURVE_WITH_KNOTS('',1,(#638,#639),.UNSPECIFIED.,.F.,.F.,
  (2,2),(0.,1.),.PIECEWISE_BEZIER_KNOTS.);
#638 = CARTESIAN_POINT('',(38.428127992408,10.,4.75));
#639 = CARTESIAN_POINT('',(39.27098385067,10.,4.75));
#640 = PCURVE('',#43,#641);
#641 = DEFINITIONAL_REPRESENTATION('',(#642),#645);
#642 = B_SPLINE_CURVE_WITH_KNOTS('',1,(#643,#644),.UNSPECIFIED.,.F.,.F.,
  (2,2),(0.,1.),.PIECEWISE_BEZIER_KNOTS.);
#643 = CARTESIAN_POINT('',(3.798521222759,2.347983400572));
#644 = CARTESIAN_POINT('',(4.641377081021,2.347983400572));
#645 = ( GEOMETRIC_REPRESENTATION_CONTEXT(2) 
PARAMETRIC_REPRESENTATION_CONTEXT() REPRESENTATION_CONTEXT('2D SPACE',''
  ) );
#646 = PCURVE('',#647,#652);
#647 = B_SPLINE_SURFACE_WITH_KNOTS('',1,1,(
    (#648,#649)
    ,(#650,#651)),.UNSPECIFIED.,.F.,.F.,.F.,(2,2),(2,2),(0.,1.),(0.,1.),
  .PIECEWISE_BEZIER_KNOTS.);
#648 = CARTESIAN_POINT('',(38.428127992408,10.,4.75));
#649 = CARTESIAN_POINT('',(39.27098385067,10.,4.75));
#650 = CARTESIAN_POINT('',(38.428127992408,0.,4.75));
#651 = CARTESIAN_POINT('',(39.27098385067,0.,4.75));
#652 = DEFINITIONAL_REPRESENTATION('',(#653),#657);
#653 = LINE('',#654,#655);
#654 = CARTESIAN_POINT('',(0.,0.));
#655 = VECTOR('',#656,1.);
#656 = DIRECTION('',(0.,1.));
#657 = ( GEOMETRIC_REPRESENTATION_CONTEXT(2) 
PARAMETRIC_REPRESENTATION_CONTEXT() REPRESENTATION_CONTEXT('2D SPACE',''
  ) );
#658 = ORIENTED_EDGE('',*,*,#659,.F.);
#659 = EDGE_CURVE('',#660,#634,#662,.T.);
#660 = VERTEX_POINT('',#661);
#661 = CARTESIAN_POINT('',(37.609194965309,10.,2.5));
#662 = SURFACE_CURVE('',#663,(#666,#672),.PCURVE_S1.);
#663 = B_SPLINE_CURVE_WITH_KNOTS('',1,(#664,#665),.UNSPECIFIED.,.F.,.F.,
  (2,2),(0.,1.),.PIECEWISE_BEZIER_KNOTS.);
#664 = CARTESIAN_POINT('',(37.609194965309,10.,2.5));
#665 = CARTESIAN_POINT('',(38.428127992408,10.,4.75));
#666 = PCURVE('',#43,#667);
#667 = DEFINITIONAL_REPRESENTATION('',(#668),#671);
#668 = B_SPLINE_CURVE_WITH_KNOTS('',1,(#669,#670),.UNSPECIFIED.,.F.,.F.,
  (2,2),(0.,1.),.PIECEWISE_BEZIER_KNOTS.);
#669 = CARTESIAN_POINT('',(2.97958819566,9.798340057186E-02));
#670 = CARTESIAN_POINT('',(3.798521222759,2.347983400572));
#671 = ( GEOMETRIC_REPRESENTATION_CONTEXT(2) 
PARAMETRIC_REPRESENTATION_CONTEXT() REPRESENTATION_CONTEXT('2D SPACE',''
  ) );
#672 = PCURVE('',#673,#678);
#673 = B_SPLINE_SURFACE_WITH_KNOTS('',1,1,(
    (#674,#675)
    ,(#676,#677)),.UNSPECIFIED.,.F.,.F.,.F.,(2,2),(2,2),(0.,1.),(0.,1.),
  .PIECEWISE_BEZIER_KNOTS.);
#674 = CARTESIAN_POINT('',(37.609194965309,10.,2.5));
#675 = CARTESIAN_POINT('',(38.428127992408,10.,4.75));
#676 = CARTESIAN_POINT('',(37.609194965309,0.,2.5));
#677 = CARTESIAN_POINT('',(38.428127992408,0.,4.75));
#678 = DEFINITIONAL_REPRESENTATION('',(#679),#683);
#679 = LINE('',#680,#681);
#680 = CARTESIAN_POINT('',(0.,0.));
#681 = VECTOR('',#682,1.);
#682 = DIRECTION('',(0.,1.));
#683 = ( GEOMETRIC_REPRESENTATION_CONTEXT(2) 
PARAMETRIC_REPRESENTATION_CONTEXT() REPRESENTATION_CONTEXT('2D SPACE',''
  ) );
#684 = ORIENTED_EDGE('',*,*,#685,.F.);
#685 = EDGE_CURVE('',#686,#660,#688,.T.);
#686 = VERTEX_POINT('',#687);
#687 = CARTESIAN_POINT('',(36.948324224179,10.,2.5));
#688 = SURFACE_CURVE('',#689,(#692,#698),.PCURVE_S1.);
#689 = B_SPLINE_CURVE_WITH_KNOTS('',1,(#690,#691),.UNSPECIFIED.,.F.,.F.,
  (2,2),(0.,1.),.PIECEWISE_BEZIER_KNOTS.);
#690 = CARTESIAN_POINT('',(36.948324224179,10.,2.5));
#691 = CARTESIAN_POINT('',(37.609194965309,10.,2.5));
#692 = PCURVE('',#43,#693);
#693 = DEFINITIONAL_REPRESENTATION('',(#694),#697);
#694 = B_SPLINE_CURVE_WITH_KNOTS('',1,(#695,#696),.UNSPECIFIED.,.F.,.F.,
  (2,2),(0.,1.),.PIECEWISE_BEZIER_KNOTS.);
#695 = CARTESIAN_POINT('',(2.31871745453,9.798340057186E-02));
#696 = CARTESIAN_POINT('',(2.97958819566,9.798340057186E-02));
#697 = ( GEOMETRIC_REPRESENTATION_CONTEXT(2) 
PARAMETRIC_REPRESENTATION_CONTEXT() REPRESENTATION_CONTEXT('2D SPACE',''
  ) );
#698 = PCURVE('',#699,#704);
#699 = B_SPLINE_SURFACE_WITH_KNOTS('',1,1,(
    (#700,#701)
    ,(#702,#703)),.UNSPECIFIED.,.F.,.F.,.F.,(2,2),(2,2),(0.,1.),(0.,1.),
  .PIECEWISE_BEZIER_KNOTS.);
#700 = CARTESIAN_POINT('',(36.948324224179,10.,2.5));
#701 = CARTESIAN_POINT('',(37.609194965309,10.,2.5));
#702 = CARTESIAN_POINT('',(36.948324224179,0.,2.5));
#703 = CARTESIAN_POINT('',(37.609194965309,0.,2.5));
#704 = DEFINITIONAL_REPRESENTATION('',(#705),#709);
#705 = LINE('',#706,#707);
#706 = CARTESIAN_POINT('',(0.,0.));
#707 = VECTOR('',#708,1.);
#708 = DIRECTION('',(0.,1.));
#709 = ( GEOMETRIC_REPRESENTATION_CONTEXT(2) 
PARAMETRIC_REPRESENTATION_CONTEXT() REPRESENTATION_CONTEXT('2D SPACE',''
  ) );
#710 = ORIENTED_EDGE('',*,*,#711,.F.);
#711 = EDGE_CURVE('',#712,#686,#714,.T.);
#712 = VERTEX_POINT('',#713);
#713 = CARTESIAN_POINT('',(36.12939119708,10.,4.75));
#714 = SURFACE_CURVE('',#715,(#718,#724),.PCURVE_S1.);
#715 = B_SPLINE_CURVE_WITH_KNOTS('',1,(#716,#717),.UNSPECIFIED.,.F.,.F.,
  (2,2),(0.,1.),.PIECEWISE_BEZIER_KNOTS.);
#716 = CARTESIAN_POINT('',(36.12939119708,10.,4.75));
#717 = CARTESIAN_POINT('',(36.948324224179,10.,2.5));
#718 = PCURVE('',#43,#719);
#719 = DEFINITIONAL_REPRESENTATION('',(#720),#723);
#720 = B_SPLINE_CURVE_WITH_KNOTS('',1,(#721,#722),.UNSPECIFIED.,.F.,.F.,
  (2,2),(0.,1.),.PIECEWISE_BEZIER_KNOTS.);
#721 = CARTESIAN_POINT('',(1.499784427431,2.347983400572));
#722 = CARTESIAN_POINT('',(2.31871745453,9.798340057186E-02));
#723 = ( GEOMETRIC_REPRESENTATION_CONTEXT(2) 
PARAMETRIC_REPRESENTATION_CONTEXT() REPRESENTATION_CONTEXT('2D SPACE',''
  ) );
#724 = PCURVE('',#725,#730);
#725 = B_SPLINE_SURFACE_WITH_KNOTS('',1,1,(
    (#726,#727)
    ,(#728,#729)),.UNSPECIFIED.,.F.,.F.,.F.,(2,2),(2,2),(0.,1.),(0.,1.),
  .PIECEWISE_BEZIER_KNOTS.);
#726 = CARTESIAN_POINT('',(36.12939119708,10.,4.75));
#727 = CARTESIAN_POINT('',(36.948324224179,10.,2.5));
#728 = CARTESIAN_POINT('',(36.12939119708,0.,4.75));
#729 = CARTESIAN_POINT('',(36.948324224179,0.,2.5));
#730 = DEFINITIONAL_REPRESENTATION('',(#731),#735);
#731 = LINE('',#732,#733);
#732 = CARTESIAN_POINT('',(0.,0.));
#733 = VECTOR('',#734,1.);
#734 = DIRECTION('',(0.,1.));
#735 = ( GEOMETRIC_REPRESENTATION_CONTEXT(2) 
PARAMETRIC_REPRESENTATION_CONTEXT() REPRESENTATION_CONTEXT('2D SPACE',''
  ) );
#736 = ORIENTED_EDGE('',*,*,#737,.F.);
#737 = EDGE_CURVE('',#738,#712,#740,.T.);
#738 = VERTEX_POINT('',#739);
#739 = CARTESIAN_POINT('',(35.286535338818,10.,4.75));
#740 = SURFACE_CURVE('',#741,(#744,#750),.PCURVE_S1.);
#741 = B_SPLINE_CURVE_WITH_KNOTS('',1,(#742,#743),.UNSPECIFIED.,.F.,.F.,
  (2,2),(0.,1.),.PIECEWISE_BEZIER_KNOTS.);
#742 = CARTESIAN_POINT('',(35.286535338818,10.,4.75));
#743 = CARTESIAN_POINT('',(36.12939119708,10.,4.75));
#744 = PCURVE('',#43,#745);
#745 = DEFINITIONAL_REPRESENTATION('',(#746),#749);
#746 = B_SPLINE_CURVE_WITH_KNOTS('',1,(#747,#748),.UNSPECIFIED.,.F.,.F.,
  (2,2),(0.,1.),.PIECEWISE_BEZIER_KNOTS.);
#747 = CARTESIAN_POINT('',(0.656928569169,2.347983400572));
#748 = CARTESIAN_POINT('',(1.499784427431,2.347983400572));
#749 = ( GEOMETRIC_REPRESENTATION_CONTEXT(2) 
PARAMETRIC_REPRESENTATION_CONTEXT() REPRESENTATION_CONTEXT('2D SPACE',''
  ) );
#750 = PCURVE('',#751,#756);
#751 = B_SPLINE_SURFACE_WITH_KNOTS('',1,1,(
    (#752,#753)
    ,(#754,#755)),.UNSPECIFIED.,.F.,.F.,.F.,(2,2),(2,2),(0.,1.),(0.,1.),
  .PIECEWISE_BEZIER_KNOTS.);
#752 = CARTESIAN_POINT('',(35.286535338818,10.,4.75));
#753 = CARTESIAN_POINT('',(36.12939119708,10.,4.75));
#754 = CARTESIAN_POINT('',(35.286535338818,0.,4.75));
#755 = CARTESIAN_POINT('',(36.12939119708,0.,4.75));
#756 = DEFINITIONAL_REPRESENTATION('',(#757),#761);
#757 = LINE('',#758,#759);
#758 = CARTESIAN_POINT('',(0.,0.));
#759 = VECTOR('',#760,1.);
#760 = DIRECTION('',(0.,1.));
#761 = ( GEOMETRIC_REPRESENTATION_CONTEXT(2) 
PARAMETRIC_REPRESENTATION_CONTEXT() REPRESENTATION_CONTEXT('2D SPACE',''
  ) );
#762 = ORIENTED_EDGE('',*,*,#763,.F.);
#763 = EDGE_CURVE('',#764,#738,#766,.T.);
#764 = VERTEX_POINT('',#765);
#765 = CARTESIAN_POINT('',(34.467602311719,10.,2.5));
#766 = SURFACE_CURVE('',#767,(#770,#776),.PCURVE_S1.);
#767 = B_SPLINE_CURVE_WITH_KNOTS('',1,(#768,#769),.UNSPECIFIED.,.F.,.F.,
  (2,2),(0.,1.),.PIECEWISE_BEZIER_KNOTS.);
#768 = CARTESIAN_POINT('',(34.467602311719,10.,2.5));
#769 = CARTESIAN_POINT('',(35.286535338818,10.,4.75));
#770 = PCURVE('',#43,#771);
#771 = DEFINITIONAL_REPRESENTATION('',(#772),#775);
#772 = B_SPLINE_CURVE_WITH_KNOTS('',1,(#773,#774),.UNSPECIFIED.,.F.,.F.,
  (2,2),(0.,1.),.PIECEWISE_BEZIER_KNOTS.);
#773 = CARTESIAN_POINT('',(-0.16200445793,9.798340057186E-02));
#774 = CARTESIAN_POINT('',(0.656928569169,2.347983400572));
#775 = ( GEOMETRIC_REPRESENTATION_CONTEXT(2) 
PARAMETRIC_REPRESENTATION_CONTEXT() REPRESENTATION_CONTEXT('2D SPACE',''
  ) );
#776 = PCURVE('',#777,#782);
#777 = B_SPLINE_SURFACE_WITH_KNOTS('',1,1,(
    (#778,#779)
    ,(#780,#781)),.UNSPECIFIED.,.F.,.F.,.F.,(2,2),(2,2),(0.,1.),(0.,1.),
  .PIECEWISE_BEZIER_KNOTS.);
#778 = CARTESIAN_POINT('',(34.467602311719,10.,2.5));
#779 = CARTESIAN_POINT('',(35.286535338818,10.,4.75));
#780 = CARTESIAN_POINT('',(34.467602311719,0.,2.5));
#781 = CARTESIAN_POINT('',(35.286535338818,0.,4.75));
#782 = DEFINITIONAL_REPRESENTATION('',(#783),#787);
#783 = LINE('',#784,#785);
#784 = CARTESIAN_POINT('',(0.,0.));
#785 = VECTOR('',#786,1.);
#786 = DIRECTION('',(0.,1.));
#787 = ( GEOMETRIC_REPRESENTATION_CONTEXT(2) 
PARAMETRIC_REPRESENTATION_CONTEXT() REPRESENTATION_CONTEXT('2D SPACE',''
  ) );
#788 = ORIENTED_EDGE('',*,*,#789,.F.);
#789 = EDGE_CURVE('',#790,#764,#792,.T.);
#790 = VERTEX_POINT('',#791);
#791 = CARTESIAN_POINT('',(33.806731570589,10.,2.5));
#792 = SURFACE_CURVE('',#793,(#796,#802),.PCURVE_S1.);
#793 = B_SPLINE_CURVE_WITH_KNOTS('',1,(#794,#795),.UNSPECIFIED.,.F.,.F.,
  (2,2),(0.,1.),.PIECEWISE_BEZIER_KNOTS.);
#794 = CARTESIAN_POINT('',(33.806731570589,10.,2.5));
#795 = CARTESIAN_POINT('',(34.467602311719,10.,2.5));
#796 = PCURVE('',#43,#797);
#797 = DEFINITIONAL_REPRESENTATION('',(#798),#801);
#798 = B_SPLINE_CURVE_WITH_KNOTS('',1,(#799,#800),.UNSPECIFIED.,.F.,.F.,
  (2,2),(0.,1.),.PIECEWISE_BEZIER_KNOTS.);
#799 = CARTESIAN_POINT('',(-0.822875199059,9.798340057186E-02));
#800 = CARTESIAN_POINT('',(-0.16200445793,9.798340057186E-02));
#801 = ( GEOMETRIC_REPRESENTATION_CONTEXT(2) 
PARAMETRIC_REPRESENTATION_CONTEXT() REPRESENTATION_CONTEXT('2D SPACE',''
  ) );
#802 = PCURVE('',#803,#808);
#803 = B_SPLINE_SURFACE_WITH_KNOTS('',1,1,(
    (#804,#805)
    ,(#806,#807)),.UNSPECIFIED.,.F.,.F.,.F.,(2,2),(2,2),(0.,1.),(0.,1.),
  .PIECEWISE_BEZIER_KNOTS.);
#804 = CARTESIAN_POINT('',(33.806731570589,10.,2.5));
#805 = CARTESIAN_POINT('',(34.467602311719,10.,2.5));
#806 = CARTESIAN_POINT('',(33.806731570589,0.,2.5));
#807 = CARTESIAN_POINT('',(34.467602311719,0.,2.5));
#808 = DEFINITIONAL_REPRESENTATION('',(#809),#813);
#809 = LINE('',#810,#811);
#810 = CARTESIAN_POINT('',(0.,0.));
#811 = VECTOR('',#812,1.);
#812 = DIRECTION('',(0.,1.));
#813 = ( GEOMETRIC_REPRESENTATION_CONTEXT(2) 
PARAMETRIC_REPRESENTATION_CONTEXT() REPRESENTATION_CONTEXT('2D SPACE',''
  ) );
#814 = ORIENTED_EDGE('',*,*,#815,.F.);
#815 = EDGE_CURVE('',#816,#790,#818,.T.);
#816 = VERTEX_POINT('',#817);
#817 = CARTESIAN_POINT('',(32.98779854349,10.,4.75));
#818 = SURFACE_CURVE('',#819,(#822,#828),.PCURVE_S1.);
#819 = B_SPLINE_CURVE_WITH_KNOTS('',1,(#820,#821),.UNSPECIFIED.,.F.,.F.,
  (2,2),(0.,1.),.PIECEWISE_BEZIER_KNOTS.);
#820 = CARTESIAN_POINT('',(32.98779854349,10.,4.75));
#821 = CARTESIAN_POINT('',(33.806731570589,10.,2.5));
#822 = PCURVE('',#43,#823);
#823 = DEFINITIONAL_REPRESENTATION('',(#824),#827);
#824 = B_SPLINE_CURVE_WITH_KNOTS('',1,(#825,#826),.UNSPECIFIED.,.F.,.F.,
  (2,2),(0.,1.),.PIECEWISE_BEZIER_KNOTS.);
#825 = CARTESIAN_POINT('',(-1.641808226158,2.347983400572));
#826 = CARTESIAN_POINT('',(-0.822875199059,9.798340057186E-02));
#827 = ( GEOMETRIC_REPRESENTATION_CONTEXT(2) 
PARAMETRIC_REPRESENTATION_CONTEXT() REPRESENTATION_CONTEXT('2D SPACE',''
  ) );
#828 = PCURVE('',#829,#834);
#829 = B_SPLINE_SURFACE_WITH_KNOTS('',1,1,(
    (#830,#831)
    ,(#832,#833)),.UNSPECIFIED.,.F.,.F.,.F.,(2,2),(2,2),(0.,1.),(0.,1.),
  .PIECEWISE_BEZIER_KNOTS.);
#830 = CARTESIAN_POINT('',(32.98779854349,10.,4.75));
#831 = CARTESIAN_POINT('',(33.806731570589,10.,2.5));
#832 = CARTESIAN_POINT('',(32.98779854349,0.,4.75));
#833 = CARTESIAN_POINT('',(33.806731570589,0.,2.5));
#834 = DEFINITIONAL_REPRESENTATION('',(#835),#839);
#835 = LINE('',#836,#837);
#836 = CARTESIAN_POINT('',(0.,0.));
#837 = VECTOR('',#838,1.);
#838 = DIRECTION('',(0.,1.));
#839 = ( GEOMETRIC_REPRESENTATION_CONTEXT(2) 
PARAMETRIC_REPRESENTATION_CONTEXT() REPRESENTATION_CONTEXT('2D SPACE',''
  ) );
#840 = ORIENTED_EDGE('',*,*,#841,.F.);
#841 = EDGE_CURVE('',#842,#816,#844,.T.);
#842 = VERTEX_POINT('',#843);
#843 = CARTESIAN_POINT('',(32.144942685228,10.,4.75));
#844 = SURFACE_CURVE('',#845,(#848,#854),.PCURVE_S1.);
#845 = B_SPLINE_CURVE_WITH_KNOTS('',1,(#846,#847),.UNSPECIFIED.,.F.,.F.,
  (2,2),(0.,1.),.PIECEWISE_BEZIER_KNOTS.);
#846 = CARTESIAN_POINT('',(32.144942685228,10.,4.75));
#847 = CARTESIAN_POINT('',(32.98779854349,10.,4.75));
#848 = PCURVE('',#43,#849);
#849 = DEFINITIONAL_REPRESENTATION('',(#850),#853);
#850 = B_SPLINE_CURVE_WITH_KNOTS('',1,(#851,#852),.UNSPECIFIED.,.F.,.F.,
  (2,2),(0.,1.),.PIECEWISE_BEZIER_KNOTS.);
#851 = CARTESIAN_POINT('',(-2.484664084421,2.347983400572));
#852 = CARTESIAN_POINT('',(-1.641808226158,2.347983400572));
#853 = ( GEOMETRIC_REPRESENTATION_CONTEXT(2) 
PARAMETRIC_REPRESENTATION_CONTEXT() REPRESENTATION_CONTEXT('2D SPACE',''
  ) );
#854 = PCURVE('',#855,#860);
#855 = B_SPLINE_SURFACE_WITH_KNOTS('',1,1,(
    (#856,#857)
    ,(#858,#859)),.UNSPECIFIED.,.F.,.F.,.F.,(2,2),(2,2),(0.,1.),(0.,1.),
  .PIECEWISE_BEZIER_KNOTS.);
#856 = CARTESIAN_POINT('',(32.144942685228,10.,4.75));
#857 = CARTESIAN_POINT('',(32.98779854349,10.,4.75));
#858 = CARTESIAN_POINT('',(32.144942685228,0.,4.75));
#859 = CARTESIAN_POINT('',(32.98779854349,0.,4.75));
#860 = DEFINITIONAL_REPRESENTATION('',(#861),#865);
#861 = LINE('',#862,#863);
#862 = CARTESIAN_POINT('',(0.,0.));
#863 = VECTOR('',#864,1.);
#864 = DIRECTION('',(0.,1.));
#865 = ( GEOMETRIC_REPRESENTATION_CONTEXT(2) 
PARAMETRIC_REPRESENTATION_CONTEXT() REPRESENTATION_CONTEXT('2D SPACE',''
  ) );
#866 = ORIENTED_EDGE('',*,*,#867,.F.);
#867 = EDGE_CURVE('',#868,#842,#870,.T.);
#868 = VERTEX_POINT('',#869);
#869 = CARTESIAN_POINT('',(31.326009658129,10.,2.5));
#870 = SURFACE_CURVE('',#871,(#874,#880),.PCURVE_S1.);
#871 = B_SPLINE_CURVE_WITH_KNOTS('',1,(#872,#873),.UNSPECIFIED.,.F.,.F.,
  (2,2),(0.,1.),.PIECEWISE_BEZIER_KNOTS.);
#872 = CARTESIAN_POINT('',(31.326009658129,10.,2.5));
#873 = CARTESIAN_POINT('',(32.144942685228,10.,4.75));
#874 = PCURVE('',#43,#875);
#875 = DEFINITIONAL_REPRESENTATION('',(#876),#879);
#876 = B_SPLINE_CURVE_WITH_KNOTS('',1,(#877,#878),.UNSPECIFIED.,.F.,.F.,
  (2,2),(0.,1.),.PIECEWISE_BEZIER_KNOTS.);
#877 = CARTESIAN_POINT('',(-3.30359711152,9.798340057186E-02));
#878 = CARTESIAN_POINT('',(-2.484664084421,2.347983400572));
#879 = ( GEOMETRIC_REPRESENTATION_CONTEXT(2) 
PARAMETRIC_REPRESENTATION_CONTEXT() REPRESENTATION_CONTEXT('2D SPACE',''
  ) );
#880 = PCURVE('',#881,#886);
#881 = B_SPLINE_SURFACE_WITH_KNOTS('',1,1,(
    (#882,#883)
    ,(#884,#885)),.UNSPECIFIED.,.F.,.F.,.F.,(2,2),(2,2),(0.,1.),(0.,1.),
  .PIECEWISE_BEZIER_KNOTS.);
#882 = CARTESIAN_POINT('',(31.326009658129,10.,2.5));
#883 = CARTESIAN_POINT('',(32.144942685228,10.,4.75));
#884 = CARTESIAN_POINT('',(31.326009658129,0.,2.5));
#885 = CARTESIAN_POINT('',(32.144942685228,0.,4.75));
#886 = DEFINITIONAL_REPRESENTATION('',(#887),#891);
#887 = LINE('',#888,#889);
#888 = CARTESIAN_POINT('',(0.,0.));
#889 = VECTOR('',#890,1.);
#890 = DIRECTION('',(0.,1.));
#891 = ( GEOMETRIC_REPRESENTATION_CONTEXT(2) 
PARAMETRIC_REPRESENTATION_CONTEXT() REPRESENTATION_CONTEXT('2D SPACE',''
  ) );
#892 = ORIENTED_EDGE('',*,*,#893,.F.);
#893 = EDGE_CURVE('',#894,#868,#896,.T.);
#894 = VERTEX_POINT('',#895);
#895 = CARTESIAN_POINT('',(30.665138917,10.,2.5));
#896 = SURFACE_CURVE('',#897,(#900,#906),.PCURVE_S1.);
#897 = B_SPLINE_CURVE_WITH_KNOTS('',1,(#898,#899),.UNSPECIFIED.,.F.,.F.,
  (2,2),(0.,1.),.PIECEWISE_BEZIER_KNOTS.);
#898 = CARTESIAN_POINT('',(30.665138917,10.,2.5));
#899 = CARTESIAN_POINT('',(31.326009658129,10.,2.5));
#900 = PCURVE('',#43,#901);
#901 = DEFINITIONAL_REPRESENTATION('',(#902),#905);
#902 = B_SPLINE_CURVE_WITH_KNOTS('',1,(#903,#904),.UNSPECIFIED.,.F.,.F.,
  (2,2),(0.,1.),.PIECEWISE_BEZIER_KNOTS.);
#903 = CARTESIAN_POINT('',(-3.964467852649,9.798340057186E-02));
#904 = CARTESIAN_POINT('',(-3.30359711152,9.798340057186E-02));
#905 = ( GEOMETRIC_REPRESENTATION_CONTEXT(2) 
PARAMETRIC_REPRESENTATION_CONTEXT() REPRESENTATION_CONTEXT('2D SPACE',''
  ) );
#906 = PCURVE('',#907,#912);
#907 = B_SPLINE_SURFACE_WITH_KNOTS('',1,1,(
    (#908,#909)
    ,(#910,#911)),.UNSPECIFIED.,.F.,.F.,.F.,(2,2),(2,2),(0.,1.),(0.,1.),
  .PIECEWISE_BEZIER_KNOTS.);
#908 = CARTESIAN_POINT('',(30.665138917,10.,2.5));
#909 = CARTESIAN_POINT('',(31.326009658129,10.,2.5));
#910 = CARTESIAN_POINT('',(30.665138917,0.,2.5));
#911 = CARTESIAN_POINT('',(31.326009658129,0.,2.5));
#912 = DEFINITIONAL_REPRESENTATION('',(#913),#917);
#913 = LINE('',#914,#915);
#914 = CARTESIAN_POINT('',(0.,0.));
#915 = VECTOR('',#916,1.);
#916 = DIRECTION('',(0.,1.));
#917 = ( GEOMETRIC_REPRESENTATION_CONTEXT(2) 
PARAMETRIC_REPRESENTATION_CONTEXT() REPRESENTATION_CONTEXT('2D SPACE',''
  ) );
#918 = ORIENTED_EDGE('',*,*,#919,.F.);
#919 = EDGE_CURVE('',#920,#894,#922,.T.);
#920 = VERTEX_POINT('',#921);
#921 = CARTESIAN_POINT('',(29.846205889901,10.,4.75));
#922 = SURFACE_CURVE('',#923,(#926,#932),.PCURVE_S1.);
#923 = B_SPLINE_CURVE_WITH_KNOTS('',1,(#924,#925),.UNSPECIFIED.,.F.,.F.,
  (2,2),(0.,1.),.PIECEWISE_BEZIER_KNOTS.);
#924 = CARTESIAN_POINT('',(29.846205889901,10.,4.75));
#925 = CARTESIAN_POINT('',(30.665138917,10.,2.5));
#926 = PCURVE('',#43,#927);
#927 = DEFINITIONAL_REPRESENTATION('',(#928),#931);
#928 = B_SPLINE_CURVE_WITH_KNOTS('',1,(#929,#930),.UNSPECIFIED.,.F.,.F.,
  (2,2),(0.,1.),.PIECEWISE_BEZIER_KNOTS.);
#929 = CARTESIAN_POINT('',(-4.783400879748,2.347983400572));
#930 = CARTESIAN_POINT('',(-3.964467852649,9.798340057186E-02));
#931 = ( GEOMETRIC_REPRESENTATION_CONTEXT(2) 
PARAMETRIC_REPRESENTATION_CONTEXT() REPRESENTATION_CONTEXT('2D SPACE',''
  ) );
#932 = PCURVE('',#933,#938);
#933 = B_SPLINE_SURFACE_WITH_KNOTS('',1,1,(
    (#934,#935)
    ,(#936,#937)),.UNSPECIFIED.,.F.,.F.,.F.,(2,2),(2,2),(0.,1.),(0.,1.),
  .PIECEWISE_BEZIER_KNOTS.);
#934 = CARTESIAN_POINT('',(29.846205889901,10.,4.75));
#935 = CARTESIAN_POINT('',(30.665138917,10.,2.5));
#936 = CARTESIAN_POINT('',(29.846205889901,0.,4.75));
#937 = CARTESIAN_POINT('',(30.665138917,0.,2.5));
#938 = DEFINITIONAL_REPRESENTATION('',(#939),#943);
#939 = LINE('',#940,#941);
#940 = CARTESIAN_POINT('',(0.,0.));
#941 = VECTOR('',#942,1.);
#942 = DIRECTION('',(0.,1.));
#943 = ( GEOMETRIC_REPRESENTATION_CONTEXT(2) 
PARAMETRIC_REPRESENTATION_CONTEXT() REPRESENTATION_CONTEXT('2D SPACE',''
  ) );
#944 = ORIENTED_EDGE('',*,*,#945,.F.);
#945 = EDGE_CURVE('',#946,#920,#948,.T.);
#946 = VERTEX_POINT('',#947);
#947 = CARTESIAN_POINT('',(29.003350031638,10.,4.75));
#948 = SURFACE_CURVE('',#949,(#952,#958),.PCURVE_S1.);
#949 = B_SPLINE_CURVE_WITH_KNOTS('',1,(#950,#951),.UNSPECIFIED.,.F.,.F.,
  (2,2),(0.,1.),.PIECEWISE_BEZIER_KNOTS.);
#950 = CARTESIAN_POINT('',(29.003350031638,10.,4.75));
#951 = CARTESIAN_POINT('',(29.846205889901,10.,4.75));
#952 = PCURVE('',#43,#953);
#953 = DEFINITIONAL_REPRESENTATION('',(#954),#957);
#954 = B_SPLINE_CURVE_WITH_KNOTS('',1,(#955,#956),.UNSPECIFIED.,.F.,.F.,
  (2,2),(0.,1.),.PIECEWISE_BEZIER_KNOTS.);
#955 = CARTESIAN_POINT('',(-5.626256738011,2.347983400572));
#956 = CARTESIAN_POINT('',(-4.783400879748,2.347983400572));
#957 = ( GEOMETRIC_REPRESENTATION_CONTEXT(2) 
PARAMETRIC_REPRESENTATION_CONTEXT() REPRESENTATION_CONTEXT('2D SPACE',''
  ) );
#958 = PCURVE('',#959,#964);
#959 = B_SPLINE_SURFACE_WITH_KNOTS('',1,1,(
    (#960,#961)
    ,(#962,#963)),.UNSPECIFIED.,.F.,.F.,.F.,(2,2),(2,2),(0.,1.),(0.,1.),
  .PIECEWISE_BEZIER_KNOTS.);
#960 = CARTESIAN_POINT('',(29.003350031638,10.,4.75));
#961 = CARTESIAN_POINT('',(29.846205889901,10.,4.75));
#962 = CARTESIAN_POINT('',(29.003350031638,0.,4.75));
#963 = CARTESIAN_POINT('',(29.846205889901,0.,4.75));
#964 = DEFINITIONAL_REPRESENTATION('',(#965),#969);
#965 = LINE('',#966,#967);
#966 = CARTESIAN_POINT('',(0.,0.));
#967 = VECTOR('',#968,1.);
#968 = DIRECTION('',(0.,1.));
#969 = ( GEOMETRIC_REPRESENTATION_CONTEXT(2) 
PARAMETRIC_REPRESENTATION_CONTEXT() REPRESENTATION_CONTEXT('2D SPACE',''
  ) );
#970 = ORIENTED_EDGE('',*,*,#971,.F.);
#971 = EDGE_CURVE('',#972,#946,#974,.T.);
#972 = VERTEX_POINT('',#973);
#973 = CARTESIAN_POINT('',(28.184417004539,10.,2.5));
#974 = SURFACE_CURVE('',#975,(#978,#984),.PCURVE_S1.);
#975 = B_SPLINE_CURVE_WITH_KNOTS('',1,(#976,#977),.UNSPECIFIED.,.F.,.F.,
  (2,2),(0.,1.),.PIECEWISE_BEZIER_KNOTS.);
#976 = CARTESIAN_POINT('',(28.184417004539,10.,2.5));
#977 = CARTESIAN_POINT('',(29.003350031638,10.,4.75));
#978 = PCURVE('',#43,#979);
#979 = DEFINITIONAL_REPRESENTATION('',(#980),#983);
#980 = B_SPLINE_CURVE_WITH_KNOTS('',1,(#981,#982),.UNSPECIFIED.,.F.,.F.,
  (2,2),(0.,1.),.PIECEWISE_BEZIER_KNOTS.);
#981 = CARTESIAN_POINT('',(-6.44518976511,9.798340057186E-02));
#982 = CARTESIAN_POINT('',(-5.626256738011,2.347983400572));
#983 = ( GEOMETRIC_REPRESENTATION_CONTEXT(2) 
PARAMETRIC_REPRESENTATION_CONTEXT() REPRESENTATION_CONTEXT('2D SPACE',''
  ) );
#984 = PCURVE('',#985,#990);
#985 = B_SPLINE_SURFACE_WITH_KNOTS('',1,1,(
    (#986,#987)
    ,(#988,#989)),.UNSPECIFIED.,.F.,.F.,.F.,(2,2),(2,2),(0.,1.),(0.,1.),
  .PIECEWISE_BEZIER_KNOTS.);
#986 = CARTESIAN_POINT('',(28.184417004539,10.,2.5));
#987 = CARTESIAN_POINT('',(29.003350031638,10.,4.75));
#988 = CARTESIAN_POINT('',(28.184417004539,0.,2.5));
#989 = CARTESIAN_POINT('',(29.003350031638,0.,4.75));
#990 = DEFINITIONAL_REPRESENTATION('',(#991),#995);
#991 = LINE('',#992,#993);
#992 = CARTESIAN_POINT('',(0.,0.));
#993 = VECTOR('',#994,1.);
#994 = DIRECTION('',(0.,1.));
#995 = ( GEOMETRIC_REPRESENTATION_CONTEXT(2) 
PARAMETRIC_REPRESENTATION_CONTEXT() REPRESENTATION_CONTEXT('2D SPACE',''
  ) );
#996 = ORIENTED_EDGE('',*,*,#997,.F.);
#997 = EDGE_CURVE('',#998,#972,#1000,.T.);
#998 = VERTEX_POINT('',#999);
#999 = CARTESIAN_POINT('',(27.52354626341,10.,2.5));
#1000 = SURFACE_CURVE('',#1001,(#1004,#1010),.PCURVE_S1.);
#1001 = B_SPLINE_CURVE_WITH_KNOTS('',1,(#1002,#1003),.UNSPECIFIED.,.F.,
  .F.,(2,2),(0.,1.),.PIECEWISE_BEZIER_KNOTS.);
#1002 = CARTESIAN_POINT('',(27.52354626341,10.,2.5));
#1003 = CARTESIAN_POINT('',(28.184417004539,10.,2.5));
#1004 = PCURVE('',#43,#1005);
#1005 = DEFINITIONAL_REPRESENTATION('',(#1006),#1009);
#1006 = B_SPLINE_CURVE_WITH_KNOTS('',1,(#1007,#1008),.UNSPECIFIED.,.F.,
  .F.,(2,2),(0.,1.),.PIECEWISE_BEZIER_KNOTS.);
#1007 = CARTESIAN_POINT('',(-7.106060506239,9.798340057186E-02));
#1008 = CARTESIAN_POINT('',(-6.44518976511,9.798340057186E-02));
#1009 = ( GEOMETRIC_REPRESENTATION_CONTEXT(2) 
PARAMETRIC_REPRESENTATION_CONTEXT() REPRESENTATION_CONTEXT('2D SPACE',''
  ) );
#1010 = PCURVE('',#1011,#1016);
#1011 = B_SPLINE_SURFACE_WITH_KNOTS('',1,1,(
    (#1012,#1013)
    ,(#1014,#1015
    )),.UNSPECIFIED.,.F.,.F.,.F.,(2,2),(2,2),(0.,1.),(0.,1.),
  .PIECEWISE_BEZIER_KNOTS.);
#1012 = CARTESIAN_POINT('',(27.52354626341,10.,2.5));
#1013 = CARTESIAN_POINT('',(28.184417004539,10.,2.5));
#1014 = CARTESIAN_POINT('',(27.52354626341,0.,2.5));
#1015 = CARTESIAN_POINT('',(28.184417004539,0.,2.5));
#1016 = DEFINITIONAL_REPRESENTATION('',(#1017),#1021);
#1017 = LINE('',#1018,#1019);
#1018 = CARTESIAN_POINT('',(0.,0.));
#1019 = VECTOR('',#1020,1.);
#1020 = DIRECTION('',(0.,1.));
#1021 = ( GEOMETRIC_REPRESENTATION_CONTEXT(2) 
PARAMETRIC_REPRESENTATION_CONTEXT() REPRESENTATION_CONTEXT('2D SPACE',''
  ) );
#1022 = ORIENTED_EDGE('',*,*,#1023,.F.);
#1023 = EDGE_CURVE('',#1024,#998,#1026,.T.);
#1024 = VERTEX_POINT('',#1025);
#1025 = CARTESIAN_POINT('',(26.704613236311,10.,4.75));
#1026 = SURFACE_CURVE('',#1027,(#1030,#1036),.PCURVE_S1.);
#1027 = B_SPLINE_CURVE_WITH_KNOTS('',1,(#1028,#1029),.UNSPECIFIED.,.F.,
  .F.,(2,2),(0.,1.),.PIECEWISE_BEZIER_KNOTS.);
#1028 = CARTESIAN_POINT('',(26.704613236311,10.,4.75));
#1029 = CARTESIAN_POINT('',(27.52354626341,10.,2.5));
#1030 = PCURVE('',#43,#1031);
#1031 = DEFINITIONAL_REPRESENTATION('',(#1032),#1035);
#1032 = B_SPLINE_CURVE_WITH_KNOTS('',1,(#1033,#1034),.UNSPECIFIED.,.F.,
  .F.,(2,2),(0.,1.),.PIECEWISE_BEZIER_KNOTS.);
#1033 = CARTESIAN_POINT('',(-7.924993533338,2.347983400572));
#1034 = CARTESIAN_POINT('',(-7.106060506239,9.798340057186E-02));
#1035 = ( GEOMETRIC_REPRESENTATION_CONTEXT(2) 
PARAMETRIC_REPRESENTATION_CONTEXT() REPRESENTATION_CONTEXT('2D SPACE',''
  ) );
#1036 = PCURVE('',#1037,#1042);
#1037 = B_SPLINE_SURFACE_WITH_KNOTS('',1,1,(
    (#1038,#1039)
    ,(#1040,#1041
    )),.UNSPECIFIED.,.F.,.F.,.F.,(2,2),(2,2),(0.,1.),(0.,1.),
  .PIECEWISE_BEZIER_KNOTS.);
#1038 = CARTESIAN_POINT('',(26.704613236311,10.,4.75));
#1039 = CARTESIAN_POINT('',(27.52354626341,10.,2.5));
#1040 = CARTESIAN_POINT('',(26.704613236311,0.,4.75));
#1041 = CARTESIAN_POINT('',(27.52354626341,0.,2.5));
#1042 = DEFINITIONAL_REPRESENTATION('',(#1043),#1047);
#1043 = LINE('',#1044,#1045);
#1044 = CARTESIAN_POINT('',(0.,0.));
#1045 = VECTOR('',#1046,1.);
#1046 = DIRECTION('',(0.,1.));
#1047 = ( GEOMETRIC_REPRESENTATION_CONTEXT(2) 
PARAMETRIC_REPRESENTATION_CONTEXT() REPRESENTATION_CONTEXT('2D SPACE',''
  ) );
#1048 = ORIENTED_EDGE('',*,*,#1049,.F.);
#1049 = EDGE_CURVE('',#1050,#1024,#1052,.T.);
#1050 = VERTEX_POINT('',#1051);
#1051 = CARTESIAN_POINT('',(25.861757378048,10.,4.75));
#1052 = SURFACE_CURVE('',#1053,(#1056,#1062),.PCURVE_S1.);
#1053 = B_SPLINE_CURVE_WITH_KNOTS('',1,(#1054,#1055),.UNSPECIFIED.,.F.,
  .F.,(2,2),(0.,1.),.PIECEWISE_BEZIER_KNOTS.);
#1054 = CARTESIAN_POINT('',(25.861757378048,10.,4.75));
#1055 = CARTESIAN_POINT('',(26.704613236311,10.,4.75));
#1056 = PCURVE('',#43,#1057);
#1057 = DEFINITIONAL_REPRESENTATION('',(#1058),#1061);
#1058 = B_SPLINE_CURVE_WITH_KNOTS('',1,(#1059,#1060),.UNSPECIFIED.,.F.,
  .F.,(2,2),(0.,1.),.PIECEWISE_BEZIER_KNOTS.);
#1059 = CARTESIAN_POINT('',(-8.767849391601,2.347983400572));
#1060 = CARTESIAN_POINT('',(-7.924993533338,2.347983400572));
#1061 = ( GEOMETRIC_REPRESENTATION_CONTEXT(2) 
PARAMETRIC_REPRESENTATION_CONTEXT() REPRESENTATION_CONTEXT('2D SPACE',''
  ) );
#1062 = PCURVE('',#1063,#1068);
#1063 = B_SPLINE_SURFACE_WITH_KNOTS('',1,1,(
    (#1064,#1065)
    ,(#1066,#1067
    )),.UNSPECIFIED.,.F.,.F.,.F.,(2,2),(2,2),(0.,1.),(0.,1.),
  .PIECEWISE_BEZIER_KNOTS.);
#1064 = CARTESIAN_POINT('',(25.861757378048,10.,4.75));
#1065 = CARTESIAN_POINT('',(26.704613236311,10.,4.75));
#1066 = CARTESIAN_POINT('',(25.861757378048,0.,4.75));
#1067 = CARTESIAN_POINT('',(26.704613236311,0.,4.75));
#1068 = DEFINITIONAL_REPRESENTATION('',(#1069),#1073);
#1069 = LINE('',#1070,#1071);
#1070 = CARTESIAN_POINT('',(0.,0.));
#1071 = VECTOR('',#1072,1.);
#1072 = DIRECTION('',(0.,1.));
#1073 = ( GEOMETRIC_REPRESENTATION_CONTEXT(2) 
PARAMETRIC_REPRESENTATION_CONTEXT() REPRESENTATION_CONTEXT('2D SPACE',''
  ) );
#1074 = ORIENTED_EDGE('',*,*,#1075,.F.);
#1075 = EDGE_CURVE('',#1076,#1050,#1078,.T.);
#1076 = VERTEX_POINT('',#1077);
#1077 = CARTESIAN_POINT('',(25.042824350949,10.,2.5));
#1078 = SURFACE_CURVE('',#1079,(#1082,#1088),.PCURVE_S1.);
#1079 = B_SPLINE_CURVE_WITH_KNOTS('',1,(#1080,#1081),.UNSPECIFIED.,.F.,
  .F.,(2,2),(0.,1.),.PIECEWISE_BEZIER_KNOTS.);
#1080 = CARTESIAN_POINT('',(25.042824350949,10.,2.5));
#1081 = CARTESIAN_POINT('',(25.861757378048,10.,4.75));
#1082 = PCURVE('',#43,#1083);
#1083 = DEFINITIONAL_REPRESENTATION('',(#1084),#1087);
#1084 = B_SPLINE_CURVE_WITH_KNOTS('',1,(#1085,#1086),.UNSPECIFIED.,.F.,
  .F.,(2,2),(0.,1.),.PIECEWISE_BEZIER_KNOTS.);
#1085 = CARTESIAN_POINT('',(-9.586782418699,9.798340057186E-02));
#1086 = CARTESIAN_POINT('',(-8.767849391601,2.347983400572));
#1087 = ( GEOMETRIC_REPRESENTATION_CONTEXT(2) 
PARAMETRIC_REPRESENTATION_CONTEXT() REPRESENTATION_CONTEXT('2D SPACE',''
  ) );
#1088 = PCURVE('',#1089,#1094);
#1089 = B_SPLINE_SURFACE_WITH_KNOTS('',1,1,(
    (#1090,#1091)
    ,(#1092,#1093
    )),.UNSPECIFIED.,.F.,.F.,.F.,(2,2),(2,2),(0.,1.),(0.,1.),
  .PIECEWISE_BEZIER_KNOTS.);
#1090 = CARTESIAN_POINT('',(25.042824350949,10.,2.5));
#1091 = CARTESIAN_POINT('',(25.861757378048,10.,4.75));
#1092 = CARTESIAN_POINT('',(25.042824350949,0.,2.5));
#1093 = CARTESIAN_POINT('',(25.861757378048,0.,4.75));
#1094 = DEFINITIONAL_REPRESENTATION('',(#1095),#1099);
#1095 = LINE('',#1096,#1097);
#1096 = CARTESIAN_POINT('',(0.,0.));
#1097 = VECTOR('',#1098,1.);
#1098 = DIRECTION('',(0.,1.));
#1099 = ( GEOMETRIC_REPRESENTATION_CONTEXT(2) 
PARAMETRIC_REPRESENTATION_CONTEXT() REPRESENTATION_CONTEXT('2D SPACE',''
  ) );
#1100 = ORIENTED_EDGE('',*,*,#1101,.F.);
#1101 = EDGE_CURVE('',#1102,#1076,#1104,.T.);
#1102 = VERTEX_POINT('',#1103);
#1103 = CARTESIAN_POINT('',(24.38195360982,10.,2.5));
#1104 = SURFACE_CURVE('',#1105,(#1108,#1114),.PCURVE_S1.);
#1105 = B_SPLINE_CURVE_WITH_KNOTS('',1,(#1106,#1107),.UNSPECIFIED.,.F.,
  .F.,(2,2),(0.,1.),.PIECEWISE_BEZIER_KNOTS.);
#1106 = CARTESIAN_POINT('',(24.38195360982,10.,2.5));
#1107 = CARTESIAN_POINT('',(25.042824350949,10.,2.5));
#1108 = PCURVE('',#43,#1109);
#1109 = DEFINITIONAL_REPRESENTATION('',(#1110),#1113);
#1110 = B_SPLINE_CURVE_WITH_KNOTS('',1,(#1111,#1112),.UNSPECIFIED.,.F.,
  .F.,(2,2),(0.,1.),.PIECEWISE_BEZIER_KNOTS.);
#1111 = CARTESIAN_POINT('',(-10.24765315982,9.798340057186E-02));
#1112 = CARTESIAN_POINT('',(-9.586782418699,9.798340057186E-02));
#1113 = ( GEOMETRIC_REPRESENTATION_CONTEXT(2) 
PARAMETRIC_REPRESENTATION_CONTEXT() REPRESENTATION_CONTEXT('2D SPACE',''
  ) );
#1114 = PCURVE('',#1115,#1120);
#1115 = B_SPLINE_SURFACE_WITH_KNOTS('',1,1,(
    (#1116,#1117)
    ,(#1118,#1119
    )),.UNSPECIFIED.,.F.,.F.,.F.,(2,2),(2,2),(0.,1.),(0.,1.),
  .PIECEWISE_BEZIER_KNOTS.);
#1116 = CARTESIAN_POINT('',(24.38195360982,10.,2.5));
#1117 = CARTESIAN_POINT('',(25.042824350949,10.,2.5));
#1118 = CARTESIAN_POINT('',(24.38195360982,0.,2.5));
#1119 = CARTESIAN_POINT('',(25.042824350949,0.,2.5));
#1120 = DEFINITIONAL_REPRESENTATION('',(#1121),#1125);
#1121 = LINE('',#1122,#1123);
#1122 = CARTESIAN_POINT('',(0.,0.));
#1123 = VECTOR('',#1124,1.);
#1124 = DIRECTION('',(0.,1.));
#1125 = ( GEOMETRIC_REPRESENTATION_CONTEXT(2) 
PARAMETRIC_REPRESENTATION_CONTEXT() REPRESENTATION_CONTEXT('2D SPACE',''
  ) );
#1126 = ORIENTED_EDGE('',*,*,#1127,.F.);
#1127 = EDGE_CURVE('',#1128,#1102,#1130,.T.);
#1128 = VERTEX_POINT('',#1129);
#1129 = CARTESIAN_POINT('',(23.563020582721,10.,4.75));
#1130 = SURFACE_CURVE('',#1131,(#1134,#1140),.PCURVE_S1.);
#1131 = B_SPLINE_CURVE_WITH_KNOTS('',1,(#1132,#1133),.UNSPECIFIED.,.F.,
  .F.,(2,2),(0.,1.),.PIECEWISE_BEZIER_KNOTS.);
#1132 = CARTESIAN_POINT('',(23.563020582721,10.,4.75));
#1133 = CARTESIAN_POINT('',(24.38195360982,10.,2.5));
#1134 = PCURVE('',#43,#1135);
#1135 = DEFINITIONAL_REPRESENTATION('',(#1136),#1139);
#1136 = B_SPLINE_CURVE_WITH_KNOTS('',1,(#1137,#1138),.UNSPECIFIED.,.F.,
  .F.,(2,2),(0.,1.),.PIECEWISE_BEZIER_KNOTS.);
#1137 = CARTESIAN_POINT('',(-11.06658618692,2.347983400572));
#1138 = CARTESIAN_POINT('',(-10.24765315982,9.798340057186E-02));
#1139 = ( GEOMETRIC_REPRESENTATION_CONTEXT(2) 
PARAMETRIC_REPRESENTATION_CONTEXT() REPRESENTATION_CONTEXT('2D SPACE',''
  ) );
#1140 = PCURVE('',#1141,#1146);
#1141 = B_SPLINE_SURFACE_WITH_KNOTS('',1,1,(
    (#1142,#1143)
    ,(#1144,#1145
    )),.UNSPECIFIED.,.F.,.F.,.F.,(2,2),(2,2),(0.,1.),(0.,1.),
  .PIECEWISE_BEZIER_KNOTS.);
#1142 = CARTESIAN_POINT('',(23.563020582721,10.,4.75));
#1143 = CARTESIAN_POINT('',(24.38195360982,10.,2.5));
#1144 = CARTESIAN_POINT('',(23.563020582721,0.,4.75));
#1145 = CARTESIAN_POINT('',(24.38195360982,0.,2.5));
#1146 = DEFINITIONAL_REPRESENTATION('',(#1147),#1151);
#1147 = LINE('',#1148,#1149);
#1148 = CARTESIAN_POINT('',(0.,0.));
#1149 = VECTOR('',#1150,1.);
#1150 = DIRECTION('',(0.,1.));
#1151 = ( GEOMETRIC_REPRESENTATION_CONTEXT(2) 
PARAMETRIC_REPRESENTATION_CONTEXT() REPRESENTATION_CONTEXT('2D SPACE',''
  ) );
#1152 = ORIENTED_EDGE('',*,*,#1153,.F.);
#1153 = EDGE_CURVE('',#1154,#1128,#1156,.T.);
#1154 = VERTEX_POINT('',#1155);
#1155 = CARTESIAN_POINT('',(22.720164724459,10.,4.75));
#1156 = SURFACE_CURVE('',#1157,(#1160,#1166),.PCURVE_S1.);
#1157 = B_SPLINE_CURVE_WITH_KNOTS('',1,(#1158,#1159),.UNSPECIFIED.,.F.,
  .F.,(2,2),(0.,1.),.PIECEWISE_BEZIER_KNOTS.);
#1158 = CARTESIAN_POINT('',(22.720164724459,10.,4.75));
#1159 = CARTESIAN_POINT('',(23.563020582721,10.,4.75));
#1160 = PCURVE('',#43,#1161);
#1161 = DEFINITIONAL_REPRESENTATION('',(#1162),#1165);
#1162 = B_SPLINE_CURVE_WITH_KNOTS('',1,(#1163,#1164),.UNSPECIFIED.,.F.,
  .F.,(2,2),(0.,1.),.PIECEWISE_BEZIER_KNOTS.);
#1163 = CARTESIAN_POINT('',(-11.90944204519,2.347983400572));
#1164 = CARTESIAN_POINT('',(-11.06658618692,2.347983400572));
#1165 = ( GEOMETRIC_REPRESENTATION_CONTEXT(2) 
PARAMETRIC_REPRESENTATION_CONTEXT() REPRESENTATION_CONTEXT('2D SPACE',''
  ) );
#1166 = PCURVE('',#1167,#1172);
#1167 = B_SPLINE_SURFACE_WITH_KNOTS('',1,1,(
    (#1168,#1169)
    ,(#1170,#1171
    )),.UNSPECIFIED.,.F.,.F.,.F.,(2,2),(2,2),(0.,1.),(0.,1.),
  .PIECEWISE_BEZIER_KNOTS.);
#1168 = CARTESIAN_POINT('',(22.720164724459,10.,4.75));
#1169 = CARTESIAN_POINT('',(23.563020582721,10.,4.75));
#1170 = CARTESIAN_POINT('',(22.720164724459,0.,4.75));
#1171 = CARTESIAN_POINT('',(23.563020582721,0.,4.75));
#1172 = DEFINITIONAL_REPRESENTATION('',(#1173),#1177);
#1173 = LINE('',#1174,#1175);
#1174 = CARTESIAN_POINT('',(0.,0.));
#1175 = VECTOR('',#1176,1.);
#1176 = DIRECTION('',(0.,1.));
#1177 = ( GEOMETRIC_REPRESENTATION_CONTEXT(2) 
PARAMETRIC_REPRESENTATION_CONTEXT() REPRESENTATION_CONTEXT('2D SPACE',''
  ) );
#1178 = ORIENTED_EDGE('',*,*,#1179,.F.);
#1179 = EDGE_CURVE('',#1180,#1154,#1182,.T.);
#1180 = VERTEX_POINT('',#1181);
#1181 = CARTESIAN_POINT('',(21.90123169736,10.,2.5));
#1182 = SURFACE_CURVE('',#1183,(#1186,#1192),.PCURVE_S1.);
#1183 = B_SPLINE_CURVE_WITH_KNOTS('',1,(#1184,#1185),.UNSPECIFIED.,.F.,
  .F.,(2,2),(0.,1.),.PIECEWISE_BEZIER_KNOTS.);
#1184 = CARTESIAN_POINT('',(21.90123169736,10.,2.5));
#1185 = CARTESIAN_POINT('',(22.720164724459,10.,4.75));
#1186 = PCURVE('',#43,#1187);
#1187 = DEFINITIONAL_REPRESENTATION('',(#1188),#1191);
#1188 = B_SPLINE_CURVE_WITH_KNOTS('',1,(#1189,#1190),.UNSPECIFIED.,.F.,
  .F.,(2,2),(0.,1.),.PIECEWISE_BEZIER_KNOTS.);
#1189 = CARTESIAN_POINT('',(-12.72837507228,9.798340057186E-02));
#1190 = CARTESIAN_POINT('',(-11.90944204519,2.347983400572));
#1191 = ( GEOMETRIC_REPRESENTATION_CONTEXT(2) 
PARAMETRIC_REPRESENTATION_CONTEXT() REPRESENTATION_CONTEXT('2D SPACE',''
  ) );
#1192 = PCURVE('',#1193,#1198);
#1193 = B_SPLINE_SURFACE_WITH_KNOTS('',1,1,(
    (#1194,#1195)
    ,(#1196,#1197
    )),.UNSPECIFIED.,.F.,.F.,.F.,(2,2),(2,2),(0.,1.),(0.,1.),
  .PIECEWISE_BEZIER_KNOTS.);
#1194 = CARTESIAN_POINT('',(21.90123169736,10.,2.5));
#1195 = CARTESIAN_POINT('',(22.720164724459,10.,4.75));
#1196 = CARTESIAN_POINT('',(21.90123169736,0.,2.5));
#1197 = CARTESIAN_POINT('',(22.720164724459,0.,4.75));
#1198 = DEFINITIONAL_REPRESENTATION('',(#1199),#1203);
#1199 = LINE('',#1200,#1201);
#1200 = CARTESIAN_POINT('',(0.,0.));
#1201 = VECTOR('',#1202,1.);
#1202 = DIRECTION('',(0.,1.));
#1203 = ( GEOMETRIC_REPRESENTATION_CONTEXT(2) 
PARAMETRIC_REPRESENTATION_CONTEXT() REPRESENTATION_CONTEXT('2D SPACE',''
  ) );
#1204 = ORIENTED_EDGE('',*,*,#1205,.F.);
#1205 = EDGE_CURVE('',#1206,#1180,#1208,.T.);
#1206 = VERTEX_POINT('',#1207);
#1207 = CARTESIAN_POINT('',(21.24036095623,10.,2.5));
#1208 = SURFACE_CURVE('',#1209,(#1212,#1218),.PCURVE_S1.);
#1209 = B_SPLINE_CURVE_WITH_KNOTS('',1,(#1210,#1211),.UNSPECIFIED.,.F.,
  .F.,(2,2),(0.,1.),.PIECEWISE_BEZIER_KNOTS.);
#1210 = CARTESIAN_POINT('',(21.24036095623,10.,2.5));
#1211 = CARTESIAN_POINT('',(21.90123169736,10.,2.5));
#1212 = PCURVE('',#43,#1213);
#1213 = DEFINITIONAL_REPRESENTATION('',(#1214),#1217);
#1214 = B_SPLINE_CURVE_WITH_KNOTS('',1,(#1215,#1216),.UNSPECIFIED.,.F.,
  .F.,(2,2),(0.,1.),.PIECEWISE_BEZIER_KNOTS.);
#1215 = CARTESIAN_POINT('',(-13.38924581341,9.798340057186E-02));
#1216 = CARTESIAN_POINT('',(-12.72837507228,9.798340057186E-02));
#1217 = ( GEOMETRIC_REPRESENTATION_CONTEXT(2) 
PARAMETRIC_REPRESENTATION_CONTEXT() REPRESENTATION_CONTEXT('2D SPACE',''
  ) );
#1218 = PCURVE('',#1219,#1224);
#1219 = B_SPLINE_SURFACE_WITH_KNOTS('',1,1,(
    (#1220,#1221)
    ,(#1222,#1223
    )),.UNSPECIFIED.,.F.,.F.,.F.,(2,2),(2,2),(0.,1.),(0.,1.),
  .PIECEWISE_BEZIER_KNOTS.);
#1220 = CARTESIAN_POINT('',(21.24036095623,10.,2.5));
#1221 = CARTESIAN_POINT('',(21.90123169736,10.,2.5));
#1222 = CARTESIAN_POINT('',(21.24036095623,0.,2.5));
#1223 = CARTESIAN_POINT('',(21.90123169736,0.,2.5));
#1224 = DEFINITIONAL_REPRESENTATION('',(#1225),#1229);
#1225 = LINE('',#1226,#1227);
#1226 = CARTESIAN_POINT('',(0.,0.));
#1227 = VECTOR('',#1228,1.);
#1228 = DIRECTION('',(0.,1.));
#1229 = ( GEOMETRIC_REPRESENTATION_CONTEXT(2) 
PARAMETRIC_REPRESENTATION_CONTEXT() REPRESENTATION_CONTEXT('2D SPACE',''
  ) );
#1230 = ORIENTED_EDGE('',*,*,#1231,.F.);
#1231 = EDGE_CURVE('',#24,#1206,#1232,.T.);
#1232 = SURFACE_CURVE('',#1233,(#1236,#1242),.PCURVE_S1.);
#1233 = B_SPLINE_CURVE_WITH_KNOTS('',1,(#1234,#1235),.UNSPECIFIED.,.F.,
  .F.,(2,2),(0.,1.),.PIECEWISE_BEZIER_KNOTS.);
#1234 = CARTESIAN_POINT('',(20.421427929131,10.,4.75));
#1235 = CARTESIAN_POINT('',(21.24036095623,10.,2.5));
#1236 = PCURVE('',#43,#1237);
#1237 = DEFINITIONAL_REPRESENTATION('',(#1238),#1241);
#1238 = B_SPLINE_CURVE_WITH_KNOTS('',1,(#1239,#1240),.UNSPECIFIED.,.F.,
  .F.,(2,2),(0.,1.),.PIECEWISE_BEZIER_KNOTS.);
#1239 = CARTESIAN_POINT('',(-14.20817884051,2.347983400572));
#1240 = CARTESIAN_POINT('',(-13.38924581341,9.798340057186E-02));
#1241 = ( GEOMETRIC_REPRESENTATION_CONTEXT(2) 
PARAMETRIC_REPRESENTATION_CONTEXT() REPRESENTATION_CONTEXT('2D SPACE',''
  ) );
#1242 = PCURVE('',#118,#1243);
#1243 = DEFINITIONAL_REPRESENTATION('',(#1244),#1248);
#1244 = LINE('',#1245,#1246);
#1245 = CARTESIAN_POINT('',(0.,0.));
#1246 = VECTOR('',#1247,1.);
#1247 = DIRECTION('',(0.,1.));
#1248 = ( GEOMETRIC_REPRESENTATION_CONTEXT(2) 
PARAMETRIC_REPRESENTATION_CONTEXT() REPRESENTATION_CONTEXT('2D SPACE',''
  ) );
#1249 = FACE_BOUND('',#1250,.F.);
#1250 = EDGE_LOOP('',(#1251));
#1251 = ORIENTED_EDGE('',*,*,#1252,.F.);
#1252 = EDGE_CURVE('',#1253,#1253,#1255,.T.);
#1253 = VERTEX_POINT('',#1254);
#1254 = CARTESIAN_POINT('',(7.125,10.,5.));
#1255 = SURFACE_CURVE('',#1256,(#1261,#1268),.PCURVE_S1.);
#1256 = CIRCLE('',#1257,2.125);
#1257 = AXIS2_PLACEMENT_3D('',#1258,#1259,#1260);
#1258 = CARTESIAN_POINT('',(5.,10.,5.));
#1259 = DIRECTION('',(0.,-1.,1.110223024625E-16));
#1260 = DIRECTION('',(1.,0.,0.));
#1261 = PCURVE('',#43,#1262);
#1262 = DEFINITIONAL_REPRESENTATION('',(#1263),#1267);
#1263 = CIRCLE('',#1264,2.125);
#1264 = AXIS2_PLACEMENT_2D('',#1265,#1266);
#1265 = CARTESIAN_POINT('',(-29.62960676964,2.597983400572));
#1266 = DIRECTION('',(1.,0.));
#1267 = ( GEOMETRIC_REPRESENTATION_CONTEXT(2) 
PARAMETRIC_REPRESENTATION_CONTEXT() REPRESENTATION_CONTEXT('2D SPACE',''
  ) );
#1268 = PCURVE('',#1269,#1274);
#1269 = CYLINDRICAL_SURFACE('',#1270,2.125);
#1270 = AXIS2_PLACEMENT_3D('',#1271,#1272,#1273);
#1271 = CARTESIAN_POINT('',(5.,12.5,5.));
#1272 = DIRECTION('',(0.,-1.,1.110223024625E-16));
#1273 = DIRECTION('',(1.,0.,0.));
#1274 = DEFINITIONAL_REPRESENTATION('',(#1275),#1279);
#1275 = LINE('',#1276,#1277);
#1276 = CARTESIAN_POINT('',(0.,2.5));
#1277 = VECTOR('',#1278,1.);
#1278 = DIRECTION('',(1.,0.));
#1279 = ( GEOMETRIC_REPRESENTATION_CONTEXT(2) 
PARAMETRIC_REPRESENTATION_CONTEXT() REPRESENTATION_CONTEXT('2D SPACE',''
  ) );
#1280 = FACE_BOUND('',#1281,.F.);
#1281 = EDGE_LOOP('',(#1282));
#1282 = ORIENTED_EDGE('',*,*,#1283,.F.);
#1283 = EDGE_CURVE('',#1284,#1284,#1286,.T.);
#1284 = VERTEX_POINT('',#1285);
#1285 = CARTESIAN_POINT('',(16.875,10.,5.));
#1286 = SURFACE_CURVE('',#1287,(#1292,#1299),.PCURVE_S1.);
#1287 = CIRCLE('',#1288,1.875);
#1288 = AXIS2_PLACEMENT_3D('',#1289,#1290,#1291);
#1289 = CARTESIAN_POINT('',(15.,10.,5.));
#1290 = DIRECTION('',(0.,-1.,1.110223024625E-16));
#1291 = DIRECTION('',(1.,0.,0.));
#1292 = PCURVE('',#43,#1293);
#1293 = DEFINITIONAL_REPRESENTATION('',(#1294),#1298);
#1294 = CIRCLE('',#1295,1.875);
#1295 = AXIS2_PLACEMENT_2D('',#1296,#1297);
#1296 = CARTESIAN_POINT('',(-19.62960676964,2.597983400572));
#1297 = DIRECTION('',(1.,0.));
#1298 = ( GEOMETRIC_REPRESENTATION_CONTEXT(2) 
PARAMETRIC_REPRESENTATION_CONTEXT() REPRESENTATION_CONTEXT('2D SPACE',''
  ) );
#1299 = PCURVE('',#1300,#1305);
#1300 = CYLINDRICAL_SURFACE('',#1301,1.875);
#1301 = AXIS2_PLACEMENT_3D('',#1302,#1303,#1304);
#1302 = CARTESIAN_POINT('',(15.,10.,5.));
#1303 = DIRECTION('',(-0.,1.,-1.110223024625E-16));
#1304 = DIRECTION('',(1.,0.,0.));
#1305 = DEFINITIONAL_REPRESENTATION('',(#1306),#1310);
#1306 = LINE('',#1307,#1308);
#1307 = CARTESIAN_POINT('',(-0.,0.));
#1308 = VECTOR('',#1309,1.);
#1309 = DIRECTION('',(-1.,0.));
#1310 = ( GEOMETRIC_REPRESENTATION_CONTEXT(2) 
PARAMETRIC_REPRESENTATION_CONTEXT() REPRESENTATION_CONTEXT('2D SPACE',''
  ) );
#1311 = ADVANCED_FACE('',(#1312),#118,.T.);
#1312 = FACE_BOUND('',#1313,.T.);
#1313 = EDGE_LOOP('',(#1314,#1315,#1316,#1337));
#1314 = ORIENTED_EDGE('',*,*,#1231,.F.);
#1315 = ORIENTED_EDGE('',*,*,#105,.T.);
#1316 = ORIENTED_EDGE('',*,*,#1317,.T.);
#1317 = EDGE_CURVE('',#80,#1318,#1320,.T.);
#1318 = VERTEX_POINT('',#1319);
#1319 = CARTESIAN_POINT('',(21.24036095623,0.,2.5));
#1320 = SURFACE_CURVE('',#1321,(#1324,#1331),.PCURVE_S1.);
#1321 = B_SPLINE_CURVE_WITH_KNOTS('',1,(#1322,#1323),.UNSPECIFIED.,.F.,
  .F.,(2,2),(0.,1.),.PIECEWISE_BEZIER_KNOTS.);
#1322 = CARTESIAN_POINT('',(20.421427929131,0.,4.75));
#1323 = CARTESIAN_POINT('',(21.24036095623,0.,2.5));
#1324 = PCURVE('',#118,#1325);
#1325 = DEFINITIONAL_REPRESENTATION('',(#1326),#1330);
#1326 = LINE('',#1327,#1328);
#1327 = CARTESIAN_POINT('',(1.,0.));
#1328 = VECTOR('',#1329,1.);
#1329 = DIRECTION('',(0.,1.));
#1330 = ( GEOMETRIC_REPRESENTATION_CONTEXT(2) 
PARAMETRIC_REPRESENTATION_CONTEXT() REPRESENTATION_CONTEXT('2D SPACE',''
  ) );
#1331 = PCURVE('',#94,#1332);
#1332 = DEFINITIONAL_REPRESENTATION('',(#1333),#1336);
#1333 = B_SPLINE_CURVE_WITH_KNOTS('',1,(#1334,#1335),.UNSPECIFIED.,.F.,
  .F.,(2,2),(0.,1.),.PIECEWISE_BEZIER_KNOTS.);
#1334 = CARTESIAN_POINT('',(14.208178840518,2.347983400572));
#1335 = CARTESIAN_POINT('',(13.389245813419,9.798340057186E-02));
#1336 = ( GEOMETRIC_REPRESENTATION_CONTEXT(2) 
PARAMETRIC_REPRESENTATION_CONTEXT() REPRESENTATION_CONTEXT('2D SPACE',''
  ) );
#1337 = ORIENTED_EDGE('',*,*,#1338,.F.);
#1338 = EDGE_CURVE('',#1206,#1318,#1339,.T.);
#1339 = SURFACE_CURVE('',#1340,(#1343,#1350),.PCURVE_S1.);
#1340 = B_SPLINE_CURVE_WITH_KNOTS('',1,(#1341,#1342),.UNSPECIFIED.,.F.,
  .F.,(2,2),(0.,1.),.PIECEWISE_BEZIER_KNOTS.);
#1341 = CARTESIAN_POINT('',(21.24036095623,10.,2.5));
#1342 = CARTESIAN_POINT('',(21.24036095623,0.,2.5));
#1343 = PCURVE('',#118,#1344);
#1344 = DEFINITIONAL_REPRESENTATION('',(#1345),#1349);
#1345 = LINE('',#1346,#1347);
#1346 = CARTESIAN_POINT('',(0.,1.));
#1347 = VECTOR('',#1348,1.);
#1348 = DIRECTION('',(1.,0.));
#1349 = ( GEOMETRIC_REPRESENTATION_CONTEXT(2) 
PARAMETRIC_REPRESENTATION_CONTEXT() REPRESENTATION_CONTEXT('2D SPACE',''
  ) );
#1350 = PCURVE('',#1219,#1351);
#1351 = DEFINITIONAL_REPRESENTATION('',(#1352),#1356);
#1352 = LINE('',#1353,#1354);
#1353 = CARTESIAN_POINT('',(0.,0.));
#1354 = VECTOR('',#1355,1.);
#1355 = DIRECTION('',(1.,0.));
#1356 = ( GEOMETRIC_REPRESENTATION_CONTEXT(2) 
PARAMETRIC_REPRESENTATION_CONTEXT() REPRESENTATION_CONTEXT('2D SPACE',''
  ) );
#1357 = ADVANCED_FACE('',(#1358,#2272,#2307),#94,.F.);
#1358 = FACE_BOUND('',#1359,.F.);
#1359 = EDGE_LOOP('',(#1360,#1361,#1382,#1403,#1424,#1450,#1476,#1502,
    #1528,#1549,#1570,#1591,#1612,#1633,#1654,#1675,#1696,#1717,#1738,
    #1759,#1780,#1801,#1822,#1843,#1864,#1885,#1906,#1927,#1948,#1969,
    #1990,#2011,#2032,#2053,#2074,#2095,#2116,#2137,#2158,#2181,#2204,
    #2227,#2250,#2271));
#1360 = ORIENTED_EDGE('',*,*,#1317,.T.);
#1361 = ORIENTED_EDGE('',*,*,#1362,.T.);
#1362 = EDGE_CURVE('',#1318,#1363,#1365,.T.);
#1363 = VERTEX_POINT('',#1364);
#1364 = CARTESIAN_POINT('',(21.90123169736,0.,2.5));
#1365 = SURFACE_CURVE('',#1366,(#1369,#1375),.PCURVE_S1.);
#1366 = B_SPLINE_CURVE_WITH_KNOTS('',1,(#1367,#1368),.UNSPECIFIED.,.F.,
  .F.,(2,2),(0.,1.),.PIECEWISE_BEZIER_KNOTS.);
#1367 = CARTESIAN_POINT('',(21.24036095623,0.,2.5));
#1368 = CARTESIAN_POINT('',(21.90123169736,0.,2.5));
#1369 = PCURVE('',#94,#1370);
#1370 = DEFINITIONAL_REPRESENTATION('',(#1371),#1374);
#1371 = B_SPLINE_CURVE_WITH_KNOTS('',1,(#1372,#1373),.UNSPECIFIED.,.F.,
  .F.,(2,2),(0.,1.),.PIECEWISE_BEZIER_KNOTS.);
#1372 = CARTESIAN_POINT('',(13.389245813419,9.798340057186E-02));
#1373 = CARTESIAN_POINT('',(12.728375072289,9.798340057186E-02));
#1374 = ( GEOMETRIC_REPRESENTATION_CONTEXT(2) 
PARAMETRIC_REPRESENTATION_CONTEXT() REPRESENTATION_CONTEXT('2D SPACE',''
  ) );
#1375 = PCURVE('',#1219,#1376);
#1376 = DEFINITIONAL_REPRESENTATION('',(#1377),#1381);
#1377 = LINE('',#1378,#1379);
#1378 = CARTESIAN_POINT('',(1.,0.));
#1379 = VECTOR('',#1380,1.);
#1380 = DIRECTION('',(0.,1.));
#1381 = ( GEOMETRIC_REPRESENTATION_CONTEXT(2) 
PARAMETRIC_REPRESENTATION_CONTEXT() REPRESENTATION_CONTEXT('2D SPACE',''
  ) );
#1382 = ORIENTED_EDGE('',*,*,#1383,.T.);
#1383 = EDGE_CURVE('',#1363,#1384,#1386,.T.);
#1384 = VERTEX_POINT('',#1385);
#1385 = CARTESIAN_POINT('',(22.720164724459,0.,4.75));
#1386 = SURFACE_CURVE('',#1387,(#1390,#1396),.PCURVE_S1.);
#1387 = B_SPLINE_CURVE_WITH_KNOTS('',1,(#1388,#1389),.UNSPECIFIED.,.F.,
  .F.,(2,2),(0.,1.),.PIECEWISE_BEZIER_KNOTS.);
#1388 = CARTESIAN_POINT('',(21.90123169736,0.,2.5));
#1389 = CARTESIAN_POINT('',(22.720164724459,0.,4.75));
#1390 = PCURVE('',#94,#1391);
#1391 = DEFINITIONAL_REPRESENTATION('',(#1392),#1395);
#1392 = B_SPLINE_CURVE_WITH_KNOTS('',1,(#1393,#1394),.UNSPECIFIED.,.F.,
  .F.,(2,2),(0.,1.),.PIECEWISE_BEZIER_KNOTS.);
#1393 = CARTESIAN_POINT('',(12.728375072289,9.798340057186E-02));
#1394 = CARTESIAN_POINT('',(11.90944204519,2.347983400572));
#1395 = ( GEOMETRIC_REPRESENTATION_CONTEXT(2) 
PARAMETRIC_REPRESENTATION_CONTEXT() REPRESENTATION_CONTEXT('2D SPACE',''
  ) );
#1396 = PCURVE('',#1193,#1397);
#1397 = DEFINITIONAL_REPRESENTATION('',(#1398),#1402);
#1398 = LINE('',#1399,#1400);
#1399 = CARTESIAN_POINT('',(1.,0.));
#1400 = VECTOR('',#1401,1.);
#1401 = DIRECTION('',(0.,1.));
#1402 = ( GEOMETRIC_REPRESENTATION_CONTEXT(2) 
PARAMETRIC_REPRESENTATION_CONTEXT() REPRESENTATION_CONTEXT('2D SPACE',''
  ) );
#1403 = ORIENTED_EDGE('',*,*,#1404,.T.);
#1404 = EDGE_CURVE('',#1384,#1405,#1407,.T.);
#1405 = VERTEX_POINT('',#1406);
#1406 = CARTESIAN_POINT('',(23.563020582721,0.,4.75));
#1407 = SURFACE_CURVE('',#1408,(#1411,#1417),.PCURVE_S1.);
#1408 = B_SPLINE_CURVE_WITH_KNOTS('',1,(#1409,#1410),.UNSPECIFIED.,.F.,
  .F.,(2,2),(0.,1.),.PIECEWISE_BEZIER_KNOTS.);
#1409 = CARTESIAN_POINT('',(22.720164724459,0.,4.75));
#1410 = CARTESIAN_POINT('',(23.563020582721,0.,4.75));
#1411 = PCURVE('',#94,#1412);
#1412 = DEFINITIONAL_REPRESENTATION('',(#1413),#1416);
#1413 = B_SPLINE_CURVE_WITH_KNOTS('',1,(#1414,#1415),.UNSPECIFIED.,.F.,
  .F.,(2,2),(0.,1.),.PIECEWISE_BEZIER_KNOTS.);
#1414 = CARTESIAN_POINT('',(11.90944204519,2.347983400572));
#1415 = CARTESIAN_POINT('',(11.066586186928,2.347983400572));
#1416 = ( GEOMETRIC_REPRESENTATION_CONTEXT(2) 
PARAMETRIC_REPRESENTATION_CONTEXT() REPRESENTATION_CONTEXT('2D SPACE',''
  ) );
#1417 = PCURVE('',#1167,#1418);
#1418 = DEFINITIONAL_REPRESENTATION('',(#1419),#1423);
#1419 = LINE('',#1420,#1421);
#1420 = CARTESIAN_POINT('',(1.,0.));
#1421 = VECTOR('',#1422,1.);
#1422 = DIRECTION('',(0.,1.));
#1423 = ( GEOMETRIC_REPRESENTATION_CONTEXT(2) 
PARAMETRIC_REPRESENTATION_CONTEXT() REPRESENTATION_CONTEXT('2D SPACE',''
  ) );
#1424 = ORIENTED_EDGE('',*,*,#1425,.T.);
#1425 = EDGE_CURVE('',#1405,#1426,#1428,.T.);
#1426 = VERTEX_POINT('',#1427);
#1427 = CARTESIAN_POINT('',(24.38195360982,0.,2.5));
#1428 = SURFACE_CURVE('',#1429,(#1432,#1438),.PCURVE_S1.);
#1429 = B_SPLINE_CURVE_WITH_KNOTS('',1,(#1430,#1431),.UNSPECIFIED.,.F.,
  .F.,(2,2),(0.,1.),.PIECEWISE_BEZIER_KNOTS.);
#1430 = CARTESIAN_POINT('',(23.563020582721,0.,4.75));
#1431 = CARTESIAN_POINT('',(24.38195360982,0.,2.5));
#1432 = PCURVE('',#94,#1433);
#1433 = DEFINITIONAL_REPRESENTATION('',(#1434),#1437);
#1434 = B_SPLINE_CURVE_WITH_KNOTS('',1,(#1435,#1436),.UNSPECIFIED.,.F.,
  .F.,(2,2),(0.,1.),.PIECEWISE_BEZIER_KNOTS.);
#1435 = CARTESIAN_POINT('',(11.066586186928,2.347983400572));
#1436 = CARTESIAN_POINT('',(10.247653159829,9.798340057186E-02));
#1437 = ( GEOMETRIC_REPRESENTATION_CONTEXT(2) 
PARAMETRIC_REPRESENTATION_CONTEXT() REPRESENTATION_CONTEXT('2D SPACE',''
  ) );
#1438 = PCURVE('',#1439,#1444);
#1439 = B_SPLINE_SURFACE_WITH_KNOTS('',1,1,(
    (#1440,#1441)
    ,(#1442,#1443
    )),.UNSPECIFIED.,.F.,.F.,.F.,(2,2),(2,2),(0.,1.),(0.,1.),
  .PIECEWISE_BEZIER_KNOTS.);
#1440 = CARTESIAN_POINT('',(23.563020582721,10.,4.75));
#1441 = CARTESIAN_POINT('',(24.38195360982,10.,2.5));
#1442 = CARTESIAN_POINT('',(23.563020582721,0.,4.75));
#1443 = CARTESIAN_POINT('',(24.38195360982,0.,2.5));
#1444 = DEFINITIONAL_REPRESENTATION('',(#1445),#1449);
#1445 = LINE('',#1446,#1447);
#1446 = CARTESIAN_POINT('',(1.,0.));
#1447 = VECTOR('',#1448,1.);
#1448 = DIRECTION('',(0.,1.));
#1449 = ( GEOMETRIC_REPRESENTATION_CONTEXT(2) 
PARAMETRIC_REPRESENTATION_CONTEXT() REPRESENTATION_CONTEXT('2D SPACE',''
  ) );
#1450 = ORIENTED_EDGE('',*,*,#1451,.T.);
#1451 = EDGE_CURVE('',#1426,#1452,#1454,.T.);
#1452 = VERTEX_POINT('',#1453);
#1453 = CARTESIAN_POINT('',(25.042824350949,0.,2.5));
#1454 = SURFACE_CURVE('',#1455,(#1458,#1464),.PCURVE_S1.);
#1455 = B_SPLINE_CURVE_WITH_KNOTS('',1,(#1456,#1457),.UNSPECIFIED.,.F.,
  .F.,(2,2),(0.,1.),.PIECEWISE_BEZIER_KNOTS.);
#1456 = CARTESIAN_POINT('',(24.38195360982,0.,2.5));
#1457 = CARTESIAN_POINT('',(25.042824350949,0.,2.5));
#1458 = PCURVE('',#94,#1459);
#1459 = DEFINITIONAL_REPRESENTATION('',(#1460),#1463);
#1460 = B_SPLINE_CURVE_WITH_KNOTS('',1,(#1461,#1462),.UNSPECIFIED.,.F.,
  .F.,(2,2),(0.,1.),.PIECEWISE_BEZIER_KNOTS.);
#1461 = CARTESIAN_POINT('',(10.247653159829,9.798340057186E-02));
#1462 = CARTESIAN_POINT('',(9.586782418699,9.798340057186E-02));
#1463 = ( GEOMETRIC_REPRESENTATION_CONTEXT(2) 
PARAMETRIC_REPRESENTATION_CONTEXT() REPRESENTATION_CONTEXT('2D SPACE',''
  ) );
#1464 = PCURVE('',#1465,#1470);
#1465 = B_SPLINE_SURFACE_WITH_KNOTS('',1,1,(
    (#1466,#1467)
    ,(#1468,#1469
    )),.UNSPECIFIED.,.F.,.F.,.F.,(2,2),(2,2),(0.,1.),(0.,1.),
  .PIECEWISE_BEZIER_KNOTS.);
#1466 = CARTESIAN_POINT('',(24.38195360982,10.,2.5));
#1467 = CARTESIAN_POINT('',(25.042824350949,10.,2.5));
#1468 = CARTESIAN_POINT('',(24.38195360982,0.,2.5));
#1469 = CARTESIAN_POINT('',(25.042824350949,0.,2.5));
#1470 = DEFINITIONAL_REPRESENTATION('',(#1471),#1475);
#1471 = LINE('',#1472,#1473);
#1472 = CARTESIAN_POINT('',(1.,0.));
#1473 = VECTOR('',#1474,1.);
#1474 = DIRECTION('',(0.,1.));
#1475 = ( GEOMETRIC_REPRESENTATION_CONTEXT(2) 
PARAMETRIC_REPRESENTATION_CONTEXT() REPRESENTATION_CONTEXT('2D SPACE',''
  ) );
#1476 = ORIENTED_EDGE('',*,*,#1477,.T.);
#1477 = EDGE_CURVE('',#1452,#1478,#1480,.T.);
#1478 = VERTEX_POINT('',#1479);
#1479 = CARTESIAN_POINT('',(25.861757378048,0.,4.75));
#1480 = SURFACE_CURVE('',#1481,(#1484,#1490),.PCURVE_S1.);
#1481 = B_SPLINE_CURVE_WITH_KNOTS('',1,(#1482,#1483),.UNSPECIFIED.,.F.,
  .F.,(2,2),(0.,1.),.PIECEWISE_BEZIER_KNOTS.);
#1482 = CARTESIAN_POINT('',(25.042824350949,0.,2.5));
#1483 = CARTESIAN_POINT('',(25.861757378048,0.,4.75));
#1484 = PCURVE('',#94,#1485);
#1485 = DEFINITIONAL_REPRESENTATION('',(#1486),#1489);
#1486 = B_SPLINE_CURVE_WITH_KNOTS('',1,(#1487,#1488),.UNSPECIFIED.,.F.,
  .F.,(2,2),(0.,1.),.PIECEWISE_BEZIER_KNOTS.);
#1487 = CARTESIAN_POINT('',(9.586782418699,9.798340057186E-02));
#1488 = CARTESIAN_POINT('',(8.767849391601,2.347983400572));
#1489 = ( GEOMETRIC_REPRESENTATION_CONTEXT(2) 
PARAMETRIC_REPRESENTATION_CONTEXT() REPRESENTATION_CONTEXT('2D SPACE',''
  ) );
#1490 = PCURVE('',#1491,#1496);
#1491 = B_SPLINE_SURFACE_WITH_KNOTS('',1,1,(
    (#1492,#1493)
    ,(#1494,#1495
    )),.UNSPECIFIED.,.F.,.F.,.F.,(2,2),(2,2),(0.,1.),(0.,1.),
  .PIECEWISE_BEZIER_KNOTS.);
#1492 = CARTESIAN_POINT('',(25.042824350949,10.,2.5));
#1493 = CARTESIAN_POINT('',(25.861757378048,10.,4.75));
#1494 = CARTESIAN_POINT('',(25.042824350949,0.,2.5));
#1495 = CARTESIAN_POINT('',(25.861757378048,0.,4.75));
#1496 = DEFINITIONAL_REPRESENTATION('',(#1497),#1501);
#1497 = LINE('',#1498,#1499);
#1498 = CARTESIAN_POINT('',(1.,0.));
#1499 = VECTOR('',#1500,1.);
#1500 = DIRECTION('',(0.,1.));
#1501 = ( GEOMETRIC_REPRESENTATION_CONTEXT(2) 
PARAMETRIC_REPRESENTATION_CONTEXT() REPRESENTATION_CONTEXT('2D SPACE',''
  ) );
#1502 = ORIENTED_EDGE('',*,*,#1503,.T.);
#1503 = EDGE_CURVE('',#1478,#1504,#1506,.T.);
#1504 = VERTEX_POINT('',#1505);
#1505 = CARTESIAN_POINT('',(26.704613236311,0.,4.75));
#1506 = SURFACE_CURVE('',#1507,(#1510,#1516),.PCURVE_S1.);
#1507 = B_SPLINE_CURVE_WITH_KNOTS('',1,(#1508,#1509),.UNSPECIFIED.,.F.,
  .F.,(2,2),(0.,1.),.PIECEWISE_BEZIER_KNOTS.);
#1508 = CARTESIAN_POINT('',(25.861757378048,0.,4.75));
#1509 = CARTESIAN_POINT('',(26.704613236311,0.,4.75));
#1510 = PCURVE('',#94,#1511);
#1511 = DEFINITIONAL_REPRESENTATION('',(#1512),#1515);
#1512 = B_SPLINE_CURVE_WITH_KNOTS('',1,(#1513,#1514),.UNSPECIFIED.,.F.,
  .F.,(2,2),(0.,1.),.PIECEWISE_BEZIER_KNOTS.);
#1513 = CARTESIAN_POINT('',(8.767849391601,2.347983400572));
#1514 = CARTESIAN_POINT('',(7.924993533338,2.347983400572));
#1515 = ( GEOMETRIC_REPRESENTATION_CONTEXT(2) 
PARAMETRIC_REPRESENTATION_CONTEXT() REPRESENTATION_CONTEXT('2D SPACE',''
  ) );
#1516 = PCURVE('',#1517,#1522);
#1517 = B_SPLINE_SURFACE_WITH_KNOTS('',1,1,(
    (#1518,#1519)
    ,(#1520,#1521
    )),.UNSPECIFIED.,.F.,.F.,.F.,(2,2),(2,2),(0.,1.),(0.,1.),
  .PIECEWISE_BEZIER_KNOTS.);
#1518 = CARTESIAN_POINT('',(25.861757378048,10.,4.75));
#1519 = CARTESIAN_POINT('',(26.704613236311,10.,4.75));
#1520 = CARTESIAN_POINT('',(25.861757378048,0.,4.75));
#1521 = CARTESIAN_POINT('',(26.704613236311,0.,4.75));
#1522 = DEFINITIONAL_REPRESENTATION('',(#1523),#1527);
#1523 = LINE('',#1524,#1525);
#1524 = CARTESIAN_POINT('',(1.,0.));
#1525 = VECTOR('',#1526,1.);
#1526 = DIRECTION('',(0.,1.));
#1527 = ( GEOMETRIC_REPRESENTATION_CONTEXT(2) 
PARAMETRIC_REPRESENTATION_CONTEXT() REPRESENTATION_CONTEXT('2D SPACE',''
  ) );
#1528 = ORIENTED_EDGE('',*,*,#1529,.T.);
#1529 = EDGE_CURVE('',#1504,#1530,#1532,.T.);
#1530 = VERTEX_POINT('',#1531);
#1531 = CARTESIAN_POINT('',(27.52354626341,0.,2.5));
#1532 = SURFACE_CURVE('',#1533,(#1536,#1542),.PCURVE_S1.);
#1533 = B_SPLINE_CURVE_WITH_KNOTS('',1,(#1534,#1535),.UNSPECIFIED.,.F.,
  .F.,(2,2),(0.,1.),.PIECEWISE_BEZIER_KNOTS.);
#1534 = CARTESIAN_POINT('',(26.704613236311,0.,4.75));
#1535 = CARTESIAN_POINT('',(27.52354626341,0.,2.5));
#1536 = PCURVE('',#94,#1537);
#1537 = DEFINITIONAL_REPRESENTATION('',(#1538),#1541);
#1538 = B_SPLINE_CURVE_WITH_KNOTS('',1,(#1539,#1540),.UNSPECIFIED.,.F.,
  .F.,(2,2),(0.,1.),.PIECEWISE_BEZIER_KNOTS.);
#1539 = CARTESIAN_POINT('',(7.924993533338,2.347983400572));
#1540 = CARTESIAN_POINT('',(7.106060506239,9.798340057186E-02));
#1541 = ( GEOMETRIC_REPRESENTATION_CONTEXT(2) 
PARAMETRIC_REPRESENTATION_CONTEXT() REPRESENTATION_CONTEXT('2D SPACE',''
  ) );
#1542 = PCURVE('',#1037,#1543);
#1543 = DEFINITIONAL_REPRESENTATION('',(#1544),#1548);
#1544 = LINE('',#1545,#1546);
#1545 = CARTESIAN_POINT('',(1.,0.));
#1546 = VECTOR('',#1547,1.);
#1547 = DIRECTION('',(0.,1.));
#1548 = ( GEOMETRIC_REPRESENTATION_CONTEXT(2) 
PARAMETRIC_REPRESENTATION_CONTEXT() REPRESENTATION_CONTEXT('2D SPACE',''
  ) );
#1549 = ORIENTED_EDGE('',*,*,#1550,.T.);
#1550 = EDGE_CURVE('',#1530,#1551,#1553,.T.);
#1551 = VERTEX_POINT('',#1552);
#1552 = CARTESIAN_POINT('',(28.184417004539,0.,2.5));
#1553 = SURFACE_CURVE('',#1554,(#1557,#1563),.PCURVE_S1.);
#1554 = B_SPLINE_CURVE_WITH_KNOTS('',1,(#1555,#1556),.UNSPECIFIED.,.F.,
  .F.,(2,2),(0.,1.),.PIECEWISE_BEZIER_KNOTS.);
#1555 = CARTESIAN_POINT('',(27.52354626341,0.,2.5));
#1556 = CARTESIAN_POINT('',(28.184417004539,0.,2.5));
#1557 = PCURVE('',#94,#1558);
#1558 = DEFINITIONAL_REPRESENTATION('',(#1559),#1562);
#1559 = B_SPLINE_CURVE_WITH_KNOTS('',1,(#1560,#1561),.UNSPECIFIED.,.F.,
  .F.,(2,2),(0.,1.),.PIECEWISE_BEZIER_KNOTS.);
#1560 = CARTESIAN_POINT('',(7.106060506239,9.798340057186E-02));
#1561 = CARTESIAN_POINT('',(6.44518976511,9.798340057186E-02));
#1562 = ( GEOMETRIC_REPRESENTATION_CONTEXT(2) 
PARAMETRIC_REPRESENTATION_CONTEXT() REPRESENTATION_CONTEXT('2D SPACE',''
  ) );
#1563 = PCURVE('',#1011,#1564);
#1564 = DEFINITIONAL_REPRESENTATION('',(#1565),#1569);
#1565 = LINE('',#1566,#1567);
#1566 = CARTESIAN_POINT('',(1.,0.));
#1567 = VECTOR('',#1568,1.);
#1568 = DIRECTION('',(0.,1.));
#1569 = ( GEOMETRIC_REPRESENTATION_CONTEXT(2) 
PARAMETRIC_REPRESENTATION_CONTEXT() REPRESENTATION_CONTEXT('2D SPACE',''
  ) );
#1570 = ORIENTED_EDGE('',*,*,#1571,.T.);
#1571 = EDGE_CURVE('',#1551,#1572,#1574,.T.);
#1572 = VERTEX_POINT('',#1573);
#1573 = CARTESIAN_POINT('',(29.003350031638,0.,4.75));
#1574 = SURFACE_CURVE('',#1575,(#1578,#1584),.PCURVE_S1.);
#1575 = B_SPLINE_CURVE_WITH_KNOTS('',1,(#1576,#1577),.UNSPECIFIED.,.F.,
  .F.,(2,2),(0.,1.),.PIECEWISE_BEZIER_KNOTS.);
#1576 = CARTESIAN_POINT('',(28.184417004539,0.,2.5));
#1577 = CARTESIAN_POINT('',(29.003350031638,0.,4.75));
#1578 = PCURVE('',#94,#1579);
#1579 = DEFINITIONAL_REPRESENTATION('',(#1580),#1583);
#1580 = B_SPLINE_CURVE_WITH_KNOTS('',1,(#1581,#1582),.UNSPECIFIED.,.F.,
  .F.,(2,2),(0.,1.),.PIECEWISE_BEZIER_KNOTS.);
#1581 = CARTESIAN_POINT('',(6.44518976511,9.798340057186E-02));
#1582 = CARTESIAN_POINT('',(5.626256738011,2.347983400572));
#1583 = ( GEOMETRIC_REPRESENTATION_CONTEXT(2) 
PARAMETRIC_REPRESENTATION_CONTEXT() REPRESENTATION_CONTEXT('2D SPACE',''
  ) );
#1584 = PCURVE('',#985,#1585);
#1585 = DEFINITIONAL_REPRESENTATION('',(#1586),#1590);
#1586 = LINE('',#1587,#1588);
#1587 = CARTESIAN_POINT('',(1.,0.));
#1588 = VECTOR('',#1589,1.);
#1589 = DIRECTION('',(0.,1.));
#1590 = ( GEOMETRIC_REPRESENTATION_CONTEXT(2) 
PARAMETRIC_REPRESENTATION_CONTEXT() REPRESENTATION_CONTEXT('2D SPACE',''
  ) );
#1591 = ORIENTED_EDGE('',*,*,#1592,.T.);
#1592 = EDGE_CURVE('',#1572,#1593,#1595,.T.);
#1593 = VERTEX_POINT('',#1594);
#1594 = CARTESIAN_POINT('',(29.846205889901,0.,4.75));
#1595 = SURFACE_CURVE('',#1596,(#1599,#1605),.PCURVE_S1.);
#1596 = B_SPLINE_CURVE_WITH_KNOTS('',1,(#1597,#1598),.UNSPECIFIED.,.F.,
  .F.,(2,2),(0.,1.),.PIECEWISE_BEZIER_KNOTS.);
#1597 = CARTESIAN_POINT('',(29.003350031638,0.,4.75));
#1598 = CARTESIAN_POINT('',(29.846205889901,0.,4.75));
#1599 = PCURVE('',#94,#1600);
#1600 = DEFINITIONAL_REPRESENTATION('',(#1601),#1604);
#1601 = B_SPLINE_CURVE_WITH_KNOTS('',1,(#1602,#1603),.UNSPECIFIED.,.F.,
  .F.,(2,2),(0.,1.),.PIECEWISE_BEZIER_KNOTS.);
#1602 = CARTESIAN_POINT('',(5.626256738011,2.347983400572));
#1603 = CARTESIAN_POINT('',(4.783400879748,2.347983400572));
#1604 = ( GEOMETRIC_REPRESENTATION_CONTEXT(2) 
PARAMETRIC_REPRESENTATION_CONTEXT() REPRESENTATION_CONTEXT('2D SPACE',''
  ) );
#1605 = PCURVE('',#959,#1606);
#1606 = DEFINITIONAL_REPRESENTATION('',(#1607),#1611);
#1607 = LINE('',#1608,#1609);
#1608 = CARTESIAN_POINT('',(1.,0.));
#1609 = VECTOR('',#1610,1.);
#1610 = DIRECTION('',(0.,1.));
#1611 = ( GEOMETRIC_REPRESENTATION_CONTEXT(2) 
PARAMETRIC_REPRESENTATION_CONTEXT() REPRESENTATION_CONTEXT('2D SPACE',''
  ) );
#1612 = ORIENTED_EDGE('',*,*,#1613,.T.);
#1613 = EDGE_CURVE('',#1593,#1614,#1616,.T.);
#1614 = VERTEX_POINT('',#1615);
#1615 = CARTESIAN_POINT('',(30.665138917,0.,2.5));
#1616 = SURFACE_CURVE('',#1617,(#1620,#1626),.PCURVE_S1.);
#1617 = B_SPLINE_CURVE_WITH_KNOTS('',1,(#1618,#1619),.UNSPECIFIED.,.F.,
  .F.,(2,2),(0.,1.),.PIECEWISE_BEZIER_KNOTS.);
#1618 = CARTESIAN_POINT('',(29.846205889901,0.,4.75));
#1619 = CARTESIAN_POINT('',(30.665138917,0.,2.5));
#1620 = PCURVE('',#94,#1621);
#1621 = DEFINITIONAL_REPRESENTATION('',(#1622),#1625);
#1622 = B_SPLINE_CURVE_WITH_KNOTS('',1,(#1623,#1624),.UNSPECIFIED.,.F.,
  .F.,(2,2),(0.,1.),.PIECEWISE_BEZIER_KNOTS.);
#1623 = CARTESIAN_POINT('',(4.783400879748,2.347983400572));
#1624 = CARTESIAN_POINT('',(3.964467852649,9.798340057186E-02));
#1625 = ( GEOMETRIC_REPRESENTATION_CONTEXT(2) 
PARAMETRIC_REPRESENTATION_CONTEXT() REPRESENTATION_CONTEXT('2D SPACE',''
  ) );
#1626 = PCURVE('',#933,#1627);
#1627 = DEFINITIONAL_REPRESENTATION('',(#1628),#1632);
#1628 = LINE('',#1629,#1630);
#1629 = CARTESIAN_POINT('',(1.,0.));
#1630 = VECTOR('',#1631,1.);
#1631 = DIRECTION('',(0.,1.));
#1632 = ( GEOMETRIC_REPRESENTATION_CONTEXT(2) 
PARAMETRIC_REPRESENTATION_CONTEXT() REPRESENTATION_CONTEXT('2D SPACE',''
  ) );
#1633 = ORIENTED_EDGE('',*,*,#1634,.T.);
#1634 = EDGE_CURVE('',#1614,#1635,#1637,.T.);
#1635 = VERTEX_POINT('',#1636);
#1636 = CARTESIAN_POINT('',(31.326009658129,0.,2.5));
#1637 = SURFACE_CURVE('',#1638,(#1641,#1647),.PCURVE_S1.);
#1638 = B_SPLINE_CURVE_WITH_KNOTS('',1,(#1639,#1640),.UNSPECIFIED.,.F.,
  .F.,(2,2),(0.,1.),.PIECEWISE_BEZIER_KNOTS.);
#1639 = CARTESIAN_POINT('',(30.665138917,0.,2.5));
#1640 = CARTESIAN_POINT('',(31.326009658129,0.,2.5));
#1641 = PCURVE('',#94,#1642);
#1642 = DEFINITIONAL_REPRESENTATION('',(#1643),#1646);
#1643 = B_SPLINE_CURVE_WITH_KNOTS('',1,(#1644,#1645),.UNSPECIFIED.,.F.,
  .F.,(2,2),(0.,1.),.PIECEWISE_BEZIER_KNOTS.);
#1644 = CARTESIAN_POINT('',(3.964467852649,9.798340057186E-02));
#1645 = CARTESIAN_POINT('',(3.30359711152,9.798340057186E-02));
#1646 = ( GEOMETRIC_REPRESENTATION_CONTEXT(2) 
PARAMETRIC_REPRESENTATION_CONTEXT() REPRESENTATION_CONTEXT('2D SPACE',''
  ) );
#1647 = PCURVE('',#907,#1648);
#1648 = DEFINITIONAL_REPRESENTATION('',(#1649),#1653);
#1649 = LINE('',#1650,#1651);
#1650 = CARTESIAN_POINT('',(1.,0.));
#1651 = VECTOR('',#1652,1.);
#1652 = DIRECTION('',(0.,1.));
#1653 = ( GEOMETRIC_REPRESENTATION_CONTEXT(2) 
PARAMETRIC_REPRESENTATION_CONTEXT() REPRESENTATION_CONTEXT('2D SPACE',''
  ) );
#1654 = ORIENTED_EDGE('',*,*,#1655,.T.);
#1655 = EDGE_CURVE('',#1635,#1656,#1658,.T.);
#1656 = VERTEX_POINT('',#1657);
#1657 = CARTESIAN_POINT('',(32.144942685228,0.,4.75));
#1658 = SURFACE_CURVE('',#1659,(#1662,#1668),.PCURVE_S1.);
#1659 = B_SPLINE_CURVE_WITH_KNOTS('',1,(#1660,#1661),.UNSPECIFIED.,.F.,
  .F.,(2,2),(0.,1.),.PIECEWISE_BEZIER_KNOTS.);
#1660 = CARTESIAN_POINT('',(31.326009658129,0.,2.5));
#1661 = CARTESIAN_POINT('',(32.144942685228,0.,4.75));
#1662 = PCURVE('',#94,#1663);
#1663 = DEFINITIONAL_REPRESENTATION('',(#1664),#1667);
#1664 = B_SPLINE_CURVE_WITH_KNOTS('',1,(#1665,#1666),.UNSPECIFIED.,.F.,
  .F.,(2,2),(0.,1.),.PIECEWISE_BEZIER_KNOTS.);
#1665 = CARTESIAN_POINT('',(3.30359711152,9.798340057186E-02));
#1666 = CARTESIAN_POINT('',(2.484664084421,2.347983400572));
#1667 = ( GEOMETRIC_REPRESENTATION_CONTEXT(2) 
PARAMETRIC_REPRESENTATION_CONTEXT() REPRESENTATION_CONTEXT('2D SPACE',''
  ) );
#1668 = PCURVE('',#881,#1669);
#1669 = DEFINITIONAL_REPRESENTATION('',(#1670),#1674);
#1670 = LINE('',#1671,#1672);
#1671 = CARTESIAN_POINT('',(1.,0.));
#1672 = VECTOR('',#1673,1.);
#1673 = DIRECTION('',(0.,1.));
#1674 = ( GEOMETRIC_REPRESENTATION_CONTEXT(2) 
PARAMETRIC_REPRESENTATION_CONTEXT() REPRESENTATION_CONTEXT('2D SPACE',''
  ) );
#1675 = ORIENTED_EDGE('',*,*,#1676,.T.);
#1676 = EDGE_CURVE('',#1656,#1677,#1679,.T.);
#1677 = VERTEX_POINT('',#1678);
#1678 = CARTESIAN_POINT('',(32.98779854349,0.,4.75));
#1679 = SURFACE_CURVE('',#1680,(#1683,#1689),.PCURVE_S1.);
#1680 = B_SPLINE_CURVE_WITH_KNOTS('',1,(#1681,#1682),.UNSPECIFIED.,.F.,
  .F.,(2,2),(0.,1.),.PIECEWISE_BEZIER_KNOTS.);
#1681 = CARTESIAN_POINT('',(32.144942685228,0.,4.75));
#1682 = CARTESIAN_POINT('',(32.98779854349,0.,4.75));
#1683 = PCURVE('',#94,#1684);
#1684 = DEFINITIONAL_REPRESENTATION('',(#1685),#1688);
#1685 = B_SPLINE_CURVE_WITH_KNOTS('',1,(#1686,#1687),.UNSPECIFIED.,.F.,
  .F.,(2,2),(0.,1.),.PIECEWISE_BEZIER_KNOTS.);
#1686 = CARTESIAN_POINT('',(2.484664084421,2.347983400572));
#1687 = CARTESIAN_POINT('',(1.641808226158,2.347983400572));
#1688 = ( GEOMETRIC_REPRESENTATION_CONTEXT(2) 
PARAMETRIC_REPRESENTATION_CONTEXT() REPRESENTATION_CONTEXT('2D SPACE',''
  ) );
#1689 = PCURVE('',#855,#1690);
#1690 = DEFINITIONAL_REPRESENTATION('',(#1691),#1695);
#1691 = LINE('',#1692,#1693);
#1692 = CARTESIAN_POINT('',(1.,0.));
#1693 = VECTOR('',#1694,1.);
#1694 = DIRECTION('',(0.,1.));
#1695 = ( GEOMETRIC_REPRESENTATION_CONTEXT(2) 
PARAMETRIC_REPRESENTATION_CONTEXT() REPRESENTATION_CONTEXT('2D SPACE',''
  ) );
#1696 = ORIENTED_EDGE('',*,*,#1697,.T.);
#1697 = EDGE_CURVE('',#1677,#1698,#1700,.T.);
#1698 = VERTEX_POINT('',#1699);
#1699 = CARTESIAN_POINT('',(33.806731570589,0.,2.5));
#1700 = SURFACE_CURVE('',#1701,(#1704,#1710),.PCURVE_S1.);
#1701 = B_SPLINE_CURVE_WITH_KNOTS('',1,(#1702,#1703),.UNSPECIFIED.,.F.,
  .F.,(2,2),(0.,1.),.PIECEWISE_BEZIER_KNOTS.);
#1702 = CARTESIAN_POINT('',(32.98779854349,0.,4.75));
#1703 = CARTESIAN_POINT('',(33.806731570589,0.,2.5));
#1704 = PCURVE('',#94,#1705);
#1705 = DEFINITIONAL_REPRESENTATION('',(#1706),#1709);
#1706 = B_SPLINE_CURVE_WITH_KNOTS('',1,(#1707,#1708),.UNSPECIFIED.,.F.,
  .F.,(2,2),(0.,1.),.PIECEWISE_BEZIER_KNOTS.);
#1707 = CARTESIAN_POINT('',(1.641808226158,2.347983400572));
#1708 = CARTESIAN_POINT('',(0.822875199059,9.798340057186E-02));
#1709 = ( GEOMETRIC_REPRESENTATION_CONTEXT(2) 
PARAMETRIC_REPRESENTATION_CONTEXT() REPRESENTATION_CONTEXT('2D SPACE',''
  ) );
#1710 = PCURVE('',#829,#1711);
#1711 = DEFINITIONAL_REPRESENTATION('',(#1712),#1716);
#1712 = LINE('',#1713,#1714);
#1713 = CARTESIAN_POINT('',(1.,0.));
#1714 = VECTOR('',#1715,1.);
#1715 = DIRECTION('',(0.,1.));
#1716 = ( GEOMETRIC_REPRESENTATION_CONTEXT(2) 
PARAMETRIC_REPRESENTATION_CONTEXT() REPRESENTATION_CONTEXT('2D SPACE',''
  ) );
#1717 = ORIENTED_EDGE('',*,*,#1718,.T.);
#1718 = EDGE_CURVE('',#1698,#1719,#1721,.T.);
#1719 = VERTEX_POINT('',#1720);
#1720 = CARTESIAN_POINT('',(34.467602311719,0.,2.5));
#1721 = SURFACE_CURVE('',#1722,(#1725,#1731),.PCURVE_S1.);
#1722 = B_SPLINE_CURVE_WITH_KNOTS('',1,(#1723,#1724),.UNSPECIFIED.,.F.,
  .F.,(2,2),(0.,1.),.PIECEWISE_BEZIER_KNOTS.);
#1723 = CARTESIAN_POINT('',(33.806731570589,0.,2.5));
#1724 = CARTESIAN_POINT('',(34.467602311719,0.,2.5));
#1725 = PCURVE('',#94,#1726);
#1726 = DEFINITIONAL_REPRESENTATION('',(#1727),#1730);
#1727 = B_SPLINE_CURVE_WITH_KNOTS('',1,(#1728,#1729),.UNSPECIFIED.,.F.,
  .F.,(2,2),(0.,1.),.PIECEWISE_BEZIER_KNOTS.);
#1728 = CARTESIAN_POINT('',(0.822875199059,9.798340057186E-02));
#1729 = CARTESIAN_POINT('',(0.16200445793,9.798340057186E-02));
#1730 = ( GEOMETRIC_REPRESENTATION_CONTEXT(2) 
PARAMETRIC_REPRESENTATION_CONTEXT() REPRESENTATION_CONTEXT('2D SPACE',''
  ) );
#1731 = PCURVE('',#803,#1732);
#1732 = DEFINITIONAL_REPRESENTATION('',(#1733),#1737);
#1733 = LINE('',#1734,#1735);
#1734 = CARTESIAN_POINT('',(1.,0.));
#1735 = VECTOR('',#1736,1.);
#1736 = DIRECTION('',(0.,1.));
#1737 = ( GEOMETRIC_REPRESENTATION_CONTEXT(2) 
PARAMETRIC_REPRESENTATION_CONTEXT() REPRESENTATION_CONTEXT('2D SPACE',''
  ) );
#1738 = ORIENTED_EDGE('',*,*,#1739,.T.);
#1739 = EDGE_CURVE('',#1719,#1740,#1742,.T.);
#1740 = VERTEX_POINT('',#1741);
#1741 = CARTESIAN_POINT('',(35.286535338818,0.,4.75));
#1742 = SURFACE_CURVE('',#1743,(#1746,#1752),.PCURVE_S1.);
#1743 = B_SPLINE_CURVE_WITH_KNOTS('',1,(#1744,#1745),.UNSPECIFIED.,.F.,
  .F.,(2,2),(0.,1.),.PIECEWISE_BEZIER_KNOTS.);
#1744 = CARTESIAN_POINT('',(34.467602311719,0.,2.5));
#1745 = CARTESIAN_POINT('',(35.286535338818,0.,4.75));
#1746 = PCURVE('',#94,#1747);
#1747 = DEFINITIONAL_REPRESENTATION('',(#1748),#1751);
#1748 = B_SPLINE_CURVE_WITH_KNOTS('',1,(#1749,#1750),.UNSPECIFIED.,.F.,
  .F.,(2,2),(0.,1.),.PIECEWISE_BEZIER_KNOTS.);
#1749 = CARTESIAN_POINT('',(0.16200445793,9.798340057186E-02));
#1750 = CARTESIAN_POINT('',(-0.656928569169,2.347983400572));
#1751 = ( GEOMETRIC_REPRESENTATION_CONTEXT(2) 
PARAMETRIC_REPRESENTATION_CONTEXT() REPRESENTATION_CONTEXT('2D SPACE',''
  ) );
#1752 = PCURVE('',#777,#1753);
#1753 = DEFINITIONAL_REPRESENTATION('',(#1754),#1758);
#1754 = LINE('',#1755,#1756);
#1755 = CARTESIAN_POINT('',(1.,0.));
#1756 = VECTOR('',#1757,1.);
#1757 = DIRECTION('',(0.,1.));
#1758 = ( GEOMETRIC_REPRESENTATION_CONTEXT(2) 
PARAMETRIC_REPRESENTATION_CONTEXT() REPRESENTATION_CONTEXT('2D SPACE',''
  ) );
#1759 = ORIENTED_EDGE('',*,*,#1760,.T.);
#1760 = EDGE_CURVE('',#1740,#1761,#1763,.T.);
#1761 = VERTEX_POINT('',#1762);
#1762 = CARTESIAN_POINT('',(36.12939119708,0.,4.75));
#1763 = SURFACE_CURVE('',#1764,(#1767,#1773),.PCURVE_S1.);
#1764 = B_SPLINE_CURVE_WITH_KNOTS('',1,(#1765,#1766),.UNSPECIFIED.,.F.,
  .F.,(2,2),(0.,1.),.PIECEWISE_BEZIER_KNOTS.);
#1765 = CARTESIAN_POINT('',(35.286535338818,0.,4.75));
#1766 = CARTESIAN_POINT('',(36.12939119708,0.,4.75));
#1767 = PCURVE('',#94,#1768);
#1768 = DEFINITIONAL_REPRESENTATION('',(#1769),#1772);
#1769 = B_SPLINE_CURVE_WITH_KNOTS('',1,(#1770,#1771),.UNSPECIFIED.,.F.,
  .F.,(2,2),(0.,1.),.PIECEWISE_BEZIER_KNOTS.);
#1770 = CARTESIAN_POINT('',(-0.656928569169,2.347983400572));
#1771 = CARTESIAN_POINT('',(-1.499784427431,2.347983400572));
#1772 = ( GEOMETRIC_REPRESENTATION_CONTEXT(2) 
PARAMETRIC_REPRESENTATION_CONTEXT() REPRESENTATION_CONTEXT('2D SPACE',''
  ) );
#1773 = PCURVE('',#751,#1774);
#1774 = DEFINITIONAL_REPRESENTATION('',(#1775),#1779);
#1775 = LINE('',#1776,#1777);
#1776 = CARTESIAN_POINT('',(1.,0.));
#1777 = VECTOR('',#1778,1.);
#1778 = DIRECTION('',(0.,1.));
#1779 = ( GEOMETRIC_REPRESENTATION_CONTEXT(2) 
PARAMETRIC_REPRESENTATION_CONTEXT() REPRESENTATION_CONTEXT('2D SPACE',''
  ) );
#1780 = ORIENTED_EDGE('',*,*,#1781,.T.);
#1781 = EDGE_CURVE('',#1761,#1782,#1784,.T.);
#1782 = VERTEX_POINT('',#1783);
#1783 = CARTESIAN_POINT('',(36.948324224179,0.,2.5));
#1784 = SURFACE_CURVE('',#1785,(#1788,#1794),.PCURVE_S1.);
#1785 = B_SPLINE_CURVE_WITH_KNOTS('',1,(#1786,#1787),.UNSPECIFIED.,.F.,
  .F.,(2,2),(0.,1.),.PIECEWISE_BEZIER_KNOTS.);
#1786 = CARTESIAN_POINT('',(36.12939119708,0.,4.75));
#1787 = CARTESIAN_POINT('',(36.948324224179,0.,2.5));
#1788 = PCURVE('',#94,#1789);
#1789 = DEFINITIONAL_REPRESENTATION('',(#1790),#1793);
#1790 = B_SPLINE_CURVE_WITH_KNOTS('',1,(#1791,#1792),.UNSPECIFIED.,.F.,
  .F.,(2,2),(0.,1.),.PIECEWISE_BEZIER_KNOTS.);
#1791 = CARTESIAN_POINT('',(-1.499784427431,2.347983400572));
#1792 = CARTESIAN_POINT('',(-2.31871745453,9.798340057186E-02));
#1793 = ( GEOMETRIC_REPRESENTATION_CONTEXT(2) 
PARAMETRIC_REPRESENTATION_CONTEXT() REPRESENTATION_CONTEXT('2D SPACE',''
  ) );
#1794 = PCURVE('',#725,#1795);
#1795 = DEFINITIONAL_REPRESENTATION('',(#1796),#1800);
#1796 = LINE('',#1797,#1798);
#1797 = CARTESIAN_POINT('',(1.,0.));
#1798 = VECTOR('',#1799,1.);
#1799 = DIRECTION('',(0.,1.));
#1800 = ( GEOMETRIC_REPRESENTATION_CONTEXT(2) 
PARAMETRIC_REPRESENTATION_CONTEXT() REPRESENTATION_CONTEXT('2D SPACE',''
  ) );
#1801 = ORIENTED_EDGE('',*,*,#1802,.T.);
#1802 = EDGE_CURVE('',#1782,#1803,#1805,.T.);
#1803 = VERTEX_POINT('',#1804);
#1804 = CARTESIAN_POINT('',(37.609194965309,0.,2.5));
#1805 = SURFACE_CURVE('',#1806,(#1809,#1815),.PCURVE_S1.);
#1806 = B_SPLINE_CURVE_WITH_KNOTS('',1,(#1807,#1808),.UNSPECIFIED.,.F.,
  .F.,(2,2),(0.,1.),.PIECEWISE_BEZIER_KNOTS.);
#1807 = CARTESIAN_POINT('',(36.948324224179,0.,2.5));
#1808 = CARTESIAN_POINT('',(37.609194965309,0.,2.5));
#1809 = PCURVE('',#94,#1810);
#1810 = DEFINITIONAL_REPRESENTATION('',(#1811),#1814);
#1811 = B_SPLINE_CURVE_WITH_KNOTS('',1,(#1812,#1813),.UNSPECIFIED.,.F.,
  .F.,(2,2),(0.,1.),.PIECEWISE_BEZIER_KNOTS.);
#1812 = CARTESIAN_POINT('',(-2.31871745453,9.798340057186E-02));
#1813 = CARTESIAN_POINT('',(-2.97958819566,9.798340057186E-02));
#1814 = ( GEOMETRIC_REPRESENTATION_CONTEXT(2) 
PARAMETRIC_REPRESENTATION_CONTEXT() REPRESENTATION_CONTEXT('2D SPACE',''
  ) );
#1815 = PCURVE('',#699,#1816);
#1816 = DEFINITIONAL_REPRESENTATION('',(#1817),#1821);
#1817 = LINE('',#1818,#1819);
#1818 = CARTESIAN_POINT('',(1.,0.));
#1819 = VECTOR('',#1820,1.);
#1820 = DIRECTION('',(0.,1.));
#1821 = ( GEOMETRIC_REPRESENTATION_CONTEXT(2) 
PARAMETRIC_REPRESENTATION_CONTEXT() REPRESENTATION_CONTEXT('2D SPACE',''
  ) );
#1822 = ORIENTED_EDGE('',*,*,#1823,.T.);
#1823 = EDGE_CURVE('',#1803,#1824,#1826,.T.);
#1824 = VERTEX_POINT('',#1825);
#1825 = CARTESIAN_POINT('',(38.428127992408,0.,4.75));
#1826 = SURFACE_CURVE('',#1827,(#1830,#1836),.PCURVE_S1.);
#1827 = B_SPLINE_CURVE_WITH_KNOTS('',1,(#1828,#1829),.UNSPECIFIED.,.F.,
  .F.,(2,2),(0.,1.),.PIECEWISE_BEZIER_KNOTS.);
#1828 = CARTESIAN_POINT('',(37.609194965309,0.,2.5));
#1829 = CARTESIAN_POINT('',(38.428127992408,0.,4.75));
#1830 = PCURVE('',#94,#1831);
#1831 = DEFINITIONAL_REPRESENTATION('',(#1832),#1835);
#1832 = B_SPLINE_CURVE_WITH_KNOTS('',1,(#1833,#1834),.UNSPECIFIED.,.F.,
  .F.,(2,2),(0.,1.),.PIECEWISE_BEZIER_KNOTS.);
#1833 = CARTESIAN_POINT('',(-2.97958819566,9.798340057186E-02));
#1834 = CARTESIAN_POINT('',(-3.798521222759,2.347983400572));
#1835 = ( GEOMETRIC_REPRESENTATION_CONTEXT(2) 
PARAMETRIC_REPRESENTATION_CONTEXT() REPRESENTATION_CONTEXT('2D SPACE',''
  ) );
#1836 = PCURVE('',#673,#1837);
#1837 = DEFINITIONAL_REPRESENTATION('',(#1838),#1842);
#1838 = LINE('',#1839,#1840);
#1839 = CARTESIAN_POINT('',(1.,0.));
#1840 = VECTOR('',#1841,1.);
#1841 = DIRECTION('',(0.,1.));
#1842 = ( GEOMETRIC_REPRESENTATION_CONTEXT(2) 
PARAMETRIC_REPRESENTATION_CONTEXT() REPRESENTATION_CONTEXT('2D SPACE',''
  ) );
#1843 = ORIENTED_EDGE('',*,*,#1844,.T.);
#1844 = EDGE_CURVE('',#1824,#1845,#1847,.T.);
#1845 = VERTEX_POINT('',#1846);
#1846 = CARTESIAN_POINT('',(39.27098385067,0.,4.75));
#1847 = SURFACE_CURVE('',#1848,(#1851,#1857),.PCURVE_S1.);
#1848 = B_SPLINE_CURVE_WITH_KNOTS('',1,(#1849,#1850),.UNSPECIFIED.,.F.,
  .F.,(2,2),(0.,1.),.PIECEWISE_BEZIER_KNOTS.);
#1849 = CARTESIAN_POINT('',(38.428127992408,0.,4.75));
#1850 = CARTESIAN_POINT('',(39.27098385067,0.,4.75));
#1851 = PCURVE('',#94,#1852);
#1852 = DEFINITIONAL_REPRESENTATION('',(#1853),#1856);
#1853 = B_SPLINE_CURVE_WITH_KNOTS('',1,(#1854,#1855),.UNSPECIFIED.,.F.,
  .F.,(2,2),(0.,1.),.PIECEWISE_BEZIER_KNOTS.);
#1854 = CARTESIAN_POINT('',(-3.798521222759,2.347983400572));
#1855 = CARTESIAN_POINT('',(-4.641377081021,2.347983400572));
#1856 = ( GEOMETRIC_REPRESENTATION_CONTEXT(2) 
PARAMETRIC_REPRESENTATION_CONTEXT() REPRESENTATION_CONTEXT('2D SPACE',''
  ) );
#1857 = PCURVE('',#647,#1858);
#1858 = DEFINITIONAL_REPRESENTATION('',(#1859),#1863);
#1859 = LINE('',#1860,#1861);
#1860 = CARTESIAN_POINT('',(1.,0.));
#1861 = VECTOR('',#1862,1.);
#1862 = DIRECTION('',(0.,1.));
#1863 = ( GEOMETRIC_REPRESENTATION_CONTEXT(2) 
PARAMETRIC_REPRESENTATION_CONTEXT() REPRESENTATION_CONTEXT('2D SPACE',''
  ) );
#1864 = ORIENTED_EDGE('',*,*,#1865,.T.);
#1865 = EDGE_CURVE('',#1845,#1866,#1868,.T.);
#1866 = VERTEX_POINT('',#1867);
#1867 = CARTESIAN_POINT('',(40.089916877769,0.,2.5));
#1868 = SURFACE_CURVE('',#1869,(#1872,#1878),.PCURVE_S1.);
#1869 = B_SPLINE_CURVE_WITH_KNOTS('',1,(#1870,#1871),.UNSPECIFIED.,.F.,
  .F.,(2,2),(0.,1.),.PIECEWISE_BEZIER_KNOTS.);
#1870 = CARTESIAN_POINT('',(39.27098385067,0.,4.75));
#1871 = CARTESIAN_POINT('',(40.089916877769,0.,2.5));
#1872 = PCURVE('',#94,#1873);
#1873 = DEFINITIONAL_REPRESENTATION('',(#1874),#1877);
#1874 = B_SPLINE_CURVE_WITH_KNOTS('',1,(#1875,#1876),.UNSPECIFIED.,.F.,
  .F.,(2,2),(0.,1.),.PIECEWISE_BEZIER_KNOTS.);
#1875 = CARTESIAN_POINT('',(-4.641377081021,2.347983400572));
#1876 = CARTESIAN_POINT('',(-5.46031010812,9.798340057186E-02));
#1877 = ( GEOMETRIC_REPRESENTATION_CONTEXT(2) 
PARAMETRIC_REPRESENTATION_CONTEXT() REPRESENTATION_CONTEXT('2D SPACE',''
  ) );
#1878 = PCURVE('',#621,#1879);
#1879 = DEFINITIONAL_REPRESENTATION('',(#1880),#1884);
#1880 = LINE('',#1881,#1882);
#1881 = CARTESIAN_POINT('',(1.,0.));
#1882 = VECTOR('',#1883,1.);
#1883 = DIRECTION('',(0.,1.));
#1884 = ( GEOMETRIC_REPRESENTATION_CONTEXT(2) 
PARAMETRIC_REPRESENTATION_CONTEXT() REPRESENTATION_CONTEXT('2D SPACE',''
  ) );
#1885 = ORIENTED_EDGE('',*,*,#1886,.T.);
#1886 = EDGE_CURVE('',#1866,#1887,#1889,.T.);
#1887 = VERTEX_POINT('',#1888);
#1888 = CARTESIAN_POINT('',(40.750787618898,0.,2.5));
#1889 = SURFACE_CURVE('',#1890,(#1893,#1899),.PCURVE_S1.);
#1890 = B_SPLINE_CURVE_WITH_KNOTS('',1,(#1891,#1892),.UNSPECIFIED.,.F.,
  .F.,(2,2),(0.,1.),.PIECEWISE_BEZIER_KNOTS.);
#1891 = CARTESIAN_POINT('',(40.089916877769,0.,2.5));
#1892 = CARTESIAN_POINT('',(40.750787618898,0.,2.5));
#1893 = PCURVE('',#94,#1894);
#1894 = DEFINITIONAL_REPRESENTATION('',(#1895),#1898);
#1895 = B_SPLINE_CURVE_WITH_KNOTS('',1,(#1896,#1897),.UNSPECIFIED.,.F.,
  .F.,(2,2),(0.,1.),.PIECEWISE_BEZIER_KNOTS.);
#1896 = CARTESIAN_POINT('',(-5.46031010812,9.798340057186E-02));
#1897 = CARTESIAN_POINT('',(-6.121180849249,9.798340057186E-02));
#1898 = ( GEOMETRIC_REPRESENTATION_CONTEXT(2) 
PARAMETRIC_REPRESENTATION_CONTEXT() REPRESENTATION_CONTEXT('2D SPACE',''
  ) );
#1899 = PCURVE('',#595,#1900);
#1900 = DEFINITIONAL_REPRESENTATION('',(#1901),#1905);
#1901 = LINE('',#1902,#1903);
#1902 = CARTESIAN_POINT('',(1.,0.));
#1903 = VECTOR('',#1904,1.);
#1904 = DIRECTION('',(0.,1.));
#1905 = ( GEOMETRIC_REPRESENTATION_CONTEXT(2) 
PARAMETRIC_REPRESENTATION_CONTEXT() REPRESENTATION_CONTEXT('2D SPACE',''
  ) );
#1906 = ORIENTED_EDGE('',*,*,#1907,.T.);
#1907 = EDGE_CURVE('',#1887,#1908,#1910,.T.);
#1908 = VERTEX_POINT('',#1909);
#1909 = CARTESIAN_POINT('',(41.569720645997,0.,4.75));
#1910 = SURFACE_CURVE('',#1911,(#1914,#1920),.PCURVE_S1.);
#1911 = B_SPLINE_CURVE_WITH_KNOTS('',1,(#1912,#1913),.UNSPECIFIED.,.F.,
  .F.,(2,2),(0.,1.),.PIECEWISE_BEZIER_KNOTS.);
#1912 = CARTESIAN_POINT('',(40.750787618898,0.,2.5));
#1913 = CARTESIAN_POINT('',(41.569720645997,0.,4.75));
#1914 = PCURVE('',#94,#1915);
#1915 = DEFINITIONAL_REPRESENTATION('',(#1916),#1919);
#1916 = B_SPLINE_CURVE_WITH_KNOTS('',1,(#1917,#1918),.UNSPECIFIED.,.F.,
  .F.,(2,2),(0.,1.),.PIECEWISE_BEZIER_KNOTS.);
#1917 = CARTESIAN_POINT('',(-6.121180849249,9.798340057186E-02));
#1918 = CARTESIAN_POINT('',(-6.940113876348,2.347983400572));
#1919 = ( GEOMETRIC_REPRESENTATION_CONTEXT(2) 
PARAMETRIC_REPRESENTATION_CONTEXT() REPRESENTATION_CONTEXT('2D SPACE',''
  ) );
#1920 = PCURVE('',#569,#1921);
#1921 = DEFINITIONAL_REPRESENTATION('',(#1922),#1926);
#1922 = LINE('',#1923,#1924);
#1923 = CARTESIAN_POINT('',(1.,0.));
#1924 = VECTOR('',#1925,1.);
#1925 = DIRECTION('',(0.,1.));
#1926 = ( GEOMETRIC_REPRESENTATION_CONTEXT(2) 
PARAMETRIC_REPRESENTATION_CONTEXT() REPRESENTATION_CONTEXT('2D SPACE',''
  ) );
#1927 = ORIENTED_EDGE('',*,*,#1928,.T.);
#1928 = EDGE_CURVE('',#1908,#1929,#1931,.T.);
#1929 = VERTEX_POINT('',#1930);
#1930 = CARTESIAN_POINT('',(42.41257650426,0.,4.75));
#1931 = SURFACE_CURVE('',#1932,(#1935,#1941),.PCURVE_S1.);
#1932 = B_SPLINE_CURVE_WITH_KNOTS('',1,(#1933,#1934),.UNSPECIFIED.,.F.,
  .F.,(2,2),(0.,1.),.PIECEWISE_BEZIER_KNOTS.);
#1933 = CARTESIAN_POINT('',(41.569720645997,0.,4.75));
#1934 = CARTESIAN_POINT('',(42.41257650426,0.,4.75));
#1935 = PCURVE('',#94,#1936);
#1936 = DEFINITIONAL_REPRESENTATION('',(#1937),#1940);
#1937 = B_SPLINE_CURVE_WITH_KNOTS('',1,(#1938,#1939),.UNSPECIFIED.,.F.,
  .F.,(2,2),(0.,1.),.PIECEWISE_BEZIER_KNOTS.);
#1938 = CARTESIAN_POINT('',(-6.940113876348,2.347983400572));
#1939 = CARTESIAN_POINT('',(-7.782969734611,2.347983400572));
#1940 = ( GEOMETRIC_REPRESENTATION_CONTEXT(2) 
PARAMETRIC_REPRESENTATION_CONTEXT() REPRESENTATION_CONTEXT('2D SPACE',''
  ) );
#1941 = PCURVE('',#543,#1942);
#1942 = DEFINITIONAL_REPRESENTATION('',(#1943),#1947);
#1943 = LINE('',#1944,#1945);
#1944 = CARTESIAN_POINT('',(1.,0.));
#1945 = VECTOR('',#1946,1.);
#1946 = DIRECTION('',(0.,1.));
#1947 = ( GEOMETRIC_REPRESENTATION_CONTEXT(2) 
PARAMETRIC_REPRESENTATION_CONTEXT() REPRESENTATION_CONTEXT('2D SPACE',''
  ) );
#1948 = ORIENTED_EDGE('',*,*,#1949,.T.);
#1949 = EDGE_CURVE('',#1929,#1950,#1952,.T.);
#1950 = VERTEX_POINT('',#1951);
#1951 = CARTESIAN_POINT('',(43.231509531359,0.,2.5));
#1952 = SURFACE_CURVE('',#1953,(#1956,#1962),.PCURVE_S1.);
#1953 = B_SPLINE_CURVE_WITH_KNOTS('',1,(#1954,#1955),.UNSPECIFIED.,.F.,
  .F.,(2,2),(0.,1.),.PIECEWISE_BEZIER_KNOTS.);
#1954 = CARTESIAN_POINT('',(42.41257650426,0.,4.75));
#1955 = CARTESIAN_POINT('',(43.231509531359,0.,2.5));
#1956 = PCURVE('',#94,#1957);
#1957 = DEFINITIONAL_REPRESENTATION('',(#1958),#1961);
#1958 = B_SPLINE_CURVE_WITH_KNOTS('',1,(#1959,#1960),.UNSPECIFIED.,.F.,
  .F.,(2,2),(0.,1.),.PIECEWISE_BEZIER_KNOTS.);
#1959 = CARTESIAN_POINT('',(-7.782969734611,2.347983400572));
#1960 = CARTESIAN_POINT('',(-8.60190276171,9.798340057186E-02));
#1961 = ( GEOMETRIC_REPRESENTATION_CONTEXT(2) 
PARAMETRIC_REPRESENTATION_CONTEXT() REPRESENTATION_CONTEXT('2D SPACE',''
  ) );
#1962 = PCURVE('',#517,#1963);
#1963 = DEFINITIONAL_REPRESENTATION('',(#1964),#1968);
#1964 = LINE('',#1965,#1966);
#1965 = CARTESIAN_POINT('',(1.,0.));
#1966 = VECTOR('',#1967,1.);
#1967 = DIRECTION('',(0.,1.));
#1968 = ( GEOMETRIC_REPRESENTATION_CONTEXT(2) 
PARAMETRIC_REPRESENTATION_CONTEXT() REPRESENTATION_CONTEXT('2D SPACE',''
  ) );
#1969 = ORIENTED_EDGE('',*,*,#1970,.T.);
#1970 = EDGE_CURVE('',#1950,#1971,#1973,.T.);
#1971 = VERTEX_POINT('',#1972);
#1972 = CARTESIAN_POINT('',(43.892380272488,0.,2.5));
#1973 = SURFACE_CURVE('',#1974,(#1977,#1983),.PCURVE_S1.);
#1974 = B_SPLINE_CURVE_WITH_KNOTS('',1,(#1975,#1976),.UNSPECIFIED.,.F.,
  .F.,(2,2),(0.,1.),.PIECEWISE_BEZIER_KNOTS.);
#1975 = CARTESIAN_POINT('',(43.231509531359,0.,2.5));
#1976 = CARTESIAN_POINT('',(43.892380272488,0.,2.5));
#1977 = PCURVE('',#94,#1978);
#1978 = DEFINITIONAL_REPRESENTATION('',(#1979),#1982);
#1979 = B_SPLINE_CURVE_WITH_KNOTS('',1,(#1980,#1981),.UNSPECIFIED.,.F.,
  .F.,(2,2),(0.,1.),.PIECEWISE_BEZIER_KNOTS.);
#1980 = CARTESIAN_POINT('',(-8.60190276171,9.798340057186E-02));
#1981 = CARTESIAN_POINT('',(-9.262773502839,9.798340057186E-02));
#1982 = ( GEOMETRIC_REPRESENTATION_CONTEXT(2) 
PARAMETRIC_REPRESENTATION_CONTEXT() REPRESENTATION_CONTEXT('2D SPACE',''
  ) );
#1983 = PCURVE('',#491,#1984);
#1984 = DEFINITIONAL_REPRESENTATION('',(#1985),#1989);
#1985 = LINE('',#1986,#1987);
#1986 = CARTESIAN_POINT('',(1.,0.));
#1987 = VECTOR('',#1988,1.);
#1988 = DIRECTION('',(0.,1.));
#1989 = ( GEOMETRIC_REPRESENTATION_CONTEXT(2) 
PARAMETRIC_REPRESENTATION_CONTEXT() REPRESENTATION_CONTEXT('2D SPACE',''
  ) );
#1990 = ORIENTED_EDGE('',*,*,#1991,.T.);
#1991 = EDGE_CURVE('',#1971,#1992,#1994,.T.);
#1992 = VERTEX_POINT('',#1993);
#1993 = CARTESIAN_POINT('',(44.711313299587,0.,4.75));
#1994 = SURFACE_CURVE('',#1995,(#1998,#2004),.PCURVE_S1.);
#1995 = B_SPLINE_CURVE_WITH_KNOTS('',1,(#1996,#1997),.UNSPECIFIED.,.F.,
  .F.,(2,2),(0.,1.),.PIECEWISE_BEZIER_KNOTS.);
#1996 = CARTESIAN_POINT('',(43.892380272488,0.,2.5));
#1997 = CARTESIAN_POINT('',(44.711313299587,0.,4.75));
#1998 = PCURVE('',#94,#1999);
#1999 = DEFINITIONAL_REPRESENTATION('',(#2000),#2003);
#2000 = B_SPLINE_CURVE_WITH_KNOTS('',1,(#2001,#2002),.UNSPECIFIED.,.F.,
  .F.,(2,2),(0.,1.),.PIECEWISE_BEZIER_KNOTS.);
#2001 = CARTESIAN_POINT('',(-9.262773502839,9.798340057186E-02));
#2002 = CARTESIAN_POINT('',(-10.08170652993,2.347983400572));
#2003 = ( GEOMETRIC_REPRESENTATION_CONTEXT(2) 
PARAMETRIC_REPRESENTATION_CONTEXT() REPRESENTATION_CONTEXT('2D SPACE',''
  ) );
#2004 = PCURVE('',#465,#2005);
#2005 = DEFINITIONAL_REPRESENTATION('',(#2006),#2010);
#2006 = LINE('',#2007,#2008);
#2007 = CARTESIAN_POINT('',(1.,0.));
#2008 = VECTOR('',#2009,1.);
#2009 = DIRECTION('',(0.,1.));
#2010 = ( GEOMETRIC_REPRESENTATION_CONTEXT(2) 
PARAMETRIC_REPRESENTATION_CONTEXT() REPRESENTATION_CONTEXT('2D SPACE',''
  ) );
#2011 = ORIENTED_EDGE('',*,*,#2012,.T.);
#2012 = EDGE_CURVE('',#1992,#2013,#2015,.T.);
#2013 = VERTEX_POINT('',#2014);
#2014 = CARTESIAN_POINT('',(45.55416915785,0.,4.75));
#2015 = SURFACE_CURVE('',#2016,(#2019,#2025),.PCURVE_S1.);
#2016 = B_SPLINE_CURVE_WITH_KNOTS('',1,(#2017,#2018),.UNSPECIFIED.,.F.,
  .F.,(2,2),(0.,1.),.PIECEWISE_BEZIER_KNOTS.);
#2017 = CARTESIAN_POINT('',(44.711313299587,0.,4.75));
#2018 = CARTESIAN_POINT('',(45.55416915785,0.,4.75));
#2019 = PCURVE('',#94,#2020);
#2020 = DEFINITIONAL_REPRESENTATION('',(#2021),#2024);
#2021 = B_SPLINE_CURVE_WITH_KNOTS('',1,(#2022,#2023),.UNSPECIFIED.,.F.,
  .F.,(2,2),(0.,1.),.PIECEWISE_BEZIER_KNOTS.);
#2022 = CARTESIAN_POINT('',(-10.08170652993,2.347983400572));
#2023 = CARTESIAN_POINT('',(-10.9245623882,2.347983400572));
#2024 = ( GEOMETRIC_REPRESENTATION_CONTEXT(2) 
PARAMETRIC_REPRESENTATION_CONTEXT() REPRESENTATION_CONTEXT('2D SPACE',''
  ) );
#2025 = PCURVE('',#439,#2026);
#2026 = DEFINITIONAL_REPRESENTATION('',(#2027),#2031);
#2027 = LINE('',#2028,#2029);
#2028 = CARTESIAN_POINT('',(1.,0.));
#2029 = VECTOR('',#2030,1.);
#2030 = DIRECTION('',(0.,1.));
#2031 = ( GEOMETRIC_REPRESENTATION_CONTEXT(2) 
PARAMETRIC_REPRESENTATION_CONTEXT() REPRESENTATION_CONTEXT('2D SPACE',''
  ) );
#2032 = ORIENTED_EDGE('',*,*,#2033,.T.);
#2033 = EDGE_CURVE('',#2013,#2034,#2036,.T.);
#2034 = VERTEX_POINT('',#2035);
#2035 = CARTESIAN_POINT('',(46.373102184949,0.,2.5));
#2036 = SURFACE_CURVE('',#2037,(#2040,#2046),.PCURVE_S1.);
#2037 = B_SPLINE_CURVE_WITH_KNOTS('',1,(#2038,#2039),.UNSPECIFIED.,.F.,
  .F.,(2,2),(0.,1.),.PIECEWISE_BEZIER_KNOTS.);
#2038 = CARTESIAN_POINT('',(45.55416915785,0.,4.75));
#2039 = CARTESIAN_POINT('',(46.373102184949,0.,2.5));
#2040 = PCURVE('',#94,#2041);
#2041 = DEFINITIONAL_REPRESENTATION('',(#2042),#2045);
#2042 = B_SPLINE_CURVE_WITH_KNOTS('',1,(#2043,#2044),.UNSPECIFIED.,.F.,
  .F.,(2,2),(0.,1.),.PIECEWISE_BEZIER_KNOTS.);
#2043 = CARTESIAN_POINT('',(-10.9245623882,2.347983400572));
#2044 = CARTESIAN_POINT('',(-11.7434954153,9.798340057186E-02));
#2045 = ( GEOMETRIC_REPRESENTATION_CONTEXT(2) 
PARAMETRIC_REPRESENTATION_CONTEXT() REPRESENTATION_CONTEXT('2D SPACE',''
  ) );
#2046 = PCURVE('',#413,#2047);
#2047 = DEFINITIONAL_REPRESENTATION('',(#2048),#2052);
#2048 = LINE('',#2049,#2050);
#2049 = CARTESIAN_POINT('',(1.,0.));
#2050 = VECTOR('',#2051,1.);
#2051 = DIRECTION('',(0.,1.));
#2052 = ( GEOMETRIC_REPRESENTATION_CONTEXT(2) 
PARAMETRIC_REPRESENTATION_CONTEXT() REPRESENTATION_CONTEXT('2D SPACE',''
  ) );
#2053 = ORIENTED_EDGE('',*,*,#2054,.T.);
#2054 = EDGE_CURVE('',#2034,#2055,#2057,.T.);
#2055 = VERTEX_POINT('',#2056);
#2056 = CARTESIAN_POINT('',(47.033972926078,0.,2.5));
#2057 = SURFACE_CURVE('',#2058,(#2061,#2067),.PCURVE_S1.);
#2058 = B_SPLINE_CURVE_WITH_KNOTS('',1,(#2059,#2060),.UNSPECIFIED.,.F.,
  .F.,(2,2),(0.,1.),.PIECEWISE_BEZIER_KNOTS.);
#2059 = CARTESIAN_POINT('',(46.373102184949,0.,2.5));
#2060 = CARTESIAN_POINT('',(47.033972926078,0.,2.5));
#2061 = PCURVE('',#94,#2062);
#2062 = DEFINITIONAL_REPRESENTATION('',(#2063),#2066);
#2063 = B_SPLINE_CURVE_WITH_KNOTS('',1,(#2064,#2065),.UNSPECIFIED.,.F.,
  .F.,(2,2),(0.,1.),.PIECEWISE_BEZIER_KNOTS.);
#2064 = CARTESIAN_POINT('',(-11.7434954153,9.798340057186E-02));
#2065 = CARTESIAN_POINT('',(-12.40436615642,9.798340057186E-02));
#2066 = ( GEOMETRIC_REPRESENTATION_CONTEXT(2) 
PARAMETRIC_REPRESENTATION_CONTEXT() REPRESENTATION_CONTEXT('2D SPACE',''
  ) );
#2067 = PCURVE('',#387,#2068);
#2068 = DEFINITIONAL_REPRESENTATION('',(#2069),#2073);
#2069 = LINE('',#2070,#2071);
#2070 = CARTESIAN_POINT('',(1.,0.));
#2071 = VECTOR('',#2072,1.);
#2072 = DIRECTION('',(0.,1.));
#2073 = ( GEOMETRIC_REPRESENTATION_CONTEXT(2) 
PARAMETRIC_REPRESENTATION_CONTEXT() REPRESENTATION_CONTEXT('2D SPACE',''
  ) );
#2074 = ORIENTED_EDGE('',*,*,#2075,.T.);
#2075 = EDGE_CURVE('',#2055,#2076,#2078,.T.);
#2076 = VERTEX_POINT('',#2077);
#2077 = CARTESIAN_POINT('',(47.852905953177,0.,4.75));
#2078 = SURFACE_CURVE('',#2079,(#2082,#2088),.PCURVE_S1.);
#2079 = B_SPLINE_CURVE_WITH_KNOTS('',1,(#2080,#2081),.UNSPECIFIED.,.F.,
  .F.,(2,2),(0.,1.),.PIECEWISE_BEZIER_KNOTS.);
#2080 = CARTESIAN_POINT('',(47.033972926078,0.,2.5));
#2081 = CARTESIAN_POINT('',(47.852905953177,0.,4.75));
#2082 = PCURVE('',#94,#2083);
#2083 = DEFINITIONAL_REPRESENTATION('',(#2084),#2087);
#2084 = B_SPLINE_CURVE_WITH_KNOTS('',1,(#2085,#2086),.UNSPECIFIED.,.F.,
  .F.,(2,2),(0.,1.),.PIECEWISE_BEZIER_KNOTS.);
#2085 = CARTESIAN_POINT('',(-12.40436615642,9.798340057186E-02));
#2086 = CARTESIAN_POINT('',(-13.22329918352,2.347983400572));
#2087 = ( GEOMETRIC_REPRESENTATION_CONTEXT(2) 
PARAMETRIC_REPRESENTATION_CONTEXT() REPRESENTATION_CONTEXT('2D SPACE',''
  ) );
#2088 = PCURVE('',#361,#2089);
#2089 = DEFINITIONAL_REPRESENTATION('',(#2090),#2094);
#2090 = LINE('',#2091,#2092);
#2091 = CARTESIAN_POINT('',(1.,0.));
#2092 = VECTOR('',#2093,1.);
#2093 = DIRECTION('',(0.,1.));
#2094 = ( GEOMETRIC_REPRESENTATION_CONTEXT(2) 
PARAMETRIC_REPRESENTATION_CONTEXT() REPRESENTATION_CONTEXT('2D SPACE',''
  ) );
#2095 = ORIENTED_EDGE('',*,*,#2096,.T.);
#2096 = EDGE_CURVE('',#2076,#2097,#2099,.T.);
#2097 = VERTEX_POINT('',#2098);
#2098 = CARTESIAN_POINT('',(48.695761811439,0.,4.75));
#2099 = SURFACE_CURVE('',#2100,(#2103,#2109),.PCURVE_S1.);
#2100 = B_SPLINE_CURVE_WITH_KNOTS('',1,(#2101,#2102),.UNSPECIFIED.,.F.,
  .F.,(2,2),(0.,1.),.PIECEWISE_BEZIER_KNOTS.);
#2101 = CARTESIAN_POINT('',(47.852905953177,0.,4.75));
#2102 = CARTESIAN_POINT('',(48.695761811439,0.,4.75));
#2103 = PCURVE('',#94,#2104);
#2104 = DEFINITIONAL_REPRESENTATION('',(#2105),#2108);
#2105 = B_SPLINE_CURVE_WITH_KNOTS('',1,(#2106,#2107),.UNSPECIFIED.,.F.,
  .F.,(2,2),(0.,1.),.PIECEWISE_BEZIER_KNOTS.);
#2106 = CARTESIAN_POINT('',(-13.22329918352,2.347983400572));
#2107 = CARTESIAN_POINT('',(-14.06615504179,2.347983400572));
#2108 = ( GEOMETRIC_REPRESENTATION_CONTEXT(2) 
PARAMETRIC_REPRESENTATION_CONTEXT() REPRESENTATION_CONTEXT('2D SPACE',''
  ) );
#2109 = PCURVE('',#335,#2110);
#2110 = DEFINITIONAL_REPRESENTATION('',(#2111),#2115);
#2111 = LINE('',#2112,#2113);
#2112 = CARTESIAN_POINT('',(1.,0.));
#2113 = VECTOR('',#2114,1.);
#2114 = DIRECTION('',(0.,1.));
#2115 = ( GEOMETRIC_REPRESENTATION_CONTEXT(2) 
PARAMETRIC_REPRESENTATION_CONTEXT() REPRESENTATION_CONTEXT('2D SPACE',''
  ) );
#2116 = ORIENTED_EDGE('',*,*,#2117,.T.);
#2117 = EDGE_CURVE('',#2097,#2118,#2120,.T.);
#2118 = VERTEX_POINT('',#2119);
#2119 = CARTESIAN_POINT('',(49.514694838538,0.,2.5));
#2120 = SURFACE_CURVE('',#2121,(#2124,#2130),.PCURVE_S1.);
#2121 = B_SPLINE_CURVE_WITH_KNOTS('',1,(#2122,#2123),.UNSPECIFIED.,.F.,
  .F.,(2,2),(0.,1.),.PIECEWISE_BEZIER_KNOTS.);
#2122 = CARTESIAN_POINT('',(48.695761811439,0.,4.75));
#2123 = CARTESIAN_POINT('',(49.514694838538,0.,2.5));
#2124 = PCURVE('',#94,#2125);
#2125 = DEFINITIONAL_REPRESENTATION('',(#2126),#2129);
#2126 = B_SPLINE_CURVE_WITH_KNOTS('',1,(#2127,#2128),.UNSPECIFIED.,.F.,
  .F.,(2,2),(0.,1.),.PIECEWISE_BEZIER_KNOTS.);
#2127 = CARTESIAN_POINT('',(-14.06615504179,2.347983400572));
#2128 = CARTESIAN_POINT('',(-14.88508806888,9.798340057186E-02));
#2129 = ( GEOMETRIC_REPRESENTATION_CONTEXT(2) 
PARAMETRIC_REPRESENTATION_CONTEXT() REPRESENTATION_CONTEXT('2D SPACE',''
  ) );
#2130 = PCURVE('',#309,#2131);
#2131 = DEFINITIONAL_REPRESENTATION('',(#2132),#2136);
#2132 = LINE('',#2133,#2134);
#2133 = CARTESIAN_POINT('',(1.,0.));
#2134 = VECTOR('',#2135,1.);
#2135 = DIRECTION('',(0.,1.));
#2136 = ( GEOMETRIC_REPRESENTATION_CONTEXT(2) 
PARAMETRIC_REPRESENTATION_CONTEXT() REPRESENTATION_CONTEXT('2D SPACE',''
  ) );
#2137 = ORIENTED_EDGE('',*,*,#2138,.T.);
#2138 = EDGE_CURVE('',#2118,#2139,#2141,.T.);
#2139 = VERTEX_POINT('',#2140);
#2140 = CARTESIAN_POINT('',(50.,0.,2.5));
#2141 = SURFACE_CURVE('',#2142,(#2145,#2151),.PCURVE_S1.);
#2142 = B_SPLINE_CURVE_WITH_KNOTS('',1,(#2143,#2144),.UNSPECIFIED.,.F.,
  .F.,(2,2),(0.,1.),.PIECEWISE_BEZIER_KNOTS.);
#2143 = CARTESIAN_POINT('',(49.514694838538,0.,2.5));
#2144 = CARTESIAN_POINT('',(50.175565579668,0.,2.5));
#2145 = PCURVE('',#94,#2146);
#2146 = DEFINITIONAL_REPRESENTATION('',(#2147),#2150);
#2147 = B_SPLINE_CURVE_WITH_KNOTS('',1,(#2148,#2149),.UNSPECIFIED.,.F.,
  .F.,(2,2),(0.,1.),.PIECEWISE_BEZIER_KNOTS.);
#2148 = CARTESIAN_POINT('',(-14.88508806888,9.798340057186E-02));
#2149 = CARTESIAN_POINT('',(-15.54595881001,9.798340057186E-02));
#2150 = ( GEOMETRIC_REPRESENTATION_CONTEXT(2) 
PARAMETRIC_REPRESENTATION_CONTEXT() REPRESENTATION_CONTEXT('2D SPACE',''
  ) );
#2151 = PCURVE('',#283,#2152);
#2152 = DEFINITIONAL_REPRESENTATION('',(#2153),#2157);
#2153 = LINE('',#2154,#2155);
#2154 = CARTESIAN_POINT('',(1.,0.));
#2155 = VECTOR('',#2156,1.);
#2156 = DIRECTION('',(0.,1.));
#2157 = ( GEOMETRIC_REPRESENTATION_CONTEXT(2) 
PARAMETRIC_REPRESENTATION_CONTEXT() REPRESENTATION_CONTEXT('2D SPACE',''
  ) );
#2158 = ORIENTED_EDGE('',*,*,#2159,.F.);
#2159 = EDGE_CURVE('',#2160,#2139,#2162,.T.);
#2160 = VERTEX_POINT('',#2161);
#2161 = CARTESIAN_POINT('',(50.,0.,8.881784197001E-16));
#2162 = SURFACE_CURVE('',#2163,(#2167,#2174),.PCURVE_S1.);
#2163 = LINE('',#2164,#2165);
#2164 = CARTESIAN_POINT('',(50.,0.,8.881784197001E-16));
#2165 = VECTOR('',#2166,1.);
#2166 = DIRECTION('',(0.,1.110223024625E-16,1.));
#2167 = PCURVE('',#94,#2168);
#2168 = DEFINITIONAL_REPRESENTATION('',(#2169),#2173);
#2169 = LINE('',#2170,#2171);
#2170 = CARTESIAN_POINT('',(-15.37039323035,-2.402016599428));
#2171 = VECTOR('',#2172,1.);
#2172 = DIRECTION('',(0.,1.));
#2173 = ( GEOMETRIC_REPRESENTATION_CONTEXT(2) 
PARAMETRIC_REPRESENTATION_CONTEXT() REPRESENTATION_CONTEXT('2D SPACE',''
  ) );
#2174 = PCURVE('',#257,#2175);
#2175 = DEFINITIONAL_REPRESENTATION('',(#2176),#2180);
#2176 = LINE('',#2177,#2178);
#2177 = CARTESIAN_POINT('',(-5.,1.25));
#2178 = VECTOR('',#2179,1.);
#2179 = DIRECTION('',(0.,-1.));
#2180 = ( GEOMETRIC_REPRESENTATION_CONTEXT(2) 
PARAMETRIC_REPRESENTATION_CONTEXT() REPRESENTATION_CONTEXT('2D SPACE',''
  ) );
#2181 = ORIENTED_EDGE('',*,*,#2182,.F.);
#2182 = EDGE_CURVE('',#2183,#2160,#2185,.T.);
#2183 = VERTEX_POINT('',#2184);
#2184 = CARTESIAN_POINT('',(0.,0.,0.));
#2185 = SURFACE_CURVE('',#2186,(#2190,#2197),.PCURVE_S1.);
#2186 = LINE('',#2187,#2188);
#2187 = CARTESIAN_POINT('',(0.,0.,0.));
#2188 = VECTOR('',#2189,1.);
#2189 = DIRECTION('',(1.,0.,1.7763568394E-17));
#2190 = PCURVE('',#94,#2191);
#2191 = DEFINITIONAL_REPRESENTATION('',(#2192),#2196);
#2192 = LINE('',#2193,#2194);
#2193 = CARTESIAN_POINT('',(34.629606769649,-2.402016599428));
#2194 = VECTOR('',#2195,1.);
#2195 = DIRECTION('',(-1.,1.7763568394E-17));
#2196 = ( GEOMETRIC_REPRESENTATION_CONTEXT(2) 
PARAMETRIC_REPRESENTATION_CONTEXT() REPRESENTATION_CONTEXT('2D SPACE',''
  ) );
#2197 = PCURVE('',#229,#2198);
#2198 = DEFINITIONAL_REPRESENTATION('',(#2199),#2203);
#2199 = LINE('',#2200,#2201);
#2200 = CARTESIAN_POINT('',(-5.,-35.));
#2201 = VECTOR('',#2202,1.);
#2202 = DIRECTION('',(-1.972152263053E-33,1.));
#2203 = ( GEOMETRIC_REPRESENTATION_CONTEXT(2) 
PARAMETRIC_REPRESENTATION_CONTEXT() REPRESENTATION_CONTEXT('2D SPACE',''
  ) );
#2204 = ORIENTED_EDGE('',*,*,#2205,.T.);
#2205 = EDGE_CURVE('',#2183,#2206,#2208,.T.);
#2206 = VERTEX_POINT('',#2207);
#2207 = CARTESIAN_POINT('',(0.,0.,10.));
#2208 = SURFACE_CURVE('',#2209,(#2213,#2220),.PCURVE_S1.);
#2209 = LINE('',#2210,#2211);
#2210 = CARTESIAN_POINT('',(0.,0.,0.));
#2211 = VECTOR('',#2212,1.);
#2212 = DIRECTION('',(0.,0.,1.));
#2213 = PCURVE('',#94,#2214);
#2214 = DEFINITIONAL_REPRESENTATION('',(#2215),#2219);
#2215 = LINE('',#2216,#2217);
#2216 = CARTESIAN_POINT('',(34.629606769649,-2.402016599428));
#2217 = VECTOR('',#2218,1.);
#2218 = DIRECTION('',(0.,1.));
#2219 = ( GEOMETRIC_REPRESENTATION_CONTEXT(2) 
PARAMETRIC_REPRESENTATION_CONTEXT() REPRESENTATION_CONTEXT('2D SPACE',''
  ) );
#2220 = PCURVE('',#201,#2221);
#2221 = DEFINITIONAL_REPRESENTATION('',(#2222),#2226);
#2222 = LINE('',#2223,#2224);
#2223 = CARTESIAN_POINT('',(0.,0.));
#2224 = VECTOR('',#2225,1.);
#2225 = DIRECTION('',(1.,0.));
#2226 = ( GEOMETRIC_REPRESENTATION_CONTEXT(2) 
PARAMETRIC_REPRESENTATION_CONTEXT() REPRESENTATION_CONTEXT('2D SPACE',''
  ) );
#2227 = ORIENTED_EDGE('',*,*,#2228,.T.);
#2228 = EDGE_CURVE('',#2206,#2229,#2231,.T.);
#2229 = VERTEX_POINT('',#2230);
#2230 = CARTESIAN_POINT('',(20.,0.,10.));
#2231 = SURFACE_CURVE('',#2232,(#2236,#2243),.PCURVE_S1.);
#2232 = LINE('',#2233,#2234);
#2233 = CARTESIAN_POINT('',(0.,0.,10.));
#2234 = VECTOR('',#2235,1.);
#2235 = DIRECTION('',(1.,0.,0.));
#2236 = PCURVE('',#94,#2237);
#2237 = DEFINITIONAL_REPRESENTATION('',(#2238),#2242);
#2238 = LINE('',#2239,#2240);
#2239 = CARTESIAN_POINT('',(34.629606769649,7.597983400572));
#2240 = VECTOR('',#2241,1.);
#2241 = DIRECTION('',(-1.,0.));
#2242 = ( GEOMETRIC_REPRESENTATION_CONTEXT(2) 
PARAMETRIC_REPRESENTATION_CONTEXT() REPRESENTATION_CONTEXT('2D SPACE',''
  ) );
#2243 = PCURVE('',#173,#2244);
#2244 = DEFINITIONAL_REPRESENTATION('',(#2245),#2249);
#2245 = LINE('',#2246,#2247);
#2246 = CARTESIAN_POINT('',(0.,0.));
#2247 = VECTOR('',#2248,1.);
#2248 = DIRECTION('',(1.,0.));
#2249 = ( GEOMETRIC_REPRESENTATION_CONTEXT(2) 
PARAMETRIC_REPRESENTATION_CONTEXT() REPRESENTATION_CONTEXT('2D SPACE',''
  ) );
#2250 = ORIENTED_EDGE('',*,*,#2251,.F.);
#2251 = EDGE_CURVE('',#55,#2229,#2252,.T.);
#2252 = SURFACE_CURVE('',#2253,(#2257,#2264),.PCURVE_S1.);
#2253 = LINE('',#2254,#2255);
#2254 = CARTESIAN_POINT('',(20.,0.,0.));
#2255 = VECTOR('',#2256,1.);
#2256 = DIRECTION('',(0.,0.,1.));
#2257 = PCURVE('',#94,#2258);
#2258 = DEFINITIONAL_REPRESENTATION('',(#2259),#2263);
#2259 = LINE('',#2260,#2261);
#2260 = CARTESIAN_POINT('',(14.629606769649,-2.402016599428));
#2261 = VECTOR('',#2262,1.);
#2262 = DIRECTION('',(0.,1.));
#2263 = ( GEOMETRIC_REPRESENTATION_CONTEXT(2) 
PARAMETRIC_REPRESENTATION_CONTEXT() REPRESENTATION_CONTEXT('2D SPACE',''
  ) );
#2264 = PCURVE('',#68,#2265);
#2265 = DEFINITIONAL_REPRESENTATION('',(#2266),#2270);
#2266 = LINE('',#2267,#2268);
#2267 = CARTESIAN_POINT('',(0.,0.));
#2268 = VECTOR('',#2269,1.);
#2269 = DIRECTION('',(1.,0.));
#2270 = ( GEOMETRIC_REPRESENTATION_CONTEXT(2) 
PARAMETRIC_REPRESENTATION_CONTEXT() REPRESENTATION_CONTEXT('2D SPACE',''
  ) );
#2271 = ORIENTED_EDGE('',*,*,#79,.T.);
#2272 = FACE_BOUND('',#2273,.F.);
#2273 = EDGE_LOOP('',(#2274));
#2274 = ORIENTED_EDGE('',*,*,#2275,.T.);
#2275 = EDGE_CURVE('',#2276,#2276,#2278,.T.);
#2276 = VERTEX_POINT('',#2277);
#2277 = CARTESIAN_POINT('',(16.875,0.,5.));
#2278 = SURFACE_CURVE('',#2279,(#2284,#2295),.PCURVE_S1.);
#2279 = CIRCLE('',#2280,1.875);
#2280 = AXIS2_PLACEMENT_3D('',#2281,#2282,#2283);
#2281 = CARTESIAN_POINT('',(15.,0.,5.));
#2282 = DIRECTION('',(0.,-1.,1.110223024625E-16));
#2283 = DIRECTION('',(1.,0.,0.));
#2284 = PCURVE('',#94,#2285);
#2285 = DEFINITIONAL_REPRESENTATION('',(#2286),#2294);
#2286 = ( BOUNDED_CURVE() B_SPLINE_CURVE(2,(#2287,#2288,#2289,#2290,
#2291,#2292,#2293),.UNSPECIFIED.,.T.,.F.) B_SPLINE_CURVE_WITH_KNOTS((1,2
    ,2,2,2,1),(-2.094395102393,0.,2.094395102393,4.188790204786,
6.28318530718,8.377580409573),.UNSPECIFIED.) CURVE() 
GEOMETRIC_REPRESENTATION_ITEM() RATIONAL_B_SPLINE_CURVE((1.,0.5,1.,0.5,
1.,0.5,1.)) REPRESENTATION_ITEM('') );
#2287 = CARTESIAN_POINT('',(17.754606769649,2.597983400572));
#2288 = CARTESIAN_POINT('',(17.754606769649,5.845578664764));
#2289 = CARTESIAN_POINT('',(20.567106769649,4.221781032668));
#2290 = CARTESIAN_POINT('',(23.379606769649,2.597983400572));
#2291 = CARTESIAN_POINT('',(20.567106769649,0.974185768476));
#2292 = CARTESIAN_POINT('',(17.754606769649,-0.64961186362));
#2293 = CARTESIAN_POINT('',(17.754606769649,2.597983400572));
#2294 = ( GEOMETRIC_REPRESENTATION_CONTEXT(2) 
PARAMETRIC_REPRESENTATION_CONTEXT() REPRESENTATION_CONTEXT('2D SPACE',''
  ) );
#2295 = PCURVE('',#2296,#2301);
#2296 = CYLINDRICAL_SURFACE('',#2297,1.875);
#2297 = AXIS2_PLACEMENT_3D('',#2298,#2299,#2300);
#2298 = CARTESIAN_POINT('',(15.,10.,5.));
#2299 = DIRECTION('',(-0.,1.,-1.110223024625E-16));
#2300 = DIRECTION('',(1.,0.,0.));
#2301 = DEFINITIONAL_REPRESENTATION('',(#2302),#2306);
#2302 = LINE('',#2303,#2304);
#2303 = CARTESIAN_POINT('',(-0.,-10.));
#2304 = VECTOR('',#2305,1.);
#2305 = DIRECTION('',(-1.,0.));
#2306 = ( GEOMETRIC_REPRESENTATION_CONTEXT(2) 
PARAMETRIC_REPRESENTATION_CONTEXT() REPRESENTATION_CONTEXT('2D SPACE',''
  ) );
#2307 = FACE_BOUND('',#2308,.F.);
#2308 = EDGE_LOOP('',(#2309));
#2309 = ORIENTED_EDGE('',*,*,#2310,.T.);
#2310 = EDGE_CURVE('',#2311,#2311,#2313,.T.);
#2311 = VERTEX_POINT('',#2312);
#2312 = CARTESIAN_POINT('',(7.125,-7.105427357601E-15,5.));
#2313 = SURFACE_CURVE('',#2314,(#2319,#2330),.PCURVE_S1.);
#2314 = CIRCLE('',#2315,2.125);
#2315 = AXIS2_PLACEMENT_3D('',#2316,#2317,#2318);
#2316 = CARTESIAN_POINT('',(5.,-7.105427357601E-15,5.));
#2317 = DIRECTION('',(0.,-1.,1.110223024625E-16));
#2318 = DIRECTION('',(1.,0.,0.));
#2319 = PCURVE('',#94,#2320);
#2320 = DEFINITIONAL_REPRESENTATION('',(#2321),#2329);
#2321 = ( BOUNDED_CURVE() B_SPLINE_CURVE(2,(#2322,#2323,#2324,#2325,
#2326,#2327,#2328),.UNSPECIFIED.,.T.,.F.) B_SPLINE_CURVE_WITH_KNOTS((1,2
    ,2,2,2,1),(-2.094395102393,0.,2.094395102393,4.188790204786,
6.28318530718,8.377580409573),.UNSPECIFIED.) CURVE() 
GEOMETRIC_REPRESENTATION_ITEM() RATIONAL_B_SPLINE_CURVE((1.,0.5,1.,0.5,
1.,0.5,1.)) REPRESENTATION_ITEM('') );
#2322 = CARTESIAN_POINT('',(27.504606769649,2.597983400572));
#2323 = CARTESIAN_POINT('',(27.504606769649,6.278591366656));
#2324 = CARTESIAN_POINT('',(30.692106769649,4.438287383614));
#2325 = CARTESIAN_POINT('',(33.879606769649,2.597983400572));
#2326 = CARTESIAN_POINT('',(30.692106769649,0.75767941753));
#2327 = CARTESIAN_POINT('',(27.504606769649,-1.082624565512));
#2328 = CARTESIAN_POINT('',(27.504606769649,2.597983400572));
#2329 = ( GEOMETRIC_REPRESENTATION_CONTEXT(2) 
PARAMETRIC_REPRESENTATION_CONTEXT() REPRESENTATION_CONTEXT('2D SPACE',''
  ) );
#2330 = PCURVE('',#1269,#2331);
#2331 = DEFINITIONAL_REPRESENTATION('',(#2332),#2336);
#2332 = LINE('',#2333,#2334);
#2333 = CARTESIAN_POINT('',(0.,12.5));
#2334 = VECTOR('',#2335,1.);
#2335 = DIRECTION('',(1.,0.));
#2336 = ( GEOMETRIC_REPRESENTATION_CONTEXT(2) 
PARAMETRIC_REPRESENTATION_CONTEXT() REPRESENTATION_CONTEXT('2D SPACE',''
  ) );
#2337 = ADVANCED_FACE('',(#2338),#68,.T.);
#2338 = FACE_BOUND('',#2339,.T.);
#2339 = EDGE_LOOP('',(#2340,#2341,#2342,#2343));
#2340 = ORIENTED_EDGE('',*,*,#2251,.F.);
#2341 = ORIENTED_EDGE('',*,*,#54,.T.);
#2342 = ORIENTED_EDGE('',*,*,#134,.T.);
#2343 = ORIENTED_EDGE('',*,*,#2344,.F.);
#2344 = EDGE_CURVE('',#2229,#135,#2345,.T.);
#2345 = SURFACE_CURVE('',#2346,(#2350,#2357),.PCURVE_S1.);
#2346 = LINE('',#2347,#2348);
#2347 = CARTESIAN_POINT('',(20.,0.,10.));
#2348 = VECTOR('',#2349,1.);
#2349 = DIRECTION('',(0.,1.,0.));
#2350 = PCURVE('',#68,#2351);
#2351 = DEFINITIONAL_REPRESENTATION('',(#2352),#2356);
#2352 = LINE('',#2353,#2354);
#2353 = CARTESIAN_POINT('',(10.,0.));
#2354 = VECTOR('',#2355,1.);
#2355 = DIRECTION('',(0.,-1.));
#2356 = ( GEOMETRIC_REPRESENTATION_CONTEXT(2) 
PARAMETRIC_REPRESENTATION_CONTEXT() REPRESENTATION_CONTEXT('2D SPACE',''
  ) );
#2357 = PCURVE('',#173,#2358);
#2358 = DEFINITIONAL_REPRESENTATION('',(#2359),#2363);
#2359 = LINE('',#2360,#2361);
#2360 = CARTESIAN_POINT('',(20.,0.));
#2361 = VECTOR('',#2362,1.);
#2362 = DIRECTION('',(0.,1.));
#2363 = ( GEOMETRIC_REPRESENTATION_CONTEXT(2) 
PARAMETRIC_REPRESENTATION_CONTEXT() REPRESENTATION_CONTEXT('2D SPACE',''
  ) );
#2364 = ADVANCED_FACE('',(#2365,#2391,#2422),#173,.T.);
#2365 = FACE_BOUND('',#2366,.T.);
#2366 = EDGE_LOOP('',(#2367,#2388,#2389,#2390));
#2367 = ORIENTED_EDGE('',*,*,#2368,.F.);
#2368 = EDGE_CURVE('',#2206,#158,#2369,.T.);
#2369 = SURFACE_CURVE('',#2370,(#2374,#2381),.PCURVE_S1.);
#2370 = LINE('',#2371,#2372);
#2371 = CARTESIAN_POINT('',(0.,0.,10.));
#2372 = VECTOR('',#2373,1.);
#2373 = DIRECTION('',(0.,1.,0.));
#2374 = PCURVE('',#173,#2375);
#2375 = DEFINITIONAL_REPRESENTATION('',(#2376),#2380);
#2376 = LINE('',#2377,#2378);
#2377 = CARTESIAN_POINT('',(0.,0.));
#2378 = VECTOR('',#2379,1.);
#2379 = DIRECTION('',(0.,1.));
#2380 = ( GEOMETRIC_REPRESENTATION_CONTEXT(2) 
PARAMETRIC_REPRESENTATION_CONTEXT() REPRESENTATION_CONTEXT('2D SPACE',''
  ) );
#2381 = PCURVE('',#201,#2382);
#2382 = DEFINITIONAL_REPRESENTATION('',(#2383),#2387);
#2383 = LINE('',#2384,#2385);
#2384 = CARTESIAN_POINT('',(10.,0.));
#2385 = VECTOR('',#2386,1.);
#2386 = DIRECTION('',(0.,-1.));
#2387 = ( GEOMETRIC_REPRESENTATION_CONTEXT(2) 
PARAMETRIC_REPRESENTATION_CONTEXT() REPRESENTATION_CONTEXT('2D SPACE',''
  ) );
#2388 = ORIENTED_EDGE('',*,*,#2228,.T.);
#2389 = ORIENTED_EDGE('',*,*,#2344,.T.);
#2390 = ORIENTED_EDGE('',*,*,#157,.F.);
#2391 = FACE_BOUND('',#2392,.T.);
#2392 = EDGE_LOOP('',(#2393));
#2393 = ORIENTED_EDGE('',*,*,#2394,.F.);
#2394 = EDGE_CURVE('',#2395,#2395,#2397,.T.);
#2395 = VERTEX_POINT('',#2396);
#2396 = CARTESIAN_POINT('',(6.875,5.,10.));
#2397 = SURFACE_CURVE('',#2398,(#2403,#2410),.PCURVE_S1.);
#2398 = CIRCLE('',#2399,1.875);
#2399 = AXIS2_PLACEMENT_3D('',#2400,#2401,#2402);
#2400 = CARTESIAN_POINT('',(5.,5.,10.));
#2401 = DIRECTION('',(0.,0.,1.));
#2402 = DIRECTION('',(1.,0.,0.));
#2403 = PCURVE('',#173,#2404);
#2404 = DEFINITIONAL_REPRESENTATION('',(#2405),#2409);
#2405 = CIRCLE('',#2406,1.875);
#2406 = AXIS2_PLACEMENT_2D('',#2407,#2408);
#2407 = CARTESIAN_POINT('',(5.,5.));
#2408 = DIRECTION('',(1.,0.));
#2409 = ( GEOMETRIC_REPRESENTATION_CONTEXT(2) 
PARAMETRIC_REPRESENTATION_CONTEXT() REPRESENTATION_CONTEXT('2D SPACE',''
  ) );
#2410 = PCURVE('',#2411,#2416);
#2411 = CYLINDRICAL_SURFACE('',#2412,1.875);
#2412 = AXIS2_PLACEMENT_3D('',#2413,#2414,#2415);
#2413 = CARTESIAN_POINT('',(5.,5.,0.));
#2414 = DIRECTION('',(-0.,-0.,-1.));
#2415 = DIRECTION('',(1.,0.,0.));
#2416 = DEFINITIONAL_REPRESENTATION('',(#2417),#2421);
#2417 = LINE('',#2418,#2419);
#2418 = CARTESIAN_POINT('',(-0.,-10.));
#2419 = VECTOR('',#2420,1.);
#2420 = DIRECTION('',(-1.,0.));
#2421 = ( GEOMETRIC_REPRESENTATION_CONTEXT(2) 
PARAMETRIC_REPRESENTATION_CONTEXT() REPRESENTATION_CONTEXT('2D SPACE',''
  ) );
#2422 = FACE_BOUND('',#2423,.T.);
#2423 = EDGE_LOOP('',(#2424));
#2424 = ORIENTED_EDGE('',*,*,#2425,.F.);
#2425 = EDGE_CURVE('',#2426,#2426,#2428,.T.);
#2426 = VERTEX_POINT('',#2427);
#2427 = CARTESIAN_POINT('',(17.125,5.,10.));
#2428 = SURFACE_CURVE('',#2429,(#2434,#2441),.PCURVE_S1.);
#2429 = CIRCLE('',#2430,2.125);
#2430 = AXIS2_PLACEMENT_3D('',#2431,#2432,#2433);
#2431 = CARTESIAN_POINT('',(15.,5.,10.));
#2432 = DIRECTION('',(0.,0.,1.));
#2433 = DIRECTION('',(1.,0.,-0.));
#2434 = PCURVE('',#173,#2435);
#2435 = DEFINITIONAL_REPRESENTATION('',(#2436),#2440);
#2436 = CIRCLE('',#2437,2.125);
#2437 = AXIS2_PLACEMENT_2D('',#2438,#2439);
#2438 = CARTESIAN_POINT('',(15.,5.));
#2439 = DIRECTION('',(1.,0.));
#2440 = ( GEOMETRIC_REPRESENTATION_CONTEXT(2) 
PARAMETRIC_REPRESENTATION_CONTEXT() REPRESENTATION_CONTEXT('2D SPACE',''
  ) );
#2441 = PCURVE('',#2442,#2447);
#2442 = CYLINDRICAL_SURFACE('',#2443,2.125);
#2443 = AXIS2_PLACEMENT_3D('',#2444,#2445,#2446);
#2444 = CARTESIAN_POINT('',(15.,5.,-2.5));
#2445 = DIRECTION('',(0.,0.,1.));
#2446 = DIRECTION('',(1.,0.,0.));
#2447 = DEFINITIONAL_REPRESENTATION('',(#2448),#2452);
#2448 = LINE('',#2449,#2450);
#2449 = CARTESIAN_POINT('',(0.,12.5));
#2450 = VECTOR('',#2451,1.);
#2451 = DIRECTION('',(1.,0.));
#2452 = ( GEOMETRIC_REPRESENTATION_CONTEXT(2) 
PARAMETRIC_REPRESENTATION_CONTEXT() REPRESENTATION_CONTEXT('2D SPACE',''
  ) );
#2453 = ADVANCED_FACE('',(#2454),#1219,.T.);
#2454 = FACE_BOUND('',#2455,.T.);
#2455 = EDGE_LOOP('',(#2456,#2457,#2458,#2459));
#2456 = ORIENTED_EDGE('',*,*,#1205,.F.);
#2457 = ORIENTED_EDGE('',*,*,#1338,.T.);
#2458 = ORIENTED_EDGE('',*,*,#1362,.T.);
#2459 = ORIENTED_EDGE('',*,*,#2460,.F.);
#2460 = EDGE_CURVE('',#1180,#1363,#2461,.T.);
#2461 = SURFACE_CURVE('',#2462,(#2465,#2472),.PCURVE_S1.);
#2462 = B_SPLINE_CURVE_WITH_KNOTS('',1,(#2463,#2464),.UNSPECIFIED.,.F.,
  .F.,(2,2),(0.,1.),.PIECEWISE_BEZIER_KNOTS.);
#2463 = CARTESIAN_POINT('',(21.90123169736,10.,2.5));
#2464 = CARTESIAN_POINT('',(21.90123169736,0.,2.5));
#2465 = PCURVE('',#1219,#2466);
#2466 = DEFINITIONAL_REPRESENTATION('',(#2467),#2471);
#2467 = LINE('',#2468,#2469);
#2468 = CARTESIAN_POINT('',(0.,1.));
#2469 = VECTOR('',#2470,1.);
#2470 = DIRECTION('',(1.,0.));
#2471 = ( GEOMETRIC_REPRESENTATION_CONTEXT(2) 
PARAMETRIC_REPRESENTATION_CONTEXT() REPRESENTATION_CONTEXT('2D SPACE',''
  ) );
#2472 = PCURVE('',#1193,#2473);
#2473 = DEFINITIONAL_REPRESENTATION('',(#2474),#2478);
#2474 = LINE('',#2475,#2476);
#2475 = CARTESIAN_POINT('',(0.,0.));
#2476 = VECTOR('',#2477,1.);
#2477 = DIRECTION('',(1.,0.));
#2478 = ( GEOMETRIC_REPRESENTATION_CONTEXT(2) 
PARAMETRIC_REPRESENTATION_CONTEXT() REPRESENTATION_CONTEXT('2D SPACE',''
  ) );
#2479 = ADVANCED_FACE('',(#2480),#201,.F.);
#2480 = FACE_BOUND('',#2481,.F.);
#2481 = EDGE_LOOP('',(#2482,#2483,#2504,#2505));
#2482 = ORIENTED_EDGE('',*,*,#2205,.F.);
#2483 = ORIENTED_EDGE('',*,*,#2484,.T.);
#2484 = EDGE_CURVE('',#2183,#186,#2485,.T.);
#2485 = SURFACE_CURVE('',#2486,(#2490,#2497),.PCURVE_S1.);
#2486 = LINE('',#2487,#2488);
#2487 = CARTESIAN_POINT('',(0.,0.,0.));
#2488 = VECTOR('',#2489,1.);
#2489 = DIRECTION('',(0.,1.,0.));
#2490 = PCURVE('',#201,#2491);
#2491 = DEFINITIONAL_REPRESENTATION('',(#2492),#2496);
#2492 = LINE('',#2493,#2494);
#2493 = CARTESIAN_POINT('',(0.,0.));
#2494 = VECTOR('',#2495,1.);
#2495 = DIRECTION('',(0.,-1.));
#2496 = ( GEOMETRIC_REPRESENTATION_CONTEXT(2) 
PARAMETRIC_REPRESENTATION_CONTEXT() REPRESENTATION_CONTEXT('2D SPACE',''
  ) );
#2497 = PCURVE('',#229,#2498);
#2498 = DEFINITIONAL_REPRESENTATION('',(#2499),#2503);
#2499 = LINE('',#2500,#2501);
#2500 = CARTESIAN_POINT('',(-5.,-35.));
#2501 = VECTOR('',#2502,1.);
#2502 = DIRECTION('',(1.,0.));
#2503 = ( GEOMETRIC_REPRESENTATION_CONTEXT(2) 
PARAMETRIC_REPRESENTATION_CONTEXT() REPRESENTATION_CONTEXT('2D SPACE',''
  ) );
#2504 = ORIENTED_EDGE('',*,*,#185,.T.);
#2505 = ORIENTED_EDGE('',*,*,#2368,.F.);
#2506 = ADVANCED_FACE('',(#2507),#1193,.T.);
#2507 = FACE_BOUND('',#2508,.T.);
#2508 = EDGE_LOOP('',(#2509,#2510,#2511,#2512));
#2509 = ORIENTED_EDGE('',*,*,#1179,.F.);
#2510 = ORIENTED_EDGE('',*,*,#2460,.T.);
#2511 = ORIENTED_EDGE('',*,*,#1383,.T.);
#2512 = ORIENTED_EDGE('',*,*,#2513,.F.);
#2513 = EDGE_CURVE('',#1154,#1384,#2514,.T.);
#2514 = SURFACE_CURVE('',#2515,(#2518,#2525),.PCURVE_S1.);
#2515 = B_SPLINE_CURVE_WITH_KNOTS('',1,(#2516,#2517),.UNSPECIFIED.,.F.,
  .F.,(2,2),(0.,1.),.PIECEWISE_BEZIER_KNOTS.);
#2516 = CARTESIAN_POINT('',(22.720164724459,10.,4.75));
#2517 = CARTESIAN_POINT('',(22.720164724459,0.,4.75));
#2518 = PCURVE('',#1193,#2519);
#2519 = DEFINITIONAL_REPRESENTATION('',(#2520),#2524);
#2520 = LINE('',#2521,#2522);
#2521 = CARTESIAN_POINT('',(0.,1.));
#2522 = VECTOR('',#2523,1.);
#2523 = DIRECTION('',(1.,0.));
#2524 = ( GEOMETRIC_REPRESENTATION_CONTEXT(2) 
PARAMETRIC_REPRESENTATION_CONTEXT() REPRESENTATION_CONTEXT('2D SPACE',''
  ) );
#2525 = PCURVE('',#1167,#2526);
#2526 = DEFINITIONAL_REPRESENTATION('',(#2527),#2531);
#2527 = LINE('',#2528,#2529);
#2528 = CARTESIAN_POINT('',(0.,0.));
#2529 = VECTOR('',#2530,1.);
#2530 = DIRECTION('',(1.,0.));
#2531 = ( GEOMETRIC_REPRESENTATION_CONTEXT(2) 
PARAMETRIC_REPRESENTATION_CONTEXT() REPRESENTATION_CONTEXT('2D SPACE',''
  ) );
#2532 = ADVANCED_FACE('',(#2533,#2559,#2594,#2624),#229,.T.);
#2533 = FACE_BOUND('',#2534,.T.);
#2534 = EDGE_LOOP('',(#2535,#2536,#2557,#2558));
#2535 = ORIENTED_EDGE('',*,*,#213,.F.);
#2536 = ORIENTED_EDGE('',*,*,#2537,.T.);
#2537 = EDGE_CURVE('',#214,#2160,#2538,.T.);
#2538 = SURFACE_CURVE('',#2539,(#2543,#2550),.PCURVE_S1.);
#2539 = LINE('',#2540,#2541);
#2540 = CARTESIAN_POINT('',(50.,10.,0.));
#2541 = VECTOR('',#2542,1.);
#2542 = DIRECTION('',(0.,-1.,1.110223024625E-16));
#2543 = PCURVE('',#229,#2544);
#2544 = DEFINITIONAL_REPRESENTATION('',(#2545),#2549);
#2545 = LINE('',#2546,#2547);
#2546 = CARTESIAN_POINT('',(5.,15.));
#2547 = VECTOR('',#2548,1.);
#2548 = DIRECTION('',(-1.,0.));
#2549 = ( GEOMETRIC_REPRESENTATION_CONTEXT(2) 
PARAMETRIC_REPRESENTATION_CONTEXT() REPRESENTATION_CONTEXT('2D SPACE',''
  ) );
#2550 = PCURVE('',#257,#2551);
#2551 = DEFINITIONAL_REPRESENTATION('',(#2552),#2556);
#2552 = LINE('',#2553,#2554);
#2553 = CARTESIAN_POINT('',(5.,1.25));
#2554 = VECTOR('',#2555,1.);
#2555 = DIRECTION('',(-1.,0.));
#2556 = ( GEOMETRIC_REPRESENTATION_CONTEXT(2) 
PARAMETRIC_REPRESENTATION_CONTEXT() REPRESENTATION_CONTEXT('2D SPACE',''
  ) );
#2557 = ORIENTED_EDGE('',*,*,#2182,.F.);
#2558 = ORIENTED_EDGE('',*,*,#2484,.T.);
#2559 = FACE_BOUND('',#2560,.T.);
#2560 = EDGE_LOOP('',(#2561));
#2561 = ORIENTED_EDGE('',*,*,#2562,.T.);
#2562 = EDGE_CURVE('',#2563,#2563,#2565,.T.);
#2563 = VERTEX_POINT('',#2564);
#2564 = CARTESIAN_POINT('',(6.875,5.,0.));
#2565 = SURFACE_CURVE('',#2566,(#2571,#2582),.PCURVE_S1.);
#2566 = CIRCLE('',#2567,1.875);
#2567 = AXIS2_PLACEMENT_3D('',#2568,#2569,#2570);
#2568 = CARTESIAN_POINT('',(5.,5.,0.));
#2569 = DIRECTION('',(0.,0.,1.));
#2570 = DIRECTION('',(1.,0.,0.));
#2571 = PCURVE('',#229,#2572);
#2572 = DEFINITIONAL_REPRESENTATION('',(#2573),#2581);
#2573 = ( BOUNDED_CURVE() B_SPLINE_CURVE(2,(#2574,#2575,#2576,#2577,
#2578,#2579,#2580),.UNSPECIFIED.,.T.,.F.) B_SPLINE_CURVE_WITH_KNOTS((1,2
    ,2,2,2,1),(-2.094395102393,0.,2.094395102393,4.188790204786,
6.28318530718,8.377580409573),.UNSPECIFIED.) CURVE() 
GEOMETRIC_REPRESENTATION_ITEM() RATIONAL_B_SPLINE_CURVE((1.,0.5,1.,0.5,
1.,0.5,1.)) REPRESENTATION_ITEM('') );
#2574 = CARTESIAN_POINT('',(0.,-28.125));
#2575 = CARTESIAN_POINT('',(3.247595264192,-28.125));
#2576 = CARTESIAN_POINT('',(1.623797632096,-30.9375));
#2577 = CARTESIAN_POINT('',(4.592425496803E-16,-33.75));
#2578 = CARTESIAN_POINT('',(-1.623797632096,-30.9375));
#2579 = CARTESIAN_POINT('',(-3.247595264192,-28.125));
#2580 = CARTESIAN_POINT('',(0.,-28.125));
#2581 = ( GEOMETRIC_REPRESENTATION_CONTEXT(2) 
PARAMETRIC_REPRESENTATION_CONTEXT() REPRESENTATION_CONTEXT('2D SPACE',''
  ) );
#2582 = PCURVE('',#2583,#2588);
#2583 = CYLINDRICAL_SURFACE('',#2584,1.875);
#2584 = AXIS2_PLACEMENT_3D('',#2585,#2586,#2587);
#2585 = CARTESIAN_POINT('',(5.,5.,0.));
#2586 = DIRECTION('',(-0.,-0.,-1.));
#2587 = DIRECTION('',(1.,0.,0.));
#2588 = DEFINITIONAL_REPRESENTATION('',(#2589),#2593);
#2589 = LINE('',#2590,#2591);
#2590 = CARTESIAN_POINT('',(-0.,0.));
#2591 = VECTOR('',#2592,1.);
#2592 = DIRECTION('',(-1.,0.));
#2593 = ( GEOMETRIC_REPRESENTATION_CONTEXT(2) 
PARAMETRIC_REPRESENTATION_CONTEXT() REPRESENTATION_CONTEXT('2D SPACE',''
  ) );
#2594 = FACE_BOUND('',#2595,.T.);
#2595 = EDGE_LOOP('',(#2596));
#2596 = ORIENTED_EDGE('',*,*,#2597,.T.);
#2597 = EDGE_CURVE('',#2598,#2598,#2600,.T.);
#2598 = VERTEX_POINT('',#2599);
#2599 = CARTESIAN_POINT('',(17.125,5.,4.440892098501E-16));
#2600 = SURFACE_CURVE('',#2601,(#2606,#2617),.PCURVE_S1.);
#2601 = CIRCLE('',#2602,2.125);
#2602 = AXIS2_PLACEMENT_3D('',#2603,#2604,#2605);
#2603 = CARTESIAN_POINT('',(15.,5.,4.440892098501E-16));
#2604 = DIRECTION('',(0.,0.,1.));
#2605 = DIRECTION('',(1.,0.,-0.));
#2606 = PCURVE('',#229,#2607);
#2607 = DEFINITIONAL_REPRESENTATION('',(#2608),#2616);
#2608 = ( BOUNDED_CURVE() B_SPLINE_CURVE(2,(#2609,#2610,#2611,#2612,
#2613,#2614,#2615),.UNSPECIFIED.,.T.,.F.) B_SPLINE_CURVE_WITH_KNOTS((1,2
    ,2,2,2,1),(-2.094395102393,0.,2.094395102393,4.188790204786,
6.28318530718,8.377580409573),.UNSPECIFIED.) CURVE() 
GEOMETRIC_REPRESENTATION_ITEM() RATIONAL_B_SPLINE_CURVE((1.,0.5,1.,0.5,
1.,0.5,1.)) REPRESENTATION_ITEM('') );
#2609 = CARTESIAN_POINT('',(0.,-17.875));
#2610 = CARTESIAN_POINT('',(3.680607966084,-17.875));
#2611 = CARTESIAN_POINT('',(1.840303983042,-21.0625));
#2612 = CARTESIAN_POINT('',(5.204748896376E-16,-24.25));
#2613 = CARTESIAN_POINT('',(-1.840303983042,-21.0625));
#2614 = CARTESIAN_POINT('',(-3.680607966084,-17.875));
#2615 = CARTESIAN_POINT('',(0.,-17.875));
#2616 = ( GEOMETRIC_REPRESENTATION_CONTEXT(2) 
PARAMETRIC_REPRESENTATION_CONTEXT() REPRESENTATION_CONTEXT('2D SPACE',''
  ) );
#2617 = PCURVE('',#2442,#2618);
#2618 = DEFINITIONAL_REPRESENTATION('',(#2619),#2623);
#2619 = LINE('',#2620,#2621);
#2620 = CARTESIAN_POINT('',(0.,2.5));
#2621 = VECTOR('',#2622,1.);
#2622 = DIRECTION('',(1.,0.));
#2623 = ( GEOMETRIC_REPRESENTATION_CONTEXT(2) 
PARAMETRIC_REPRESENTATION_CONTEXT() REPRESENTATION_CONTEXT('2D SPACE',''
  ) );
#2624 = FACE_BOUND('',#2625,.T.);
#2625 = EDGE_LOOP('',(#2626));
#2626 = ORIENTED_EDGE('',*,*,#2627,.T.);
#2627 = EDGE_CURVE('',#2628,#2628,#2630,.T.);
#2628 = VERTEX_POINT('',#2629);
#2629 = CARTESIAN_POINT('',(26.875,5.,0.));
#2630 = SURFACE_CURVE('',#2631,(#2636,#2647),.PCURVE_S1.);
#2631 = CIRCLE('',#2632,1.875);
#2632 = AXIS2_PLACEMENT_3D('',#2633,#2634,#2635);
#2633 = CARTESIAN_POINT('',(25.,5.,0.));
#2634 = DIRECTION('',(0.,0.,1.));
#2635 = DIRECTION('',(1.,0.,0.));
#2636 = PCURVE('',#229,#2637);
#2637 = DEFINITIONAL_REPRESENTATION('',(#2638),#2646);
#2638 = ( BOUNDED_CURVE() B_SPLINE_CURVE(2,(#2639,#2640,#2641,#2642,
#2643,#2644,#2645),.UNSPECIFIED.,.T.,.F.) B_SPLINE_CURVE_WITH_KNOTS((1,2
    ,2,2,2,1),(-2.094395102393,0.,2.094395102393,4.188790204786,
6.28318530718,8.377580409573),.UNSPECIFIED.) CURVE() 
GEOMETRIC_REPRESENTATION_ITEM() RATIONAL_B_SPLINE_CURVE((1.,0.5,1.,0.5,
1.,0.5,1.)) REPRESENTATION_ITEM('') );
#2639 = CARTESIAN_POINT('',(0.,-8.125));
#2640 = CARTESIAN_POINT('',(3.247595264192,-8.125));
#2641 = CARTESIAN_POINT('',(1.623797632096,-10.9375));
#2642 = CARTESIAN_POINT('',(4.592425496803E-16,-13.75));
#2643 = CARTESIAN_POINT('',(-1.623797632096,-10.9375));
#2644 = CARTESIAN_POINT('',(-3.247595264192,-8.125));
#2645 = CARTESIAN_POINT('',(0.,-8.125));
#2646 = ( GEOMETRIC_REPRESENTATION_CONTEXT(2) 
PARAMETRIC_REPRESENTATION_CONTEXT() REPRESENTATION_CONTEXT('2D SPACE',''
  ) );
#2647 = PCURVE('',#2648,#2653);
#2648 = CYLINDRICAL_SURFACE('',#2649,1.875);
#2649 = AXIS2_PLACEMENT_3D('',#2650,#2651,#2652);
#2650 = CARTESIAN_POINT('',(25.,5.,0.));
#2651 = DIRECTION('',(-0.,-0.,-1.));
#2652 = DIRECTION('',(1.,0.,0.));
#2653 = DEFINITIONAL_REPRESENTATION('',(#2654),#2658);
#2654 = LINE('',#2655,#2656);
#2655 = CARTESIAN_POINT('',(-0.,0.));
#2656 = VECTOR('',#2657,1.);
#2657 = DIRECTION('',(-1.,0.));
#2658 = ( GEOMETRIC_REPRESENTATION_CONTEXT(2) 
PARAMETRIC_REPRESENTATION_CONTEXT() REPRESENTATION_CONTEXT('2D SPACE',''
  ) );
#2659 = ADVANCED_FACE('',(#2660),#1167,.T.);
#2660 = FACE_BOUND('',#2661,.T.);
#2661 = EDGE_LOOP('',(#2662,#2663,#2664,#2665,#2687,#2812));
#2662 = ORIENTED_EDGE('',*,*,#1153,.F.);
#2663 = ORIENTED_EDGE('',*,*,#2513,.T.);
#2664 = ORIENTED_EDGE('',*,*,#1404,.T.);
#2665 = ORIENTED_EDGE('',*,*,#2666,.F.);
#2666 = EDGE_CURVE('',#2667,#1405,#2669,.T.);
#2667 = VERTEX_POINT('',#2668);
#2668 = CARTESIAN_POINT('',(23.563020582721,3.79554362706,4.75));
#2669 = SURFACE_CURVE('',#2670,(#2673,#2680),.PCURVE_S1.);
#2670 = B_SPLINE_CURVE_WITH_KNOTS('',1,(#2671,#2672),.UNSPECIFIED.,.F.,
  .F.,(2,2),(0.,1.),.PIECEWISE_BEZIER_KNOTS.);
#2671 = CARTESIAN_POINT('',(23.563020582721,10.,4.75));
#2672 = CARTESIAN_POINT('',(23.563020582721,0.,4.75));
#2673 = PCURVE('',#1167,#2674);
#2674 = DEFINITIONAL_REPRESENTATION('',(#2675),#2679);
#2675 = LINE('',#2676,#2677);
#2676 = CARTESIAN_POINT('',(0.,1.));
#2677 = VECTOR('',#2678,1.);
#2678 = DIRECTION('',(1.,0.));
#2679 = ( GEOMETRIC_REPRESENTATION_CONTEXT(2) 
PARAMETRIC_REPRESENTATION_CONTEXT() REPRESENTATION_CONTEXT('2D SPACE',''
  ) );
#2680 = PCURVE('',#1439,#2681);
#2681 = DEFINITIONAL_REPRESENTATION('',(#2682),#2686);
#2682 = LINE('',#2683,#2684);
#2683 = CARTESIAN_POINT('',(0.,0.));
#2684 = VECTOR('',#2685,1.);
#2685 = DIRECTION('',(1.,0.));
#2686 = ( GEOMETRIC_REPRESENTATION_CONTEXT(2) 
PARAMETRIC_REPRESENTATION_CONTEXT() REPRESENTATION_CONTEXT('2D SPACE',''
  ) );
#2687 = ORIENTED_EDGE('',*,*,#2688,.T.);
#2688 = EDGE_CURVE('',#2667,#2689,#2691,.T.);
#2689 = VERTEX_POINT('',#2690);
#2690 = CARTESIAN_POINT('',(23.563020582721,6.20445637294,4.75));
#2691 = SURFACE_CURVE('',#2692,(#2730,#2771),.PCURVE_S1.);
#2692 = B_SPLINE_CURVE_WITH_KNOTS('',6,(#2693,#2694,#2695,#2696,#2697,
    #2698,#2699,#2700,#2701,#2702,#2703,#2704,#2705,#2706,#2707,#2708,
    #2709,#2710,#2711,#2712,#2713,#2714,#2715,#2716,#2717,#2718,#2719,
    #2720,#2721,#2722,#2723,#2724,#2725,#2726,#2727,#2728,#2729),
  .UNSPECIFIED.,.F.,.F.,(7,5,5,5,5,5,5,7),(0.,0.218511120205,
    0.317514112215,0.501489356574,0.623777998085,0.682575008205,
    0.78157202113,1.),.UNSPECIFIED.);
#2693 = CARTESIAN_POINT('',(23.563020582721,3.79554362706,4.75));
#2694 = CARTESIAN_POINT('',(23.508320407197,3.860803795975,4.75));
#2695 = CARTESIAN_POINT('',(23.456085815055,3.930346457704,4.75));
#2696 = CARTESIAN_POINT('',(23.40668846342,4.004269216871,4.75));
#2697 = CARTESIAN_POINT('',(23.360606178803,4.082599127573,4.75));
#2698 = CARTESIAN_POINT('',(23.318401854976,4.165255573688,4.75));
#2699 = CARTESIAN_POINT('',(23.263573751341,4.291279149691,4.75));
#2700 = CARTESIAN_POINT('',(23.247397585104,4.331406430314,4.75));
#2701 = CARTESIAN_POINT('',(23.232197259235,4.372338701983,4.75));
#2702 = CARTESIAN_POINT('',(23.218030656506,4.414039149368,4.75));
#2703 = CARTESIAN_POINT('',(23.204954808848,4.45645975793,4.75));
#2704 = CARTESIAN_POINT('',(23.170851524195,4.579594055482,4.75));
#2705 = CARTESIAN_POINT('',(23.152624652297,4.661949926153,4.75));
#2706 = CARTESIAN_POINT('',(23.138704616002,4.746171621879,4.75));
#2707 = CARTESIAN_POINT('',(23.129375904248,4.831726695498,4.75));
#2708 = CARTESIAN_POINT('',(23.12481221142,4.917979651068,4.75));
#2709 = CARTESIAN_POINT('',(23.125132602202,5.061487580601,4.75));
#2710 = CARTESIAN_POINT('',(23.127361997003,5.118783355377,4.75));
#2711 = CARTESIAN_POINT('',(23.13169203006,5.175863874606,4.75));
#2712 = CARTESIAN_POINT('',(23.13808898754,5.232535018431,4.75));
#2713 = CARTESIAN_POINT('',(23.146491755138,5.288618343009,4.75));
#2714 = CARTESIAN_POINT('',(23.161781881621,5.370555786428,4.75));
#2715 = CARTESIAN_POINT('',(23.167191163281,5.396987638088,4.75));
#2716 = CARTESIAN_POINT('',(23.173035961789,5.4232296833,4.75));
#2717 = CARTESIAN_POINT('',(23.179306356551,5.449266159583,4.75));
#2718 = CARTESIAN_POINT('',(23.18599169386,5.475082791357,4.75));
#2719 = CARTESIAN_POINT('',(23.205016214816,5.543742780259,4.75));
#2720 = CARTESIAN_POINT('',(23.218096050829,5.586159358804,4.75));
#2721 = CARTESIAN_POINT('',(23.232266400629,5.627855655376,4.75));
#2722 = CARTESIAN_POINT('',(23.247470233613,5.668783687526,4.75));
#2723 = CARTESIAN_POINT('',(23.26364967255,5.708906668467,4.75));
#2724 = CARTESIAN_POINT('',(23.318475466641,5.834888582273,4.75));
#2725 = CARTESIAN_POINT('',(23.360670478814,5.917510158988,4.75));
#2726 = CARTESIAN_POINT('',(23.406740152397,5.995808131654,4.75));
#2727 = CARTESIAN_POINT('',(23.45612225131,6.06970205109,4.75));
#2728 = CARTESIAN_POINT('',(23.508339486736,6.139218966912,4.75));
#2729 = CARTESIAN_POINT('',(23.563020582721,6.20445637294,4.75));
#2730 = PCURVE('',#1167,#2731);
#2731 = DEFINITIONAL_REPRESENTATION('',(#2732),#2770);
#2732 = B_SPLINE_CURVE_WITH_KNOTS('',6,(#2733,#2734,#2735,#2736,#2737,
    #2738,#2739,#2740,#2741,#2742,#2743,#2744,#2745,#2746,#2747,#2748,
    #2749,#2750,#2751,#2752,#2753,#2754,#2755,#2756,#2757,#2758,#2759,
    #2760,#2761,#2762,#2763,#2764,#2765,#2766,#2767,#2768,#2769),
  .UNSPECIFIED.,.F.,.F.,(7,5,5,5,5,5,5,7),(0.,0.218511120205,
    0.317514112215,0.501489356574,0.623777998085,0.682575008205,
    0.78157202113,1.),.UNSPECIFIED.);
#2733 = CARTESIAN_POINT('',(0.620445637294,1.));
#2734 = CARTESIAN_POINT('',(0.613919620402,0.935101387755));
#2735 = CARTESIAN_POINT('',(0.60696535423,0.873128048387));
#2736 = CARTESIAN_POINT('',(0.599573078313,0.814520931701));
#2737 = CARTESIAN_POINT('',(0.591740087243,0.759846951369));
#2738 = CARTESIAN_POINT('',(0.583474442631,0.709773948479));
#2739 = CARTESIAN_POINT('',(0.570872085031,0.644723556887));
#2740 = CARTESIAN_POINT('',(0.566859356969,0.625531466));
#2741 = CARTESIAN_POINT('',(0.562766129802,0.607497153585));
#2742 = CARTESIAN_POINT('',(0.558596085063,0.590689294221));
#2743 = CARTESIAN_POINT('',(0.554354024207,0.575175553017));
#2744 = CARTESIAN_POINT('',(0.542040594452,0.534713967184));
#2745 = CARTESIAN_POINT('',(0.533805007385,0.513088831974));
#2746 = CARTESIAN_POINT('',(0.525382837812,0.496573509504));
#2747 = CARTESIAN_POINT('',(0.51682733045,0.485505529538));
#2748 = CARTESIAN_POINT('',(0.508202034893,0.480090970472));
#2749 = CARTESIAN_POINT('',(0.49385124194,0.480471095708));
#2750 = CARTESIAN_POINT('',(0.488121664462,0.483116144419));
#2751 = CARTESIAN_POINT('',(0.482413612539,0.488253479604));
#2752 = CARTESIAN_POINT('',(0.476746498157,0.495843101741));
#2753 = CARTESIAN_POINT('',(0.471138165699,0.505812502221));
#2754 = CARTESIAN_POINT('',(0.462944421357,0.5239533579));
#2755 = CARTESIAN_POINT('',(0.460301236191,0.530371159482));
#2756 = CARTESIAN_POINT('',(0.45767703167,0.537305676754));
#2757 = CARTESIAN_POINT('',(0.455073384042,0.544745139505));
#2758 = CARTESIAN_POINT('',(0.452491720864,0.552676907724));
#2759 = CARTESIAN_POINT('',(0.445625721974,0.575248407667));
#2760 = CARTESIAN_POINT('',(0.44138406412,0.590766880825));
#2761 = CARTESIAN_POINT('',(0.437214434462,0.607579185872));
#2762 = CARTESIAN_POINT('',(0.433121631247,0.625617659278));
#2763 = CARTESIAN_POINT('',(0.429109333153,0.644813633036));
#2764 = CARTESIAN_POINT('',(0.416511141773,0.709861284485));
#2765 = CARTESIAN_POINT('',(0.408248984101,0.759923239635));
#2766 = CARTESIAN_POINT('',(0.400419186835,0.814582257699));
#2767 = CARTESIAN_POINT('',(0.393029794891,0.873171277908));
#2768 = CARTESIAN_POINT('',(0.386078103309,0.93512402453));
#2769 = CARTESIAN_POINT('',(0.379554362706,1.));
#2770 = ( GEOMETRIC_REPRESENTATION_CONTEXT(2) 
PARAMETRIC_REPRESENTATION_CONTEXT() REPRESENTATION_CONTEXT('2D SPACE',''
  ) );
#2771 = PCURVE('',#2648,#2772);
#2772 = DEFINITIONAL_REPRESENTATION('',(#2773),#2811);
#2773 = B_SPLINE_CURVE_WITH_KNOTS('',6,(#2774,#2775,#2776,#2777,#2778,
    #2779,#2780,#2781,#2782,#2783,#2784,#2785,#2786,#2787,#2788,#2789,
    #2790,#2791,#2792,#2793,#2794,#2795,#2796,#2797,#2798,#2799,#2800,
    #2801,#2802,#2803,#2804,#2805,#2806,#2807,#2808,#2809,#2810),
  .UNSPECIFIED.,.F.,.F.,(7,5,5,5,5,5,5,7),(0.,0.218511120205,
    0.317514112215,0.501489356574,0.623777998085,0.682575008205,
    0.78157202113,1.),.UNSPECIFIED.);
#2774 = CARTESIAN_POINT('',(-3.839188112585,-4.75));
#2775 = CARTESIAN_POINT('',(-3.79377328748,-4.75));
#2776 = CARTESIAN_POINT('',(-3.747452770619,-4.75));
#2777 = CARTESIAN_POINT('',(-3.700145215083,-4.75));
#2778 = CARTESIAN_POINT('',(-3.65180162326,-4.75));
#2779 = CARTESIAN_POINT('',(-3.602398410818,-4.75));
#2780 = CARTESIAN_POINT('',(-3.529100358395,-4.75));
#2781 = CARTESIAN_POINT('',(-3.506034155543,-4.75));
#2782 = CARTESIAN_POINT('',(-3.482760445224,-4.75));
#2783 = CARTESIAN_POINT('',(-3.459285984029,-4.75));
#2784 = CARTESIAN_POINT('',(-3.435621071906,-4.75));
#2785 = CARTESIAN_POINT('',(-3.367477246474,-4.75));
#2786 = CARTESIAN_POINT('',(-3.322552975197,-4.75));
#2787 = CARTESIAN_POINT('',(-3.277126154354,-4.75));
#2788 = CARTESIAN_POINT('',(-3.231332957945,-4.75));
#2789 = CARTESIAN_POINT('',(-3.185336952414,-4.75));
#2790 = CARTESIAN_POINT('',(-3.108799199252,-4.75));
#2791 = CARTESIAN_POINT('',(-3.078238899884,-4.75));
#2792 = CARTESIAN_POINT('',(-3.047739428036,-4.75));
#2793 = CARTESIAN_POINT('',(-3.017353230238,-4.75));
#2794 = CARTESIAN_POINT('',(-2.987127582689,-4.75));
#2795 = CARTESIAN_POINT('',(-2.942673257239,-4.75));
#2796 = CARTESIAN_POINT('',(-2.928286276442,-4.75));
#2797 = CARTESIAN_POINT('',(-2.913950767272,-4.75));
#2798 = CARTESIAN_POINT('',(-2.899670749322,-4.75));
#2799 = CARTESIAN_POINT('',(-2.885449760357,-4.75));
#2800 = CARTESIAN_POINT('',(-2.847451392304,-4.75));
#2801 = CARTESIAN_POINT('',(-2.823787905726,-4.75));
#2802 = CARTESIAN_POINT('',(-2.800314895052,-4.75));
#2803 = CARTESIAN_POINT('',(-2.777042650492,-4.75));
#2804 = CARTESIAN_POINT('',(-2.753977920122,-4.75));
#2805 = CARTESIAN_POINT('',(-2.680700733754,-4.75));
#2806 = CARTESIAN_POINT('',(-2.631316233152,-4.75));
#2807 = CARTESIAN_POINT('',(-2.58299059125,-4.75));
#2808 = CARTESIAN_POINT('',(-2.535700226021,-4.75));
#2809 = CARTESIAN_POINT('',(-2.489396178911,-4.75));
#2810 = CARTESIAN_POINT('',(-2.443997194594,-4.75));
#2811 = ( GEOMETRIC_REPRESENTATION_CONTEXT(2) 
PARAMETRIC_REPRESENTATION_CONTEXT() REPRESENTATION_CONTEXT('2D SPACE',''
  ) );
#2812 = ORIENTED_EDGE('',*,*,#2813,.F.);
#2813 = EDGE_CURVE('',#1128,#2689,#2814,.T.);
#2814 = SURFACE_CURVE('',#2815,(#2818,#2825),.PCURVE_S1.);
#2815 = B_SPLINE_CURVE_WITH_KNOTS('',1,(#2816,#2817),.UNSPECIFIED.,.F.,
  .F.,(2,2),(0.,1.),.PIECEWISE_BEZIER_KNOTS.);
#2816 = CARTESIAN_POINT('',(23.563020582721,10.,4.75));
#2817 = CARTESIAN_POINT('',(23.563020582721,0.,4.75));
#2818 = PCURVE('',#1167,#2819);
#2819 = DEFINITIONAL_REPRESENTATION('',(#2820),#2824);
#2820 = LINE('',#2821,#2822);
#2821 = CARTESIAN_POINT('',(0.,1.));
#2822 = VECTOR('',#2823,1.);
#2823 = DIRECTION('',(1.,0.));
#2824 = ( GEOMETRIC_REPRESENTATION_CONTEXT(2) 
PARAMETRIC_REPRESENTATION_CONTEXT() REPRESENTATION_CONTEXT('2D SPACE',''
  ) );
#2825 = PCURVE('',#1141,#2826);
#2826 = DEFINITIONAL_REPRESENTATION('',(#2827),#2831);
#2827 = LINE('',#2828,#2829);
#2828 = CARTESIAN_POINT('',(0.,0.));
#2829 = VECTOR('',#2830,1.);
#2830 = DIRECTION('',(1.,0.));
#2831 = ( GEOMETRIC_REPRESENTATION_CONTEXT(2) 
PARAMETRIC_REPRESENTATION_CONTEXT() REPRESENTATION_CONTEXT('2D SPACE',''
  ) );
#2832 = ADVANCED_FACE('',(#2833),#257,.F.);
#2833 = FACE_BOUND('',#2834,.F.);
#2834 = EDGE_LOOP('',(#2835,#2853,#2854,#2855));
#2835 = ORIENTED_EDGE('',*,*,#2836,.T.);
#2836 = EDGE_CURVE('',#2139,#242,#2837,.T.);
#2837 = SURFACE_CURVE('',#2838,(#2841,#2847),.PCURVE_S1.);
#2838 = B_SPLINE_CURVE_WITH_KNOTS('',1,(#2839,#2840),.UNSPECIFIED.,.F.,
  .F.,(2,2),(0.,1.),.PIECEWISE_BEZIER_KNOTS.);
#2839 = CARTESIAN_POINT('',(50.,0.,2.5));
#2840 = CARTESIAN_POINT('',(50.,10.,2.5));
#2841 = PCURVE('',#257,#2842);
#2842 = DEFINITIONAL_REPRESENTATION('',(#2843),#2846);
#2843 = B_SPLINE_CURVE_WITH_KNOTS('',1,(#2844,#2845),.UNSPECIFIED.,.F.,
  .F.,(2,2),(0.,1.),.PIECEWISE_BEZIER_KNOTS.);
#2844 = CARTESIAN_POINT('',(-5.,-1.25));
#2845 = CARTESIAN_POINT('',(5.,-1.25));
#2846 = ( GEOMETRIC_REPRESENTATION_CONTEXT(2) 
PARAMETRIC_REPRESENTATION_CONTEXT() REPRESENTATION_CONTEXT('2D SPACE',''
  ) );
#2847 = PCURVE('',#283,#2848);
#2848 = DEFINITIONAL_REPRESENTATION('',(#2849),#2852);
#2849 = B_SPLINE_CURVE_WITH_KNOTS('',1,(#2850,#2851),.UNSPECIFIED.,.F.,
  .F.,(2,2),(0.,1.),.PIECEWISE_BEZIER_KNOTS.);
#2850 = CARTESIAN_POINT('',(1.,0.734342029778));
#2851 = CARTESIAN_POINT('',(0.,0.734342029778));
#2852 = ( GEOMETRIC_REPRESENTATION_CONTEXT(2) 
PARAMETRIC_REPRESENTATION_CONTEXT() REPRESENTATION_CONTEXT('2D SPACE',''
  ) );
#2853 = ORIENTED_EDGE('',*,*,#241,.T.);
#2854 = ORIENTED_EDGE('',*,*,#2537,.T.);
#2855 = ORIENTED_EDGE('',*,*,#2159,.T.);
#2856 = ADVANCED_FACE('',(#2857),#1141,.T.);
#2857 = FACE_BOUND('',#2858,.T.);
#2858 = EDGE_LOOP('',(#2859,#2860,#2861,#2917));
#2859 = ORIENTED_EDGE('',*,*,#1127,.F.);
#2860 = ORIENTED_EDGE('',*,*,#2813,.T.);
#2861 = ORIENTED_EDGE('',*,*,#2862,.T.);
#2862 = EDGE_CURVE('',#2689,#2863,#2865,.T.);
#2863 = VERTEX_POINT('',#2864);
#2864 = CARTESIAN_POINT('',(24.38195360982,6.770210060864,2.5));
#2865 = SURFACE_CURVE('',#2866,(#2881,#2899),.PCURVE_S1.);
#2866 = B_SPLINE_CURVE_WITH_KNOTS('',7,(#2867,#2868,#2869,#2870,#2871,
    #2872,#2873,#2874,#2875,#2876,#2877,#2878,#2879,#2880),
  .UNSPECIFIED.,.F.,.F.,(8,6,8),(0.,0.347976057789,1.),.UNSPECIFIED.);
#2867 = CARTESIAN_POINT('',(23.563020582721,6.20445637294,4.75));
#2868 = CARTESIAN_POINT('',(23.602518623768,6.251579600715,
    4.641480024112));
#2869 = CARTESIAN_POINT('',(23.642301143376,6.295380611262,
    4.532178449797));
#2870 = CARTESIAN_POINT('',(23.682309604077,6.336293674571,
    4.422256107435));
#2871 = CARTESIAN_POINT('',(23.722501927401,6.374618285544,
    4.311828606666));
#2872 = CARTESIAN_POINT('',(23.762847191028,6.410584377199,4.20098090587
    ));
#2873 = CARTESIAN_POINT('',(23.803323026192,6.444384862776,
    4.089774462724));
#2874 = CARTESIAN_POINT('',(23.919976710388,6.535743573463,3.7692710995)
  );
#2875 = CARTESIAN_POINT('',(23.996432535013,6.588244524453,
    3.559210447757));
#2876 = CARTESIAN_POINT('',(24.073179618889,6.634707070169,
    3.348349567798));
#2877 = CARTESIAN_POINT('',(24.150148064377,6.675731508106,3.13688050181
    ));
#2878 = CARTESIAN_POINT('',(24.227286285537,6.711781466192,
    2.924944980994));
#2879 = CARTESIAN_POINT('',(24.304560913092,6.743189382417,
    2.712634686692));
#2880 = CARTESIAN_POINT('',(24.38195360982,6.770210060864,2.5));
#2881 = PCURVE('',#1141,#2882);
#2882 = DEFINITIONAL_REPRESENTATION('',(#2883),#2898);
#2883 = B_SPLINE_CURVE_WITH_KNOTS('',7,(#2884,#2885,#2886,#2887,#2888,
    #2889,#2890,#2891,#2892,#2893,#2894,#2895,#2896,#2897),
  .UNSPECIFIED.,.F.,.F.,(8,6,8),(0.,0.347976057789,1.),.UNSPECIFIED.);
#2884 = CARTESIAN_POINT('',(0.379554362706,0.));
#2885 = CARTESIAN_POINT('',(0.374842039928,4.823110039474E-02));
#2886 = CARTESIAN_POINT('',(0.370461938874,9.68095778678E-02));
#2887 = CARTESIAN_POINT('',(0.366370632543,0.145663952251));
#2888 = CARTESIAN_POINT('',(0.362538171446,0.194742841482));
#2889 = CARTESIAN_POINT('',(0.35894156228,0.24400848628));
#2890 = CARTESIAN_POINT('',(0.355561513722,0.293433572123));
#2891 = CARTESIAN_POINT('',(0.346425642654,0.435879511333));
#2892 = CARTESIAN_POINT('',(0.341175547555,0.529239800997));
#2893 = CARTESIAN_POINT('',(0.336529292983,0.622955747646));
#2894 = CARTESIAN_POINT('',(0.332426849189,0.716941999195));
#2895 = CARTESIAN_POINT('',(0.328821853381,0.811135564003));
#2896 = CARTESIAN_POINT('',(0.325681061758,0.905495694804));
#2897 = CARTESIAN_POINT('',(0.322978993914,1.));
#2898 = ( GEOMETRIC_REPRESENTATION_CONTEXT(2) 
PARAMETRIC_REPRESENTATION_CONTEXT() REPRESENTATION_CONTEXT('2D SPACE',''
  ) );
#2899 = PCURVE('',#2648,#2900);
#2900 = DEFINITIONAL_REPRESENTATION('',(#2901),#2916);
#2901 = B_SPLINE_CURVE_WITH_KNOTS('',7,(#2902,#2903,#2904,#2905,#2906,
    #2907,#2908,#2909,#2910,#2911,#2912,#2913,#2914,#2915),
  .UNSPECIFIED.,.F.,.F.,(8,6,8),(0.,0.347976057789,1.),.UNSPECIFIED.);
#2902 = CARTESIAN_POINT('',(-2.443997194594,-4.75));
#2903 = CARTESIAN_POINT('',(-2.411203942855,-4.641480024112));
#2904 = CARTESIAN_POINT('',(-2.379671095504,-4.532178449797));
#2905 = CARTESIAN_POINT('',(-2.349183946084,-4.422256107435));
#2906 = CARTESIAN_POINT('',(-2.319595901881,-4.311828606666));
#2907 = CARTESIAN_POINT('',(-2.290794449561,-4.20098090587));
#2908 = CARTESIAN_POINT('',(-2.26268397259,-4.089774462724));
#2909 = CARTESIAN_POINT('',(-2.183659707751,-3.7692710995));
#2910 = CARTESIAN_POINT('',(-2.134292108799,-3.559210447757));
#2911 = CARTESIAN_POINT('',(-2.086564900499,-3.348349567798));
#2912 = CARTESIAN_POINT('',(-2.040168757138,-3.13688050181));
#2913 = CARTESIAN_POINT('',(-1.994853143881,-2.924944980994));
#2914 = CARTESIAN_POINT('',(-1.950421900709,-2.712634686692));
#2915 = CARTESIAN_POINT('',(-1.906702401855,-2.5));
#2916 = ( GEOMETRIC_REPRESENTATION_CONTEXT(2) 
PARAMETRIC_REPRESENTATION_CONTEXT() REPRESENTATION_CONTEXT('2D SPACE',''
  ) );
#2917 = ORIENTED_EDGE('',*,*,#2918,.F.);
#2918 = EDGE_CURVE('',#1102,#2863,#2919,.T.);
#2919 = SURFACE_CURVE('',#2920,(#2923,#2930),.PCURVE_S1.);
#2920 = B_SPLINE_CURVE_WITH_KNOTS('',1,(#2921,#2922),.UNSPECIFIED.,.F.,
  .F.,(2,2),(0.,1.),.PIECEWISE_BEZIER_KNOTS.);
#2921 = CARTESIAN_POINT('',(24.38195360982,10.,2.5));
#2922 = CARTESIAN_POINT('',(24.38195360982,0.,2.5));
#2923 = PCURVE('',#1141,#2924);
#2924 = DEFINITIONAL_REPRESENTATION('',(#2925),#2929);
#2925 = LINE('',#2926,#2927);
#2926 = CARTESIAN_POINT('',(0.,1.));
#2927 = VECTOR('',#2928,1.);
#2928 = DIRECTION('',(1.,0.));
#2929 = ( GEOMETRIC_REPRESENTATION_CONTEXT(2) 
PARAMETRIC_REPRESENTATION_CONTEXT() REPRESENTATION_CONTEXT('2D SPACE',''
  ) );
#2930 = PCURVE('',#1115,#2931);
#2931 = DEFINITIONAL_REPRESENTATION('',(#2932),#2936);
#2932 = LINE('',#2933,#2934);
#2933 = CARTESIAN_POINT('',(0.,0.));
#2934 = VECTOR('',#2935,1.);
#2935 = DIRECTION('',(1.,0.));
#2936 = ( GEOMETRIC_REPRESENTATION_CONTEXT(2) 
PARAMETRIC_REPRESENTATION_CONTEXT() REPRESENTATION_CONTEXT('2D SPACE',''
  ) );
#2937 = ADVANCED_FACE('',(#2938),#283,.T.);
#2938 = FACE_BOUND('',#2939,.T.);
#2939 = EDGE_LOOP('',(#2940,#2941,#2961,#2962));
#2940 = ORIENTED_EDGE('',*,*,#269,.F.);
#2941 = ORIENTED_EDGE('',*,*,#2942,.T.);
#2942 = EDGE_CURVE('',#270,#2118,#2943,.T.);
#2943 = SURFACE_CURVE('',#2944,(#2947,#2954),.PCURVE_S1.);
#2944 = B_SPLINE_CURVE_WITH_KNOTS('',1,(#2945,#2946),.UNSPECIFIED.,.F.,
  .F.,(2,2),(0.,1.),.PIECEWISE_BEZIER_KNOTS.);
#2945 = CARTESIAN_POINT('',(49.514694838538,10.,2.5));
#2946 = CARTESIAN_POINT('',(49.514694838538,0.,2.5));
#2947 = PCURVE('',#283,#2948);
#2948 = DEFINITIONAL_REPRESENTATION('',(#2949),#2953);
#2949 = LINE('',#2950,#2951);
#2950 = CARTESIAN_POINT('',(0.,0.));
#2951 = VECTOR('',#2952,1.);
#2952 = DIRECTION('',(1.,0.));
#2953 = ( GEOMETRIC_REPRESENTATION_CONTEXT(2) 
PARAMETRIC_REPRESENTATION_CONTEXT() REPRESENTATION_CONTEXT('2D SPACE',''
  ) );
#2954 = PCURVE('',#309,#2955);
#2955 = DEFINITIONAL_REPRESENTATION('',(#2956),#2960);
#2956 = LINE('',#2957,#2958);
#2957 = CARTESIAN_POINT('',(0.,1.));
#2958 = VECTOR('',#2959,1.);
#2959 = DIRECTION('',(1.,0.));
#2960 = ( GEOMETRIC_REPRESENTATION_CONTEXT(2) 
PARAMETRIC_REPRESENTATION_CONTEXT() REPRESENTATION_CONTEXT('2D SPACE',''
  ) );
#2961 = ORIENTED_EDGE('',*,*,#2138,.T.);
#2962 = ORIENTED_EDGE('',*,*,#2836,.T.);
#2963 = ADVANCED_FACE('',(#2964),#1115,.T.);
#2964 = FACE_BOUND('',#2965,.T.);
#2965 = EDGE_LOOP('',(#2966,#2967,#2968,#3018));
#2966 = ORIENTED_EDGE('',*,*,#1101,.F.);
#2967 = ORIENTED_EDGE('',*,*,#2918,.T.);
#2968 = ORIENTED_EDGE('',*,*,#2969,.T.);
#2969 = EDGE_CURVE('',#2863,#2970,#2972,.T.);
#2970 = VERTEX_POINT('',#2971);
#2971 = CARTESIAN_POINT('',(25.042824350949,6.87451088953,2.5));
#2972 = SURFACE_CURVE('',#2973,(#2986,#3002),.PCURVE_S1.);
#2973 = B_SPLINE_CURVE_WITH_KNOTS('',6,(#2974,#2975,#2976,#2977,#2978,
    #2979,#2980,#2981,#2982,#2983,#2984,#2985),.UNSPECIFIED.,.F.,.F.,(7,
    5,7),(0.,0.936414769863,1.),.UNSPECIFIED.);
#2974 = CARTESIAN_POINT('',(24.38195360982,6.770210060864,2.5));
#2975 = CARTESIAN_POINT('',(24.483551798004,6.805681779642,2.5));
#2976 = CARTESIAN_POINT('',(24.586092622075,6.833632499041,2.5));
#2977 = CARTESIAN_POINT('',(24.689290978157,6.854396653932,2.5));
#2978 = CARTESIAN_POINT('',(24.792902406733,6.868160443885,2.5));
#2979 = CARTESIAN_POINT('',(24.896711299723,6.875029199829,2.5));
#2980 = CARTESIAN_POINT('',(25.007578209324,6.874997937644,2.5));
#2981 = CARTESIAN_POINT('',(25.014627704039,6.874964144758,2.5));
#2982 = CARTESIAN_POINT('',(25.021677130564,6.874898546721,2.5));
#2983 = CARTESIAN_POINT('',(25.028726423915,6.874801141362,2.5));
#2984 = CARTESIAN_POINT('',(25.035775519066,6.874671924417,2.5));
#2985 = CARTESIAN_POINT('',(25.042824350949,6.87451088953,2.5));
#2986 = PCURVE('',#1115,#2987);
#2987 = DEFINITIONAL_REPRESENTATION('',(#2988),#3001);
#2988 = B_SPLINE_CURVE_WITH_KNOTS('',6,(#2989,#2990,#2991,#2992,#2993,
    #2994,#2995,#2996,#2997,#2998,#2999,#3000),.UNSPECIFIED.,.F.,.F.,(7,
    5,7),(0.,0.936414769863,1.),.UNSPECIFIED.);
#2989 = CARTESIAN_POINT('',(0.322978993914,0.));
#2990 = CARTESIAN_POINT('',(0.319431822036,0.153733826997));
#2991 = CARTESIAN_POINT('',(0.316636750096,0.30889400839));
#2992 = CARTESIAN_POINT('',(0.314560334607,0.465049137766));
#2993 = CARTESIAN_POINT('',(0.313183955611,0.621829309936));
#2994 = CARTESIAN_POINT('',(0.312497080017,0.77890827641));
#2995 = CARTESIAN_POINT('',(0.312500206236,0.946667117438));
#2996 = CARTESIAN_POINT('',(0.312503585524,0.957334097039));
#2997 = CARTESIAN_POINT('',(0.312510145328,0.968000973459));
#2998 = CARTESIAN_POINT('',(0.312519885864,0.978667648366));
#2999 = CARTESIAN_POINT('',(0.312532807558,0.989334023366));
#3000 = CARTESIAN_POINT('',(0.312548911047,1.));
#3001 = ( GEOMETRIC_REPRESENTATION_CONTEXT(2) 
PARAMETRIC_REPRESENTATION_CONTEXT() REPRESENTATION_CONTEXT('2D SPACE',''
  ) );
#3002 = PCURVE('',#2648,#3003);
#3003 = DEFINITIONAL_REPRESENTATION('',(#3004),#3017);
#3004 = B_SPLINE_CURVE_WITH_KNOTS('',6,(#3005,#3006,#3007,#3008,#3009,
    #3010,#3011,#3012,#3013,#3014,#3015,#3016),.UNSPECIFIED.,.F.,.F.,(7,
    5,7),(0.,0.936414769863,1.),.UNSPECIFIED.);
#3005 = CARTESIAN_POINT('',(-1.906702401855,-2.5));
#3006 = CARTESIAN_POINT('',(-1.849309106883,-2.5));
#3007 = CARTESIAN_POINT('',(-1.792763287664,-2.5));
#3008 = CARTESIAN_POINT('',(-1.736809931406,-2.5));
#3009 = CARTESIAN_POINT('',(-1.681247431625,-2.5));
#3010 = CARTESIAN_POINT('',(-1.625883635807,-2.5));
#3011 = CARTESIAN_POINT('',(-1.566754615002,-2.5));
#3012 = CARTESIAN_POINT('',(-1.562994879546,-2.5));
#3013 = CARTESIAN_POINT('',(-1.55923508003,-2.5));
#3014 = CARTESIAN_POINT('',(-1.555475155429,-2.5));
#3015 = CARTESIAN_POINT('',(-1.551715044699,-2.5));
#3016 = CARTESIAN_POINT('',(-1.547954686772,-2.5));
#3017 = ( GEOMETRIC_REPRESENTATION_CONTEXT(2) 
PARAMETRIC_REPRESENTATION_CONTEXT() REPRESENTATION_CONTEXT('2D SPACE',''
  ) );
#3018 = ORIENTED_EDGE('',*,*,#3019,.F.);
#3019 = EDGE_CURVE('',#1076,#2970,#3020,.T.);
#3020 = SURFACE_CURVE('',#3021,(#3024,#3031),.PCURVE_S1.);
#3021 = B_SPLINE_CURVE_WITH_KNOTS('',1,(#3022,#3023),.UNSPECIFIED.,.F.,
  .F.,(2,2),(0.,1.),.PIECEWISE_BEZIER_KNOTS.);
#3022 = CARTESIAN_POINT('',(25.042824350949,10.,2.5));
#3023 = CARTESIAN_POINT('',(25.042824350949,0.,2.5));
#3024 = PCURVE('',#1115,#3025);
#3025 = DEFINITIONAL_REPRESENTATION('',(#3026),#3030);
#3026 = LINE('',#3027,#3028);
#3027 = CARTESIAN_POINT('',(0.,1.));
#3028 = VECTOR('',#3029,1.);
#3029 = DIRECTION('',(1.,0.));
#3030 = ( GEOMETRIC_REPRESENTATION_CONTEXT(2) 
PARAMETRIC_REPRESENTATION_CONTEXT() REPRESENTATION_CONTEXT('2D SPACE',''
  ) );
#3031 = PCURVE('',#1089,#3032);
#3032 = DEFINITIONAL_REPRESENTATION('',(#3033),#3037);
#3033 = LINE('',#3034,#3035);
#3034 = CARTESIAN_POINT('',(0.,0.));
#3035 = VECTOR('',#3036,1.);
#3036 = DIRECTION('',(1.,0.));
#3037 = ( GEOMETRIC_REPRESENTATION_CONTEXT(2) 
PARAMETRIC_REPRESENTATION_CONTEXT() REPRESENTATION_CONTEXT('2D SPACE',''
  ) );
#3038 = ADVANCED_FACE('',(#3039),#309,.T.);
#3039 = FACE_BOUND('',#3040,.T.);
#3040 = EDGE_LOOP('',(#3041,#3042,#3062,#3063));
#3041 = ORIENTED_EDGE('',*,*,#295,.F.);
#3042 = ORIENTED_EDGE('',*,*,#3043,.T.);
#3043 = EDGE_CURVE('',#296,#2097,#3044,.T.);
#3044 = SURFACE_CURVE('',#3045,(#3048,#3055),.PCURVE_S1.);
#3045 = B_SPLINE_CURVE_WITH_KNOTS('',1,(#3046,#3047),.UNSPECIFIED.,.F.,
  .F.,(2,2),(0.,1.),.PIECEWISE_BEZIER_KNOTS.);
#3046 = CARTESIAN_POINT('',(48.695761811439,10.,4.75));
#3047 = CARTESIAN_POINT('',(48.695761811439,0.,4.75));
#3048 = PCURVE('',#309,#3049);
#3049 = DEFINITIONAL_REPRESENTATION('',(#3050),#3054);
#3050 = LINE('',#3051,#3052);
#3051 = CARTESIAN_POINT('',(0.,0.));
#3052 = VECTOR('',#3053,1.);
#3053 = DIRECTION('',(1.,0.));
#3054 = ( GEOMETRIC_REPRESENTATION_CONTEXT(2) 
PARAMETRIC_REPRESENTATION_CONTEXT() REPRESENTATION_CONTEXT('2D SPACE',''
  ) );
#3055 = PCURVE('',#335,#3056);
#3056 = DEFINITIONAL_REPRESENTATION('',(#3057),#3061);
#3057 = LINE('',#3058,#3059);
#3058 = CARTESIAN_POINT('',(0.,1.));
#3059 = VECTOR('',#3060,1.);
#3060 = DIRECTION('',(1.,0.));
#3061 = ( GEOMETRIC_REPRESENTATION_CONTEXT(2) 
PARAMETRIC_REPRESENTATION_CONTEXT() REPRESENTATION_CONTEXT('2D SPACE',''
  ) );
#3062 = ORIENTED_EDGE('',*,*,#2117,.T.);
#3063 = ORIENTED_EDGE('',*,*,#2942,.F.);
#3064 = ADVANCED_FACE('',(#3065),#1089,.T.);
#3065 = FACE_BOUND('',#3066,.T.);
#3066 = EDGE_LOOP('',(#3067,#3068,#3069,#3119));
#3067 = ORIENTED_EDGE('',*,*,#1075,.F.);
#3068 = ORIENTED_EDGE('',*,*,#3019,.T.);
#3069 = ORIENTED_EDGE('',*,*,#3070,.T.);
#3070 = EDGE_CURVE('',#2970,#3071,#3073,.T.);
#3071 = VERTEX_POINT('',#3072);
#3072 = CARTESIAN_POINT('',(25.861757378048,6.665232482682,4.75));
#3073 = SURFACE_CURVE('',#3074,(#3087,#3103),.PCURVE_S1.);
#3074 = B_SPLINE_CURVE_WITH_KNOTS('',6,(#3075,#3076,#3077,#3078,#3079,
    #3080,#3081,#3082,#3083,#3084,#3085,#3086),.UNSPECIFIED.,.F.,.F.,(7,
    5,7),(0.,0.49886610784,1.),.UNSPECIFIED.);
#3075 = CARTESIAN_POINT('',(25.042824350949,6.87451088953,2.5));
#3076 = CARTESIAN_POINT('',(25.111122355315,6.872950579731,
    2.687647224788));
#3077 = CARTESIAN_POINT('',(25.179415095656,6.868402912721,
    2.875279986787));
#3078 = CARTESIAN_POINT('',(25.247691368558,6.860856803273,
    3.062867504871));
#3079 = CARTESIAN_POINT('',(25.315938849361,6.850271589562,
    3.250375917311));
#3080 = CARTESIAN_POINT('',(25.384143800567,6.836570029168,
    3.437767480646));
#3081 = CARTESIAN_POINT('',(25.5207475478,6.802615559607,3.813083191579)
  );
#3082 = CARTESIAN_POINT('',(25.589144552968,6.78233314843,4.001002418838
    ));
#3083 = CARTESIAN_POINT('',(25.657467219122,6.758660848301,
    4.188717401332));
#3084 = CARTESIAN_POINT('',(25.725695504785,6.731425784263,4.37617307556
    ));
#3085 = CARTESIAN_POINT('',(25.79380357928,6.700398555926,4.563298472318
    ));
#3086 = CARTESIAN_POINT('',(25.861757378048,6.665232482682,4.75));
#3087 = PCURVE('',#1089,#3088);
#3088 = DEFINITIONAL_REPRESENTATION('',(#3089),#3102);
#3089 = B_SPLINE_CURVE_WITH_KNOTS('',6,(#3090,#3091,#3092,#3093,#3094,
    #3095,#3096,#3097,#3098,#3099,#3100,#3101),.UNSPECIFIED.,.F.,.F.,(7,
    5,7),(0.,0.49886610784,1.),.UNSPECIFIED.);
#3090 = CARTESIAN_POINT('',(0.312548911047,0.));
#3091 = CARTESIAN_POINT('',(0.312704942027,8.339876657249E-02));
#3092 = CARTESIAN_POINT('',(0.313159708728,0.166791105239));
#3093 = CARTESIAN_POINT('',(0.313914319673,0.250163335498));
#3094 = CARTESIAN_POINT('',(0.314972841044,0.333500407694));
#3095 = CARTESIAN_POINT('',(0.316342997083,0.416785546954));
#3096 = CARTESIAN_POINT('',(0.319738444039,0.583592529591));
#3097 = CARTESIAN_POINT('',(0.321766685157,0.66711218615));
#3098 = CARTESIAN_POINT('',(0.32413391517,0.750541067259));
#3099 = CARTESIAN_POINT('',(0.326857421574,0.833854700249));
#3100 = CARTESIAN_POINT('',(0.329960144407,0.917021543252));
#3101 = CARTESIAN_POINT('',(0.333476751732,1.));
#3102 = ( GEOMETRIC_REPRESENTATION_CONTEXT(2) 
PARAMETRIC_REPRESENTATION_CONTEXT() REPRESENTATION_CONTEXT('2D SPACE',''
  ) );
#3103 = PCURVE('',#2648,#3104);
#3104 = DEFINITIONAL_REPRESENTATION('',(#3105),#3118);
#3105 = B_SPLINE_CURVE_WITH_KNOTS('',6,(#3106,#3107,#3108,#3109,#3110,
    #3111,#3112,#3113,#3114,#3115,#3116,#3117),.UNSPECIFIED.,.F.,.F.,(7,
    5,7),(0.,0.49886610784,1.),.UNSPECIFIED.);
#3106 = CARTESIAN_POINT('',(-1.547954686772,-2.5));
#3107 = CARTESIAN_POINT('',(-1.511519580021,-2.687647224788));
#3108 = CARTESIAN_POINT('',(-1.475050946495,-2.875279986787));
#3109 = CARTESIAN_POINT('',(-1.438467309889,-3.062867504871));
#3110 = CARTESIAN_POINT('',(-1.401687294834,-3.250375917311));
#3111 = CARTESIAN_POINT('',(-1.364622729269,-3.437767480646));
#3112 = CARTESIAN_POINT('',(-1.289550516783,-3.813083191579));
#3113 = CARTESIAN_POINT('',(-1.251539924552,-4.001002418838));
#3114 = CARTESIAN_POINT('',(-1.213036026181,-4.188717401333));
#3115 = CARTESIAN_POINT('',(-1.173920505706,-4.37617307556));
#3116 = CARTESIAN_POINT('',(-1.134054531132,-4.563298472318));
#3117 = CARTESIAN_POINT('',(-1.093247136684,-4.75));
#3118 = ( GEOMETRIC_REPRESENTATION_CONTEXT(2) 
PARAMETRIC_REPRESENTATION_CONTEXT() REPRESENTATION_CONTEXT('2D SPACE',''
  ) );
#3119 = ORIENTED_EDGE('',*,*,#3120,.F.);
#3120 = EDGE_CURVE('',#1050,#3071,#3121,.T.);
#3121 = SURFACE_CURVE('',#3122,(#3125,#3132),.PCURVE_S1.);
#3122 = B_SPLINE_CURVE_WITH_KNOTS('',1,(#3123,#3124),.UNSPECIFIED.,.F.,
  .F.,(2,2),(0.,1.),.PIECEWISE_BEZIER_KNOTS.);
#3123 = CARTESIAN_POINT('',(25.861757378048,10.,4.75));
#3124 = CARTESIAN_POINT('',(25.861757378048,0.,4.75));
#3125 = PCURVE('',#1089,#3126);
#3126 = DEFINITIONAL_REPRESENTATION('',(#3127),#3131);
#3127 = LINE('',#3128,#3129);
#3128 = CARTESIAN_POINT('',(0.,1.));
#3129 = VECTOR('',#3130,1.);
#3130 = DIRECTION('',(1.,0.));
#3131 = ( GEOMETRIC_REPRESENTATION_CONTEXT(2) 
PARAMETRIC_REPRESENTATION_CONTEXT() REPRESENTATION_CONTEXT('2D SPACE',''
  ) );
#3132 = PCURVE('',#1063,#3133);
#3133 = DEFINITIONAL_REPRESENTATION('',(#3134),#3138);
#3134 = LINE('',#3135,#3136);
#3135 = CARTESIAN_POINT('',(0.,0.));
#3136 = VECTOR('',#3137,1.);
#3137 = DIRECTION('',(1.,0.));
#3138 = ( GEOMETRIC_REPRESENTATION_CONTEXT(2) 
PARAMETRIC_REPRESENTATION_CONTEXT() REPRESENTATION_CONTEXT('2D SPACE',''
  ) );
#3139 = ADVANCED_FACE('',(#3140),#335,.T.);
#3140 = FACE_BOUND('',#3141,.T.);
#3141 = EDGE_LOOP('',(#3142,#3143,#3163,#3164));
#3142 = ORIENTED_EDGE('',*,*,#321,.F.);
#3143 = ORIENTED_EDGE('',*,*,#3144,.T.);
#3144 = EDGE_CURVE('',#322,#2076,#3145,.T.);
#3145 = SURFACE_CURVE('',#3146,(#3149,#3156),.PCURVE_S1.);
#3146 = B_SPLINE_CURVE_WITH_KNOTS('',1,(#3147,#3148),.UNSPECIFIED.,.F.,
  .F.,(2,2),(0.,1.),.PIECEWISE_BEZIER_KNOTS.);
#3147 = CARTESIAN_POINT('',(47.852905953177,10.,4.75));
#3148 = CARTESIAN_POINT('',(47.852905953177,0.,4.75));
#3149 = PCURVE('',#335,#3150);
#3150 = DEFINITIONAL_REPRESENTATION('',(#3151),#3155);
#3151 = LINE('',#3152,#3153);
#3152 = CARTESIAN_POINT('',(0.,0.));
#3153 = VECTOR('',#3154,1.);
#3154 = DIRECTION('',(1.,0.));
#3155 = ( GEOMETRIC_REPRESENTATION_CONTEXT(2) 
PARAMETRIC_REPRESENTATION_CONTEXT() REPRESENTATION_CONTEXT('2D SPACE',''
  ) );
#3156 = PCURVE('',#361,#3157);
#3157 = DEFINITIONAL_REPRESENTATION('',(#3158),#3162);
#3158 = LINE('',#3159,#3160);
#3159 = CARTESIAN_POINT('',(0.,1.));
#3160 = VECTOR('',#3161,1.);
#3161 = DIRECTION('',(1.,0.));
#3162 = ( GEOMETRIC_REPRESENTATION_CONTEXT(2) 
PARAMETRIC_REPRESENTATION_CONTEXT() REPRESENTATION_CONTEXT('2D SPACE',''
  ) );
#3163 = ORIENTED_EDGE('',*,*,#2096,.T.);
#3164 = ORIENTED_EDGE('',*,*,#3043,.F.);
#3165 = ADVANCED_FACE('',(#3166),#1063,.T.);
#3166 = FACE_BOUND('',#3167,.T.);
#3167 = EDGE_LOOP('',(#3168,#3169,#3170,#3226));
#3168 = ORIENTED_EDGE('',*,*,#1049,.F.);
#3169 = ORIENTED_EDGE('',*,*,#3120,.T.);
#3170 = ORIENTED_EDGE('',*,*,#3171,.T.);
#3171 = EDGE_CURVE('',#3071,#3172,#3174,.T.);
#3172 = VERTEX_POINT('',#3173);
#3173 = CARTESIAN_POINT('',(26.704613236311,5.780972928208,4.75));
#3174 = SURFACE_CURVE('',#3175,(#3190,#3208),.PCURVE_S1.);
#3175 = B_SPLINE_CURVE_WITH_KNOTS('',5,(#3176,#3177,#3178,#3179,#3180,
    #3181,#3182,#3183,#3184,#3185,#3186,#3187,#3188,#3189),
  .UNSPECIFIED.,.F.,.F.,(6,4,4,6),(0.,0.369870778446,0.646180857236,1.),
  .UNSPECIFIED.);
#3176 = CARTESIAN_POINT('',(25.861757378048,6.665232482682,4.75));
#3177 = CARTESIAN_POINT('',(25.935565801201,6.627036642837,4.75));
#3178 = CARTESIAN_POINT('',(26.00822743857,6.584250062815,4.75));
#3179 = CARTESIAN_POINT('',(26.079509354586,6.53671962694,4.75));
#3180 = CARTESIAN_POINT('',(26.149099666278,6.484272249311,4.75));
#3181 = CARTESIAN_POINT('',(26.267024048628,6.383714799496,4.75));
#3182 = CARTESIAN_POINT('',(26.316278732448,6.337866324298,4.75));
#3183 = CARTESIAN_POINT('',(26.364196250013,6.289087716394,4.75));
#3184 = CARTESIAN_POINT('',(26.41056395845,6.237306442389,4.75));
#3185 = CARTESIAN_POINT('',(26.512188461421,6.112249085201,4.75));
#3186 = CARTESIAN_POINT('',(26.566282696815,6.037026500665,4.75));
#3187 = CARTESIAN_POINT('',(26.616881899928,5.956684358211,4.75));
#3188 = CARTESIAN_POINT('',(26.663260294157,5.871233128031,4.75));
#3189 = CARTESIAN_POINT('',(26.704613236311,5.780972928208,4.75));
#3190 = PCURVE('',#1063,#3191);
#3191 = DEFINITIONAL_REPRESENTATION('',(#3192),#3207);
#3192 = B_SPLINE_CURVE_WITH_KNOTS('',5,(#3193,#3194,#3195,#3196,#3197,
    #3198,#3199,#3200,#3201,#3202,#3203,#3204,#3205,#3206),
  .UNSPECIFIED.,.F.,.F.,(6,4,4,6),(0.,0.369870778446,0.646180857236,1.),
  .UNSPECIFIED.);
#3193 = CARTESIAN_POINT('',(0.333476751732,0.));
#3194 = CARTESIAN_POINT('',(0.337296335716,8.756944906854E-02));
#3195 = CARTESIAN_POINT('',(0.341574993718,0.173778302762));
#3196 = CARTESIAN_POINT('',(0.346328037306,0.258350196422));
#3197 = CARTESIAN_POINT('',(0.351572775069,0.340915098842));
#3198 = CARTESIAN_POINT('',(0.36162852005,0.480825596224));
#3199 = CARTESIAN_POINT('',(0.36621336757,0.539263445753));
#3200 = CARTESIAN_POINT('',(0.371091228361,0.596114824427));
#3201 = CARTESIAN_POINT('',(0.376269355761,0.651127443704));
#3202 = CARTESIAN_POINT('',(0.38877509148,0.77169907167));
#3203 = CARTESIAN_POINT('',(0.396297349933,0.8358787708));
#3204 = CARTESIAN_POINT('',(0.404331564179,0.895911815143));
#3205 = CARTESIAN_POINT('',(0.412876687197,0.950937112498));
#3206 = CARTESIAN_POINT('',(0.421902707179,1.));
#3207 = ( GEOMETRIC_REPRESENTATION_CONTEXT(2) 
PARAMETRIC_REPRESENTATION_CONTEXT() REPRESENTATION_CONTEXT('2D SPACE',''
  ) );
#3208 = PCURVE('',#2648,#3209);
#3209 = DEFINITIONAL_REPRESENTATION('',(#3210),#3225);
#3210 = B_SPLINE_CURVE_WITH_KNOTS('',5,(#3211,#3212,#3213,#3214,#3215,
    #3216,#3217,#3218,#3219,#3220,#3221,#3222,#3223,#3224),
  .UNSPECIFIED.,.F.,.F.,(6,4,4,6),(0.,0.369870778446,0.646180857236,1.),
  .UNSPECIFIED.);
#3211 = CARTESIAN_POINT('',(-1.093247136684,-4.75));
#3212 = CARTESIAN_POINT('',(-1.048923942223,-4.75));
#3213 = CARTESIAN_POINT('',(-1.004018707704,-4.75));
#3214 = CARTESIAN_POINT('',(-0.958422485109,-4.75));
#3215 = CARTESIAN_POINT('',(-0.912031580542,-4.75));
#3216 = CARTESIAN_POINT('',(-0.829377025445,-4.75));
#3217 = CARTESIAN_POINT('',(-0.793522367542,-4.75));
#3218 = CARTESIAN_POINT('',(-0.757104384466,-4.75));
#3219 = CARTESIAN_POINT('',(-0.720076353885,-4.75));
#3220 = CARTESIAN_POINT('',(-0.63413372547,-4.75));
#3221 = CARTESIAN_POINT('',(-0.584804259044,-4.75));
#3222 = CARTESIAN_POINT('',(-0.53429842063,-4.75));
#3223 = CARTESIAN_POINT('',(-0.482563427898,-4.75));
#3224 = CARTESIAN_POINT('',(-0.42961288293,-4.75));
#3225 = ( GEOMETRIC_REPRESENTATION_CONTEXT(2) 
PARAMETRIC_REPRESENTATION_CONTEXT() REPRESENTATION_CONTEXT('2D SPACE',''
  ) );
#3226 = ORIENTED_EDGE('',*,*,#3227,.F.);
#3227 = EDGE_CURVE('',#1024,#3172,#3228,.T.);
#3228 = SURFACE_CURVE('',#3229,(#3232,#3239),.PCURVE_S1.);
#3229 = B_SPLINE_CURVE_WITH_KNOTS('',1,(#3230,#3231),.UNSPECIFIED.,.F.,
  .F.,(2,2),(0.,1.),.PIECEWISE_BEZIER_KNOTS.);
#3230 = CARTESIAN_POINT('',(26.704613236311,10.,4.75));
#3231 = CARTESIAN_POINT('',(26.704613236311,0.,4.75));
#3232 = PCURVE('',#1063,#3233);
#3233 = DEFINITIONAL_REPRESENTATION('',(#3234),#3238);
#3234 = LINE('',#3235,#3236);
#3235 = CARTESIAN_POINT('',(0.,1.));
#3236 = VECTOR('',#3237,1.);
#3237 = DIRECTION('',(1.,0.));
#3238 = ( GEOMETRIC_REPRESENTATION_CONTEXT(2) 
PARAMETRIC_REPRESENTATION_CONTEXT() REPRESENTATION_CONTEXT('2D SPACE',''
  ) );
#3239 = PCURVE('',#1037,#3240);
#3240 = DEFINITIONAL_REPRESENTATION('',(#3241),#3245);
#3241 = LINE('',#3242,#3243);
#3242 = CARTESIAN_POINT('',(0.,0.));
#3243 = VECTOR('',#3244,1.);
#3244 = DIRECTION('',(1.,0.));
#3245 = ( GEOMETRIC_REPRESENTATION_CONTEXT(2) 
PARAMETRIC_REPRESENTATION_CONTEXT() REPRESENTATION_CONTEXT('2D SPACE',''
  ) );
#3246 = ADVANCED_FACE('',(#3247),#361,.T.);
#3247 = FACE_BOUND('',#3248,.T.);
#3248 = EDGE_LOOP('',(#3249,#3250,#3270,#3271));
#3249 = ORIENTED_EDGE('',*,*,#347,.F.);
#3250 = ORIENTED_EDGE('',*,*,#3251,.T.);
#3251 = EDGE_CURVE('',#348,#2055,#3252,.T.);
#3252 = SURFACE_CURVE('',#3253,(#3256,#3263),.PCURVE_S1.);
#3253 = B_SPLINE_CURVE_WITH_KNOTS('',1,(#3254,#3255),.UNSPECIFIED.,.F.,
  .F.,(2,2),(0.,1.),.PIECEWISE_BEZIER_KNOTS.);
#3254 = CARTESIAN_POINT('',(47.033972926078,10.,2.5));
#3255 = CARTESIAN_POINT('',(47.033972926078,0.,2.5));
#3256 = PCURVE('',#361,#3257);
#3257 = DEFINITIONAL_REPRESENTATION('',(#3258),#3262);
#3258 = LINE('',#3259,#3260);
#3259 = CARTESIAN_POINT('',(0.,0.));
#3260 = VECTOR('',#3261,1.);
#3261 = DIRECTION('',(1.,0.));
#3262 = ( GEOMETRIC_REPRESENTATION_CONTEXT(2) 
PARAMETRIC_REPRESENTATION_CONTEXT() REPRESENTATION_CONTEXT('2D SPACE',''
  ) );
#3263 = PCURVE('',#387,#3264);
#3264 = DEFINITIONAL_REPRESENTATION('',(#3265),#3269);
#3265 = LINE('',#3266,#3267);
#3266 = CARTESIAN_POINT('',(0.,1.));
#3267 = VECTOR('',#3268,1.);
#3268 = DIRECTION('',(1.,0.));
#3269 = ( GEOMETRIC_REPRESENTATION_CONTEXT(2) 
PARAMETRIC_REPRESENTATION_CONTEXT() REPRESENTATION_CONTEXT('2D SPACE',''
  ) );
#3270 = ORIENTED_EDGE('',*,*,#2075,.T.);
#3271 = ORIENTED_EDGE('',*,*,#3144,.F.);
#3272 = ADVANCED_FACE('',(#3273),#1037,.T.);
#3273 = FACE_BOUND('',#3274,.T.);
#3274 = EDGE_LOOP('',(#3275,#3276,#3277,#3360,#3443,#3463,#3464));
#3275 = ORIENTED_EDGE('',*,*,#1023,.F.);
#3276 = ORIENTED_EDGE('',*,*,#3227,.T.);
#3277 = ORIENTED_EDGE('',*,*,#3278,.T.);
#3278 = EDGE_CURVE('',#3172,#3279,#3281,.T.);
#3279 = VERTEX_POINT('',#3280);
#3280 = CARTESIAN_POINT('',(26.875,5.,4.28186621419));
#3281 = SURFACE_CURVE('',#3282,(#3306,#3333),.PCURVE_S1.);
#3282 = B_SPLINE_CURVE_WITH_KNOTS('',8,(#3283,#3284,#3285,#3286,#3287,
    #3288,#3289,#3290,#3291,#3292,#3293,#3294,#3295,#3296,#3297,#3298,
    #3299,#3300,#3301,#3302,#3303,#3304,#3305),.UNSPECIFIED.,.F.,.F.,(9,
    7,7,9),(0.,0.593678194889,0.767853646536,1.),.UNSPECIFIED.);
#3283 = CARTESIAN_POINT('',(26.704613236311,5.780972928208,4.75));
#3284 = CARTESIAN_POINT('',(26.722704059509,5.74148646771,4.700295871764
    ));
#3285 = CARTESIAN_POINT('',(26.740428619273,5.700038615345,
    4.651598044042));
#3286 = CARTESIAN_POINT('',(26.757774761649,5.656294950496,
    4.603939909549));
#3287 = CARTESIAN_POINT('',(26.77466944196,5.609910394499,4.557522156888
    ));
#3288 = CARTESIAN_POINT('',(26.790982159271,5.5605395134,4.512703334425)
  );
#3289 = CARTESIAN_POINT('',(26.806507859848,5.507776590378,
    4.470046822667));
#3290 = CARTESIAN_POINT('',(26.82097730992,5.451193256316,4.430292335323
    ));
#3291 = CARTESIAN_POINT('',(26.837798383501,5.372100175155,
    4.384076815488));
#3292 = CARTESIAN_POINT('',(26.841484669803,5.353781200069,
    4.373948827111));
#3293 = CARTESIAN_POINT('',(26.845030488739,5.335072806814,
    4.364206769652));
#3294 = CARTESIAN_POINT('',(26.848422751745,5.315966677351,
    4.354886603642));
#3295 = CARTESIAN_POINT('',(26.85164677233,5.296458373487,4.346028679885
    ));
#3296 = CARTESIAN_POINT('',(26.854686597455,5.276548077526,
    4.337676828995));
#3297 = CARTESIAN_POINT('',(26.857525338919,5.256241332927,
    4.329877450923));
#3298 = CARTESIAN_POINT('',(26.86363774165,5.207971458831,4.313083762441
    ));
#3299 = CARTESIAN_POINT('',(26.86674376287,5.17969376169,4.304550039274)
  );
#3300 = CARTESIAN_POINT('',(26.869418313805,5.150769425996,
    4.297201770972));
#3301 = CARTESIAN_POINT('',(26.87161700564,5.121273096309,4.291160914806
    ));
#3302 = CARTESIAN_POINT('',(26.873299444181,5.091304015059,
    4.286538452904));
#3303 = CARTESIAN_POINT('',(26.874433397162,5.060989492049,
    4.283422942692));
#3304 = CARTESIAN_POINT('',(26.875,5.030489157694,4.28186621419));
#3305 = CARTESIAN_POINT('',(26.875,5.,4.28186621419));
#3306 = PCURVE('',#1037,#3307);
#3307 = DEFINITIONAL_REPRESENTATION('',(#3308),#3332);
#3308 = B_SPLINE_CURVE_WITH_KNOTS('',8,(#3309,#3310,#3311,#3312,#3313,
    #3314,#3315,#3316,#3317,#3318,#3319,#3320,#3321,#3322,#3323,#3324,
    #3325,#3326,#3327,#3328,#3329,#3330,#3331),.UNSPECIFIED.,.F.,.F.,(9,
    7,7,9),(0.,0.593678194889,0.767853646536,1.),.UNSPECIFIED.);
#3309 = CARTESIAN_POINT('',(0.421902707179,0.));
#3310 = CARTESIAN_POINT('',(0.425851353229,2.20907236606E-02));
#3311 = CARTESIAN_POINT('',(0.429996138465,4.373420264804E-02));
#3312 = CARTESIAN_POINT('',(0.43437050495,6.49155957561E-02));
#3313 = CARTESIAN_POINT('',(0.43900896055,8.55457080501E-02));
#3314 = CARTESIAN_POINT('',(0.44394604866,0.1054651847));
#3315 = CARTESIAN_POINT('',(0.449222340962,0.12442363437));
#3316 = CARTESIAN_POINT('',(0.454880674368,0.142092295412));
#3317 = CARTESIAN_POINT('',(0.462789982484,0.16263252645));
#3318 = CARTESIAN_POINT('',(0.464621879993,0.167133854617));
#3319 = CARTESIAN_POINT('',(0.466492719319,0.171463657933));
#3320 = CARTESIAN_POINT('',(0.468403332265,0.175605953937));
#3321 = CARTESIAN_POINT('',(0.470354162651,0.17954280894));
#3322 = CARTESIAN_POINT('',(0.472345192247,0.183254742669));
#3323 = CARTESIAN_POINT('',(0.474375866707,0.186721132923));
#3324 = CARTESIAN_POINT('',(0.479202854117,0.194184994471));
#3325 = CARTESIAN_POINT('',(0.482030623831,0.197977760322));
#3326 = CARTESIAN_POINT('',(0.4849230574,0.201243657346));
#3327 = CARTESIAN_POINT('',(0.487872690369,0.203928482309));
#3328 = CARTESIAN_POINT('',(0.490869598494,0.20598290982));
#3329 = CARTESIAN_POINT('',(0.493901050795,0.207367581026));
#3330 = CARTESIAN_POINT('',(0.496951084231,0.20805946036));
#3331 = CARTESIAN_POINT('',(0.5,0.20805946036));
#3332 = ( GEOMETRIC_REPRESENTATION_CONTEXT(2) 
PARAMETRIC_REPRESENTATION_CONTEXT() REPRESENTATION_CONTEXT('2D SPACE',''
  ) );
#3333 = PCURVE('',#2648,#3334);
#3334 = DEFINITIONAL_REPRESENTATION('',(#3335),#3359);
#3335 = B_SPLINE_CURVE_WITH_KNOTS('',8,(#3336,#3337,#3338,#3339,#3340,
    #3341,#3342,#3343,#3344,#3345,#3346,#3347,#3348,#3349,#3350,#3351,
    #3352,#3353,#3354,#3355,#3356,#3357,#3358),.UNSPECIFIED.,.F.,.F.,(9,
    7,7,9),(0.,0.593678194889,0.767853646536,1.),.UNSPECIFIED.);
#3336 = CARTESIAN_POINT('',(-0.42961288293,-4.75));
#3337 = CARTESIAN_POINT('',(-0.406448413914,-4.700295871764));
#3338 = CARTESIAN_POINT('',(-0.382414274484,-4.651598044042));
#3339 = CARTESIAN_POINT('',(-0.35733221061,-4.603939909549));
#3340 = CARTESIAN_POINT('',(-0.331025712584,-4.557522156887));
#3341 = CARTESIAN_POINT('',(-0.303322589933,-4.512703334425));
#3342 = CARTESIAN_POINT('',(-0.27401905433,-4.470046822666));
#3343 = CARTESIAN_POINT('',(-0.242896112951,-4.430292335323));
#3344 = CARTESIAN_POINT('',(-0.199769709785,-4.384076815488));
#3345 = CARTESIAN_POINT('',(-0.189804339778,-4.373948827111));
#3346 = CARTESIAN_POINT('',(-0.179649990243,-4.364206769652));
#3347 = CARTESIAN_POINT('',(-0.169302114725,-4.354886603642));
#3348 = CARTESIAN_POINT('',(-0.158758106943,-4.346028679885));
#3349 = CARTESIAN_POINT('',(-0.148017635622,-4.337676828995));
#3350 = CARTESIAN_POINT('',(-0.137082979342,-4.329877450923));
#3351 = CARTESIAN_POINT('',(-0.111133464117,-4.313083762441));
#3352 = CARTESIAN_POINT('',(-9.596340479048E-02,-4.304550039274));
#3353 = CARTESIAN_POINT('',(-8.047513188293E-02,-4.297201770972));
#3354 = CARTESIAN_POINT('',(-6.470521390685E-02,-4.291160914806));
#3355 = CARTESIAN_POINT('',(-4.870203220584E-02,-4.286538452904));
#3356 = CARTESIAN_POINT('',(-3.252772520551E-02,-4.283422942692));
#3357 = CARTESIAN_POINT('',(-1.626088410369E-02,-4.28186621419));
#3358 = CARTESIAN_POINT('',(0.,-4.28186621419));
#3359 = ( GEOMETRIC_REPRESENTATION_CONTEXT(2) 
PARAMETRIC_REPRESENTATION_CONTEXT() REPRESENTATION_CONTEXT('2D SPACE',''
  ) );
#3360 = ORIENTED_EDGE('',*,*,#3361,.T.);
#3361 = EDGE_CURVE('',#3279,#3362,#3364,.T.);
#3362 = VERTEX_POINT('',#3363);
#3363 = CARTESIAN_POINT('',(26.704613236311,4.219027071792,4.75));
#3364 = SURFACE_CURVE('',#3365,(#3389,#3416),.PCURVE_S1.);
#3365 = B_SPLINE_CURVE_WITH_KNOTS('',8,(#3366,#3367,#3368,#3369,#3370,
    #3371,#3372,#3373,#3374,#3375,#3376,#3377,#3378,#3379,#3380,#3381,
    #3382,#3383,#3384,#3385,#3386,#3387,#3388),.UNSPECIFIED.,.F.,.F.,(9,
    7,7,9),(0.,0.212735503718,0.349475721286,1.),.UNSPECIFIED.);
#3366 = CARTESIAN_POINT('',(26.875,5.,4.28186621419));
#3367 = CARTESIAN_POINT('',(26.875,4.972050758834,4.28186621419));
#3368 = CARTESIAN_POINT('',(26.874523867919,4.944092651726,4.28317437633
    ));
#3369 = CARTESIAN_POINT('',(26.87357105681,4.916275769203,4.285792203337
    ));
#3370 = CARTESIAN_POINT('',(26.872154718192,4.888725219785,4.28968356171
    ));
#3371 = CARTESIAN_POINT('',(26.870297854043,4.861543979424,
    4.294785254031));
#3372 = CARTESIAN_POINT('',(26.868030012694,4.834815362988,
    4.301016096927));
#3373 = CARTESIAN_POINT('',(26.865384528618,4.808605117786,
    4.308284504691));
#3374 = CARTESIAN_POINT('',(26.860475563273,4.766481218242,
    4.321771776128));
#3375 = CARTESIAN_POINT('',(26.858412600334,4.750228900504,
    4.327439720221));
#3376 = CARTESIAN_POINT('',(26.856216023085,4.734214956014,
    4.333474766613));
#3377 = CARTESIAN_POINT('',(26.853894344062,4.718445139488,
    4.339853527302));
#3378 = CARTESIAN_POINT('',(26.851455828659,4.702922500339,4.34655329331
    ));
#3379 = CARTESIAN_POINT('',(26.848908341232,4.687647692743,
    4.353552457492));
#3380 = CARTESIAN_POINT('',(26.84625919121,4.672619285725,4.360830937356
    ));
#3381 = CARTESIAN_POINT('',(26.830459737917,4.58749529607,4.404239578521
    ));
#3382 = CARTESIAN_POINT('',(26.815316766214,4.523001251418,
    4.445844551338));
#3383 = CARTESIAN_POINT('',(26.798726181369,4.463325230264,
    4.491426808574));
#3384 = CARTESIAN_POINT('',(26.781093090804,4.407938285398,
    4.539873326738));
#3385 = CARTESIAN_POINT('',(26.762728168928,4.356288640573,
    4.590330534902));
#3386 = CARTESIAN_POINT('',(26.743815337832,4.307911353459,
    4.642293111274));
#3387 = CARTESIAN_POINT('',(26.724447029016,4.262317875289,4.6955071024)
  );
#3388 = CARTESIAN_POINT('',(26.704613236311,4.219027071792,4.75));
#3389 = PCURVE('',#1037,#3390);
#3390 = DEFINITIONAL_REPRESENTATION('',(#3391),#3415);
#3391 = B_SPLINE_CURVE_WITH_KNOTS('',8,(#3392,#3393,#3394,#3395,#3396,
    #3397,#3398,#3399,#3400,#3401,#3402,#3403,#3404,#3405,#3406,#3407,
    #3408,#3409,#3410,#3411,#3412,#3413,#3414),.UNSPECIFIED.,.F.,.F.,(9,
    7,7,9),(0.,0.212735503718,0.349475721286,1.),.UNSPECIFIED.);
#3392 = CARTESIAN_POINT('',(0.5,0.20805946036));
#3393 = CARTESIAN_POINT('',(0.502794924117,0.20805946036));
#3394 = CARTESIAN_POINT('',(0.505590734827,0.207478054964));
#3395 = CARTESIAN_POINT('',(0.50837242308,0.206314576295));
#3396 = CARTESIAN_POINT('',(0.511127478021,0.204585083684));
#3397 = CARTESIAN_POINT('',(0.513845602058,0.202317664875));
#3398 = CARTESIAN_POINT('',(0.516518463701,0.199548401366));
#3399 = CARTESIAN_POINT('',(0.519139488221,0.196317997915));
#3400 = CARTESIAN_POINT('',(0.523351878176,0.190323655054));
#3401 = CARTESIAN_POINT('',(0.52497710995,0.187804568791));
#3402 = CARTESIAN_POINT('',(0.526578504399,0.18512232595));
#3403 = CARTESIAN_POINT('',(0.528155486051,0.182287321199));
#3404 = CARTESIAN_POINT('',(0.529707749966,0.179309647418));
#3405 = CARTESIAN_POINT('',(0.531235230726,0.176198907781));
#3406 = CARTESIAN_POINT('',(0.532738071427,0.172964027842));
#3407 = CARTESIAN_POINT('',(0.541250470393,0.153671298435));
#3408 = CARTESIAN_POINT('',(0.547699874858,0.135180199405));
#3409 = CARTESIAN_POINT('',(0.553667476974,0.114921418412));
#3410 = CARTESIAN_POINT('',(0.55920617146,9.338963256093E-02));
#3411 = CARTESIAN_POINT('',(0.564371135943,7.096420671017E-02));
#3412 = CARTESIAN_POINT('',(0.569208864654,4.786972832264E-02));
#3413 = CARTESIAN_POINT('',(0.573768212471,2.421906560009E-02));
#3414 = CARTESIAN_POINT('',(0.578097292821,0.));
#3415 = ( GEOMETRIC_REPRESENTATION_CONTEXT(2) 
PARAMETRIC_REPRESENTATION_CONTEXT() REPRESENTATION_CONTEXT('2D SPACE',''
  ) );
#3416 = PCURVE('',#2648,#3417);
#3417 = DEFINITIONAL_REPRESENTATION('',(#3418),#3442);
#3418 = B_SPLINE_CURVE_WITH_KNOTS('',8,(#3419,#3420,#3421,#3422,#3423,
    #3424,#3425,#3426,#3427,#3428,#3429,#3430,#3431,#3432,#3433,#3434,
    #3435,#3436,#3437,#3438,#3439,#3440,#3441),.UNSPECIFIED.,.F.,.F.,(9,
    7,7,9),(0.,0.212735503718,0.349475721286,1.),.UNSPECIFIED.);
#3419 = CARTESIAN_POINT('',(-6.28318530718,-4.28186621419));
#3420 = CARTESIAN_POINT('',(-6.268279045225,-4.28186621419));
#3421 = CARTESIAN_POINT('',(-6.253368056525,-4.28317437633));
#3422 = CARTESIAN_POINT('',(-6.238527334529,-4.285792203337));
#3423 = CARTESIAN_POINT('',(-6.223818555183,-4.28968356171));
#3424 = CARTESIAN_POINT('',(-6.209292099646,-4.294785254031));
#3425 = CARTESIAN_POINT('',(-6.19498867379,-4.301016096927));
#3426 = CARTESIAN_POINT('',(-6.180940524473,-4.308284504691));
#3427 = CARTESIAN_POINT('',(-6.158322406404,-4.321771776128));
#3428 = CARTESIAN_POINT('',(-6.149585413656,-4.327439720221));
#3429 = CARTESIAN_POINT('',(-6.140965390365,-4.333474766613));
#3430 = CARTESIAN_POINT('',(-6.13246497198,-4.339853527302));
#3431 = CARTESIAN_POINT('',(-6.124085460104,-4.34655329331));
#3432 = CARTESIAN_POINT('',(-6.115826969199,-4.353552457492));
#3433 = CARTESIAN_POINT('',(-6.107688573291,-4.360830937356));
#3434 = CARTESIAN_POINT('',(-6.061513743894,-4.404239578521));
#3435 = CARTESIAN_POINT('',(-6.026220657415,-4.445844551338));
#3436 = CARTESIAN_POINT('',(-5.993228739612,-4.491426808574));
#3437 = CARTESIAN_POINT('',(-5.962267541748,-4.539873326738));
#3438 = CARTESIAN_POINT('',(-5.933060750885,-4.590330534902));
#3439 = CARTESIAN_POINT('',(-5.905378076833,-4.642293111274));
#3440 = CARTESIAN_POINT('',(-5.878968685745,-4.6955071024));
#3441 = CARTESIAN_POINT('',(-5.853572424249,-4.75));
#3442 = ( GEOMETRIC_REPRESENTATION_CONTEXT(2) 
PARAMETRIC_REPRESENTATION_CONTEXT() REPRESENTATION_CONTEXT('2D SPACE',''
  ) );
#3443 = ORIENTED_EDGE('',*,*,#3444,.T.);
#3444 = EDGE_CURVE('',#3362,#1504,#3445,.T.);
#3445 = SURFACE_CURVE('',#3446,(#3449,#3456),.PCURVE_S1.);
#3446 = B_SPLINE_CURVE_WITH_KNOTS('',1,(#3447,#3448),.UNSPECIFIED.,.F.,
  .F.,(2,2),(0.,1.),.PIECEWISE_BEZIER_KNOTS.);
#3447 = CARTESIAN_POINT('',(26.704613236311,10.,4.75));
#3448 = CARTESIAN_POINT('',(26.704613236311,0.,4.75));
#3449 = PCURVE('',#1037,#3450);
#3450 = DEFINITIONAL_REPRESENTATION('',(#3451),#3455);
#3451 = LINE('',#3452,#3453);
#3452 = CARTESIAN_POINT('',(0.,0.));
#3453 = VECTOR('',#3454,1.);
#3454 = DIRECTION('',(1.,0.));
#3455 = ( GEOMETRIC_REPRESENTATION_CONTEXT(2) 
PARAMETRIC_REPRESENTATION_CONTEXT() REPRESENTATION_CONTEXT('2D SPACE',''
  ) );
#3456 = PCURVE('',#1517,#3457);
#3457 = DEFINITIONAL_REPRESENTATION('',(#3458),#3462);
#3458 = LINE('',#3459,#3460);
#3459 = CARTESIAN_POINT('',(0.,1.));
#3460 = VECTOR('',#3461,1.);
#3461 = DIRECTION('',(1.,0.));
#3462 = ( GEOMETRIC_REPRESENTATION_CONTEXT(2) 
PARAMETRIC_REPRESENTATION_CONTEXT() REPRESENTATION_CONTEXT('2D SPACE',''
  ) );
#3463 = ORIENTED_EDGE('',*,*,#1529,.T.);
#3464 = ORIENTED_EDGE('',*,*,#3465,.F.);
#3465 = EDGE_CURVE('',#998,#1530,#3466,.T.);
#3466 = SURFACE_CURVE('',#3467,(#3470,#3477),.PCURVE_S1.);
#3467 = B_SPLINE_CURVE_WITH_KNOTS('',1,(#3468,#3469),.UNSPECIFIED.,.F.,
  .F.,(2,2),(0.,1.),.PIECEWISE_BEZIER_KNOTS.);
#3468 = CARTESIAN_POINT('',(27.52354626341,10.,2.5));
#3469 = CARTESIAN_POINT('',(27.52354626341,0.,2.5));
#3470 = PCURVE('',#1037,#3471);
#3471 = DEFINITIONAL_REPRESENTATION('',(#3472),#3476);
#3472 = LINE('',#3473,#3474);
#3473 = CARTESIAN_POINT('',(0.,1.));
#3474 = VECTOR('',#3475,1.);
#3475 = DIRECTION('',(1.,0.));
#3476 = ( GEOMETRIC_REPRESENTATION_CONTEXT(2) 
PARAMETRIC_REPRESENTATION_CONTEXT() REPRESENTATION_CONTEXT('2D SPACE',''
  ) );
#3477 = PCURVE('',#1011,#3478);
#3478 = DEFINITIONAL_REPRESENTATION('',(#3479),#3483);
#3479 = LINE('',#3480,#3481);
#3480 = CARTESIAN_POINT('',(0.,0.));
#3481 = VECTOR('',#3482,1.);
#3482 = DIRECTION('',(1.,0.));
#3483 = ( GEOMETRIC_REPRESENTATION_CONTEXT(2) 
PARAMETRIC_REPRESENTATION_CONTEXT() REPRESENTATION_CONTEXT('2D SPACE',''
  ) );
#3484 = ADVANCED_FACE('',(#3485),#387,.T.);
#3485 = FACE_BOUND('',#3486,.T.);
#3486 = EDGE_LOOP('',(#3487,#3488,#3508,#3509));
#3487 = ORIENTED_EDGE('',*,*,#373,.F.);
#3488 = ORIENTED_EDGE('',*,*,#3489,.T.);
#3489 = EDGE_CURVE('',#374,#2034,#3490,.T.);
#3490 = SURFACE_CURVE('',#3491,(#3494,#3501),.PCURVE_S1.);
#3491 = B_SPLINE_CURVE_WITH_KNOTS('',1,(#3492,#3493),.UNSPECIFIED.,.F.,
  .F.,(2,2),(0.,1.),.PIECEWISE_BEZIER_KNOTS.);
#3492 = CARTESIAN_POINT('',(46.373102184949,10.,2.5));
#3493 = CARTESIAN_POINT('',(46.373102184949,0.,2.5));
#3494 = PCURVE('',#387,#3495);
#3495 = DEFINITIONAL_REPRESENTATION('',(#3496),#3500);
#3496 = LINE('',#3497,#3498);
#3497 = CARTESIAN_POINT('',(0.,0.));
#3498 = VECTOR('',#3499,1.);
#3499 = DIRECTION('',(1.,0.));
#3500 = ( GEOMETRIC_REPRESENTATION_CONTEXT(2) 
PARAMETRIC_REPRESENTATION_CONTEXT() REPRESENTATION_CONTEXT('2D SPACE',''
  ) );
#3501 = PCURVE('',#413,#3502);
#3502 = DEFINITIONAL_REPRESENTATION('',(#3503),#3507);
#3503 = LINE('',#3504,#3505);
#3504 = CARTESIAN_POINT('',(0.,1.));
#3505 = VECTOR('',#3506,1.);
#3506 = DIRECTION('',(1.,0.));
#3507 = ( GEOMETRIC_REPRESENTATION_CONTEXT(2) 
PARAMETRIC_REPRESENTATION_CONTEXT() REPRESENTATION_CONTEXT('2D SPACE',''
  ) );
#3508 = ORIENTED_EDGE('',*,*,#2054,.T.);
#3509 = ORIENTED_EDGE('',*,*,#3251,.F.);
#3510 = ADVANCED_FACE('',(#3511),#1011,.T.);
#3511 = FACE_BOUND('',#3512,.T.);
#3512 = EDGE_LOOP('',(#3513,#3514,#3515,#3516));
#3513 = ORIENTED_EDGE('',*,*,#997,.F.);
#3514 = ORIENTED_EDGE('',*,*,#3465,.T.);
#3515 = ORIENTED_EDGE('',*,*,#1550,.T.);
#3516 = ORIENTED_EDGE('',*,*,#3517,.F.);
#3517 = EDGE_CURVE('',#972,#1551,#3518,.T.);
#3518 = SURFACE_CURVE('',#3519,(#3522,#3529),.PCURVE_S1.);
#3519 = B_SPLINE_CURVE_WITH_KNOTS('',1,(#3520,#3521),.UNSPECIFIED.,.F.,
  .F.,(2,2),(0.,1.),.PIECEWISE_BEZIER_KNOTS.);
#3520 = CARTESIAN_POINT('',(28.184417004539,10.,2.5));
#3521 = CARTESIAN_POINT('',(28.184417004539,0.,2.5));
#3522 = PCURVE('',#1011,#3523);
#3523 = DEFINITIONAL_REPRESENTATION('',(#3524),#3528);
#3524 = LINE('',#3525,#3526);
#3525 = CARTESIAN_POINT('',(0.,1.));
#3526 = VECTOR('',#3527,1.);
#3527 = DIRECTION('',(1.,0.));
#3528 = ( GEOMETRIC_REPRESENTATION_CONTEXT(2) 
PARAMETRIC_REPRESENTATION_CONTEXT() REPRESENTATION_CONTEXT('2D SPACE',''
  ) );
#3529 = PCURVE('',#985,#3530);
#3530 = DEFINITIONAL_REPRESENTATION('',(#3531),#3535);
#3531 = LINE('',#3532,#3533);
#3532 = CARTESIAN_POINT('',(0.,0.));
#3533 = VECTOR('',#3534,1.);
#3534 = DIRECTION('',(1.,0.));
#3535 = ( GEOMETRIC_REPRESENTATION_CONTEXT(2) 
PARAMETRIC_REPRESENTATION_CONTEXT() REPRESENTATION_CONTEXT('2D SPACE',''
  ) );
#3536 = ADVANCED_FACE('',(#3537),#413,.T.);
#3537 = FACE_BOUND('',#3538,.T.);
#3538 = EDGE_LOOP('',(#3539,#3540,#3560,#3561));
#3539 = ORIENTED_EDGE('',*,*,#399,.F.);
#3540 = ORIENTED_EDGE('',*,*,#3541,.T.);
#3541 = EDGE_CURVE('',#400,#2013,#3542,.T.);
#3542 = SURFACE_CURVE('',#3543,(#3546,#3553),.PCURVE_S1.);
#3543 = B_SPLINE_CURVE_WITH_KNOTS('',1,(#3544,#3545),.UNSPECIFIED.,.F.,
  .F.,(2,2),(0.,1.),.PIECEWISE_BEZIER_KNOTS.);
#3544 = CARTESIAN_POINT('',(45.55416915785,10.,4.75));
#3545 = CARTESIAN_POINT('',(45.55416915785,0.,4.75));
#3546 = PCURVE('',#413,#3547);
#3547 = DEFINITIONAL_REPRESENTATION('',(#3548),#3552);
#3548 = LINE('',#3549,#3550);
#3549 = CARTESIAN_POINT('',(0.,0.));
#3550 = VECTOR('',#3551,1.);
#3551 = DIRECTION('',(1.,0.));
#3552 = ( GEOMETRIC_REPRESENTATION_CONTEXT(2) 
PARAMETRIC_REPRESENTATION_CONTEXT() REPRESENTATION_CONTEXT('2D SPACE',''
  ) );
#3553 = PCURVE('',#439,#3554);
#3554 = DEFINITIONAL_REPRESENTATION('',(#3555),#3559);
#3555 = LINE('',#3556,#3557);
#3556 = CARTESIAN_POINT('',(0.,1.));
#3557 = VECTOR('',#3558,1.);
#3558 = DIRECTION('',(1.,0.));
#3559 = ( GEOMETRIC_REPRESENTATION_CONTEXT(2) 
PARAMETRIC_REPRESENTATION_CONTEXT() REPRESENTATION_CONTEXT('2D SPACE',''
  ) );
#3560 = ORIENTED_EDGE('',*,*,#2033,.T.);
#3561 = ORIENTED_EDGE('',*,*,#3489,.F.);
#3562 = ADVANCED_FACE('',(#3563),#985,.T.);
#3563 = FACE_BOUND('',#3564,.T.);
#3564 = EDGE_LOOP('',(#3565,#3566,#3567,#3568));
#3565 = ORIENTED_EDGE('',*,*,#971,.F.);
#3566 = ORIENTED_EDGE('',*,*,#3517,.T.);
#3567 = ORIENTED_EDGE('',*,*,#1571,.T.);
#3568 = ORIENTED_EDGE('',*,*,#3569,.F.);
#3569 = EDGE_CURVE('',#946,#1572,#3570,.T.);
#3570 = SURFACE_CURVE('',#3571,(#3574,#3581),.PCURVE_S1.);
#3571 = B_SPLINE_CURVE_WITH_KNOTS('',1,(#3572,#3573),.UNSPECIFIED.,.F.,
  .F.,(2,2),(0.,1.),.PIECEWISE_BEZIER_KNOTS.);
#3572 = CARTESIAN_POINT('',(29.003350031638,10.,4.75));
#3573 = CARTESIAN_POINT('',(29.003350031638,0.,4.75));
#3574 = PCURVE('',#985,#3575);
#3575 = DEFINITIONAL_REPRESENTATION('',(#3576),#3580);
#3576 = LINE('',#3577,#3578);
#3577 = CARTESIAN_POINT('',(0.,1.));
#3578 = VECTOR('',#3579,1.);
#3579 = DIRECTION('',(1.,0.));
#3580 = ( GEOMETRIC_REPRESENTATION_CONTEXT(2) 
PARAMETRIC_REPRESENTATION_CONTEXT() REPRESENTATION_CONTEXT('2D SPACE',''
  ) );
#3581 = PCURVE('',#959,#3582);
#3582 = DEFINITIONAL_REPRESENTATION('',(#3583),#3587);
#3583 = LINE('',#3584,#3585);
#3584 = CARTESIAN_POINT('',(0.,0.));
#3585 = VECTOR('',#3586,1.);
#3586 = DIRECTION('',(1.,0.));
#3587 = ( GEOMETRIC_REPRESENTATION_CONTEXT(2) 
PARAMETRIC_REPRESENTATION_CONTEXT() REPRESENTATION_CONTEXT('2D SPACE',''
  ) );
#3588 = ADVANCED_FACE('',(#3589),#439,.T.);
#3589 = FACE_BOUND('',#3590,.T.);
#3590 = EDGE_LOOP('',(#3591,#3592,#3612,#3613));
#3591 = ORIENTED_EDGE('',*,*,#425,.F.);
#3592 = ORIENTED_EDGE('',*,*,#3593,.T.);
#3593 = EDGE_CURVE('',#426,#1992,#3594,.T.);
#3594 = SURFACE_CURVE('',#3595,(#3598,#3605),.PCURVE_S1.);
#3595 = B_SPLINE_CURVE_WITH_KNOTS('',1,(#3596,#3597),.UNSPECIFIED.,.F.,
  .F.,(2,2),(0.,1.),.PIECEWISE_BEZIER_KNOTS.);
#3596 = CARTESIAN_POINT('',(44.711313299587,10.,4.75));
#3597 = CARTESIAN_POINT('',(44.711313299587,0.,4.75));
#3598 = PCURVE('',#439,#3599);
#3599 = DEFINITIONAL_REPRESENTATION('',(#3600),#3604);
#3600 = LINE('',#3601,#3602);
#3601 = CARTESIAN_POINT('',(0.,0.));
#3602 = VECTOR('',#3603,1.);
#3603 = DIRECTION('',(1.,0.));
#3604 = ( GEOMETRIC_REPRESENTATION_CONTEXT(2) 
PARAMETRIC_REPRESENTATION_CONTEXT() REPRESENTATION_CONTEXT('2D SPACE',''
  ) );
#3605 = PCURVE('',#465,#3606);
#3606 = DEFINITIONAL_REPRESENTATION('',(#3607),#3611);
#3607 = LINE('',#3608,#3609);
#3608 = CARTESIAN_POINT('',(0.,1.));
#3609 = VECTOR('',#3610,1.);
#3610 = DIRECTION('',(1.,0.));
#3611 = ( GEOMETRIC_REPRESENTATION_CONTEXT(2) 
PARAMETRIC_REPRESENTATION_CONTEXT() REPRESENTATION_CONTEXT('2D SPACE',''
  ) );
#3612 = ORIENTED_EDGE('',*,*,#2012,.T.);
#3613 = ORIENTED_EDGE('',*,*,#3541,.F.);
#3614 = ADVANCED_FACE('',(#3615),#959,.T.);
#3615 = FACE_BOUND('',#3616,.T.);
#3616 = EDGE_LOOP('',(#3617,#3618,#3619,#3620));
#3617 = ORIENTED_EDGE('',*,*,#945,.F.);
#3618 = ORIENTED_EDGE('',*,*,#3569,.T.);
#3619 = ORIENTED_EDGE('',*,*,#1592,.T.);
#3620 = ORIENTED_EDGE('',*,*,#3621,.F.);
#3621 = EDGE_CURVE('',#920,#1593,#3622,.T.);
#3622 = SURFACE_CURVE('',#3623,(#3626,#3633),.PCURVE_S1.);
#3623 = B_SPLINE_CURVE_WITH_KNOTS('',1,(#3624,#3625),.UNSPECIFIED.,.F.,
  .F.,(2,2),(0.,1.),.PIECEWISE_BEZIER_KNOTS.);
#3624 = CARTESIAN_POINT('',(29.846205889901,10.,4.75));
#3625 = CARTESIAN_POINT('',(29.846205889901,0.,4.75));
#3626 = PCURVE('',#959,#3627);
#3627 = DEFINITIONAL_REPRESENTATION('',(#3628),#3632);
#3628 = LINE('',#3629,#3630);
#3629 = CARTESIAN_POINT('',(0.,1.));
#3630 = VECTOR('',#3631,1.);
#3631 = DIRECTION('',(1.,0.));
#3632 = ( GEOMETRIC_REPRESENTATION_CONTEXT(2) 
PARAMETRIC_REPRESENTATION_CONTEXT() REPRESENTATION_CONTEXT('2D SPACE',''
  ) );
#3633 = PCURVE('',#933,#3634);
#3634 = DEFINITIONAL_REPRESENTATION('',(#3635),#3639);
#3635 = LINE('',#3636,#3637);
#3636 = CARTESIAN_POINT('',(0.,0.));
#3637 = VECTOR('',#3638,1.);
#3638 = DIRECTION('',(1.,0.));
#3639 = ( GEOMETRIC_REPRESENTATION_CONTEXT(2) 
PARAMETRIC_REPRESENTATION_CONTEXT() REPRESENTATION_CONTEXT('2D SPACE',''
  ) );
#3640 = ADVANCED_FACE('',(#3641),#465,.T.);
#3641 = FACE_BOUND('',#3642,.T.);
#3642 = EDGE_LOOP('',(#3643,#3644,#3664,#3665));
#3643 = ORIENTED_EDGE('',*,*,#451,.F.);
#3644 = ORIENTED_EDGE('',*,*,#3645,.T.);
#3645 = EDGE_CURVE('',#452,#1971,#3646,.T.);
#3646 = SURFACE_CURVE('',#3647,(#3650,#3657),.PCURVE_S1.);
#3647 = B_SPLINE_CURVE_WITH_KNOTS('',1,(#3648,#3649),.UNSPECIFIED.,.F.,
  .F.,(2,2),(0.,1.),.PIECEWISE_BEZIER_KNOTS.);
#3648 = CARTESIAN_POINT('',(43.892380272488,10.,2.5));
#3649 = CARTESIAN_POINT('',(43.892380272488,0.,2.5));
#3650 = PCURVE('',#465,#3651);
#3651 = DEFINITIONAL_REPRESENTATION('',(#3652),#3656);
#3652 = LINE('',#3653,#3654);
#3653 = CARTESIAN_POINT('',(0.,0.));
#3654 = VECTOR('',#3655,1.);
#3655 = DIRECTION('',(1.,0.));
#3656 = ( GEOMETRIC_REPRESENTATION_CONTEXT(2) 
PARAMETRIC_REPRESENTATION_CONTEXT() REPRESENTATION_CONTEXT('2D SPACE',''
  ) );
#3657 = PCURVE('',#491,#3658);
#3658 = DEFINITIONAL_REPRESENTATION('',(#3659),#3663);
#3659 = LINE('',#3660,#3661);
#3660 = CARTESIAN_POINT('',(0.,1.));
#3661 = VECTOR('',#3662,1.);
#3662 = DIRECTION('',(1.,0.));
#3663 = ( GEOMETRIC_REPRESENTATION_CONTEXT(2) 
PARAMETRIC_REPRESENTATION_CONTEXT() REPRESENTATION_CONTEXT('2D SPACE',''
  ) );
#3664 = ORIENTED_EDGE('',*,*,#1991,.T.);
#3665 = ORIENTED_EDGE('',*,*,#3593,.F.);
#3666 = ADVANCED_FACE('',(#3667),#933,.T.);
#3667 = FACE_BOUND('',#3668,.T.);
#3668 = EDGE_LOOP('',(#3669,#3670,#3671,#3672));
#3669 = ORIENTED_EDGE('',*,*,#919,.F.);
#3670 = ORIENTED_EDGE('',*,*,#3621,.T.);
#3671 = ORIENTED_EDGE('',*,*,#1613,.T.);
#3672 = ORIENTED_EDGE('',*,*,#3673,.F.);
#3673 = EDGE_CURVE('',#894,#1614,#3674,.T.);
#3674 = SURFACE_CURVE('',#3675,(#3678,#3685),.PCURVE_S1.);
#3675 = B_SPLINE_CURVE_WITH_KNOTS('',1,(#3676,#3677),.UNSPECIFIED.,.F.,
  .F.,(2,2),(0.,1.),.PIECEWISE_BEZIER_KNOTS.);
#3676 = CARTESIAN_POINT('',(30.665138917,10.,2.5));
#3677 = CARTESIAN_POINT('',(30.665138917,0.,2.5));
#3678 = PCURVE('',#933,#3679);
#3679 = DEFINITIONAL_REPRESENTATION('',(#3680),#3684);
#3680 = LINE('',#3681,#3682);
#3681 = CARTESIAN_POINT('',(0.,1.));
#3682 = VECTOR('',#3683,1.);
#3683 = DIRECTION('',(1.,0.));
#3684 = ( GEOMETRIC_REPRESENTATION_CONTEXT(2) 
PARAMETRIC_REPRESENTATION_CONTEXT() REPRESENTATION_CONTEXT('2D SPACE',''
  ) );
#3685 = PCURVE('',#907,#3686);
#3686 = DEFINITIONAL_REPRESENTATION('',(#3687),#3691);
#3687 = LINE('',#3688,#3689);
#3688 = CARTESIAN_POINT('',(0.,0.));
#3689 = VECTOR('',#3690,1.);
#3690 = DIRECTION('',(1.,0.));
#3691 = ( GEOMETRIC_REPRESENTATION_CONTEXT(2) 
PARAMETRIC_REPRESENTATION_CONTEXT() REPRESENTATION_CONTEXT('2D SPACE',''
  ) );
#3692 = ADVANCED_FACE('',(#3693),#491,.T.);
#3693 = FACE_BOUND('',#3694,.T.);
#3694 = EDGE_LOOP('',(#3695,#3696,#3716,#3717));
#3695 = ORIENTED_EDGE('',*,*,#477,.F.);
#3696 = ORIENTED_EDGE('',*,*,#3697,.T.);
#3697 = EDGE_CURVE('',#478,#1950,#3698,.T.);
#3698 = SURFACE_CURVE('',#3699,(#3702,#3709),.PCURVE_S1.);
#3699 = B_SPLINE_CURVE_WITH_KNOTS('',1,(#3700,#3701),.UNSPECIFIED.,.F.,
  .F.,(2,2),(0.,1.),.PIECEWISE_BEZIER_KNOTS.);
#3700 = CARTESIAN_POINT('',(43.231509531359,10.,2.5));
#3701 = CARTESIAN_POINT('',(43.231509531359,0.,2.5));
#3702 = PCURVE('',#491,#3703);
#3703 = DEFINITIONAL_REPRESENTATION('',(#3704),#3708);
#3704 = LINE('',#3705,#3706);
#3705 = CARTESIAN_POINT('',(0.,0.));
#3706 = VECTOR('',#3707,1.);
#3707 = DIRECTION('',(1.,0.));
#3708 = ( GEOMETRIC_REPRESENTATION_CONTEXT(2) 
PARAMETRIC_REPRESENTATION_CONTEXT() REPRESENTATION_CONTEXT('2D SPACE',''
  ) );
#3709 = PCURVE('',#517,#3710);
#3710 = DEFINITIONAL_REPRESENTATION('',(#3711),#3715);
#3711 = LINE('',#3712,#3713);
#3712 = CARTESIAN_POINT('',(0.,1.));
#3713 = VECTOR('',#3714,1.);
#3714 = DIRECTION('',(1.,0.));
#3715 = ( GEOMETRIC_REPRESENTATION_CONTEXT(2) 
PARAMETRIC_REPRESENTATION_CONTEXT() REPRESENTATION_CONTEXT('2D SPACE',''
  ) );
#3716 = ORIENTED_EDGE('',*,*,#1970,.T.);
#3717 = ORIENTED_EDGE('',*,*,#3645,.F.);
#3718 = ADVANCED_FACE('',(#3719),#907,.T.);
#3719 = FACE_BOUND('',#3720,.T.);
#3720 = EDGE_LOOP('',(#3721,#3722,#3723,#3724));
#3721 = ORIENTED_EDGE('',*,*,#893,.F.);
#3722 = ORIENTED_EDGE('',*,*,#3673,.T.);
#3723 = ORIENTED_EDGE('',*,*,#1634,.T.);
#3724 = ORIENTED_EDGE('',*,*,#3725,.F.);
#3725 = EDGE_CURVE('',#868,#1635,#3726,.T.);
#3726 = SURFACE_CURVE('',#3727,(#3730,#3737),.PCURVE_S1.);
#3727 = B_SPLINE_CURVE_WITH_KNOTS('',1,(#3728,#3729),.UNSPECIFIED.,.F.,
  .F.,(2,2),(0.,1.),.PIECEWISE_BEZIER_KNOTS.);
#3728 = CARTESIAN_POINT('',(31.326009658129,10.,2.5));
#3729 = CARTESIAN_POINT('',(31.326009658129,0.,2.5));
#3730 = PCURVE('',#907,#3731);
#3731 = DEFINITIONAL_REPRESENTATION('',(#3732),#3736);
#3732 = LINE('',#3733,#3734);
#3733 = CARTESIAN_POINT('',(0.,1.));
#3734 = VECTOR('',#3735,1.);
#3735 = DIRECTION('',(1.,0.));
#3736 = ( GEOMETRIC_REPRESENTATION_CONTEXT(2) 
PARAMETRIC_REPRESENTATION_CONTEXT() REPRESENTATION_CONTEXT('2D SPACE',''
  ) );
#3737 = PCURVE('',#881,#3738);
#3738 = DEFINITIONAL_REPRESENTATION('',(#3739),#3743);
#3739 = LINE('',#3740,#3741);
#3740 = CARTESIAN_POINT('',(0.,0.));
#3741 = VECTOR('',#3742,1.);
#3742 = DIRECTION('',(1.,0.));
#3743 = ( GEOMETRIC_REPRESENTATION_CONTEXT(2) 
PARAMETRIC_REPRESENTATION_CONTEXT() REPRESENTATION_CONTEXT('2D SPACE',''
  ) );
#3744 = ADVANCED_FACE('',(#3745),#517,.T.);
#3745 = FACE_BOUND('',#3746,.T.);
#3746 = EDGE_LOOP('',(#3747,#3748,#3768,#3769));
#3747 = ORIENTED_EDGE('',*,*,#503,.F.);
#3748 = ORIENTED_EDGE('',*,*,#3749,.T.);
#3749 = EDGE_CURVE('',#504,#1929,#3750,.T.);
#3750 = SURFACE_CURVE('',#3751,(#3754,#3761),.PCURVE_S1.);
#3751 = B_SPLINE_CURVE_WITH_KNOTS('',1,(#3752,#3753),.UNSPECIFIED.,.F.,
  .F.,(2,2),(0.,1.),.PIECEWISE_BEZIER_KNOTS.);
#3752 = CARTESIAN_POINT('',(42.41257650426,10.,4.75));
#3753 = CARTESIAN_POINT('',(42.41257650426,0.,4.75));
#3754 = PCURVE('',#517,#3755);
#3755 = DEFINITIONAL_REPRESENTATION('',(#3756),#3760);
#3756 = LINE('',#3757,#3758);
#3757 = CARTESIAN_POINT('',(0.,0.));
#3758 = VECTOR('',#3759,1.);
#3759 = DIRECTION('',(1.,0.));
#3760 = ( GEOMETRIC_REPRESENTATION_CONTEXT(2) 
PARAMETRIC_REPRESENTATION_CONTEXT() REPRESENTATION_CONTEXT('2D SPACE',''
  ) );
#3761 = PCURVE('',#543,#3762);
#3762 = DEFINITIONAL_REPRESENTATION('',(#3763),#3767);
#3763 = LINE('',#3764,#3765);
#3764 = CARTESIAN_POINT('',(0.,1.));
#3765 = VECTOR('',#3766,1.);
#3766 = DIRECTION('',(1.,0.));
#3767 = ( GEOMETRIC_REPRESENTATION_CONTEXT(2) 
PARAMETRIC_REPRESENTATION_CONTEXT() REPRESENTATION_CONTEXT('2D SPACE',''
  ) );
#3768 = ORIENTED_EDGE('',*,*,#1949,.T.);
#3769 = ORIENTED_EDGE('',*,*,#3697,.F.);
#3770 = ADVANCED_FACE('',(#3771),#881,.T.);
#3771 = FACE_BOUND('',#3772,.T.);
#3772 = EDGE_LOOP('',(#3773,#3774,#3775,#3776));
#3773 = ORIENTED_EDGE('',*,*,#867,.F.);
#3774 = ORIENTED_EDGE('',*,*,#3725,.T.);
#3775 = ORIENTED_EDGE('',*,*,#1655,.T.);
#3776 = ORIENTED_EDGE('',*,*,#3777,.F.);
#3777 = EDGE_CURVE('',#842,#1656,#3778,.T.);
#3778 = SURFACE_CURVE('',#3779,(#3782,#3789),.PCURVE_S1.);
#3779 = B_SPLINE_CURVE_WITH_KNOTS('',1,(#3780,#3781),.UNSPECIFIED.,.F.,
  .F.,(2,2),(0.,1.),.PIECEWISE_BEZIER_KNOTS.);
#3780 = CARTESIAN_POINT('',(32.144942685228,10.,4.75));
#3781 = CARTESIAN_POINT('',(32.144942685228,0.,4.75));
#3782 = PCURVE('',#881,#3783);
#3783 = DEFINITIONAL_REPRESENTATION('',(#3784),#3788);
#3784 = LINE('',#3785,#3786);
#3785 = CARTESIAN_POINT('',(0.,1.));
#3786 = VECTOR('',#3787,1.);
#3787 = DIRECTION('',(1.,0.));
#3788 = ( GEOMETRIC_REPRESENTATION_CONTEXT(2) 
PARAMETRIC_REPRESENTATION_CONTEXT() REPRESENTATION_CONTEXT('2D SPACE',''
  ) );
#3789 = PCURVE('',#855,#3790);
#3790 = DEFINITIONAL_REPRESENTATION('',(#3791),#3795);
#3791 = LINE('',#3792,#3793);
#3792 = CARTESIAN_POINT('',(0.,0.));
#3793 = VECTOR('',#3794,1.);
#3794 = DIRECTION('',(1.,0.));
#3795 = ( GEOMETRIC_REPRESENTATION_CONTEXT(2) 
PARAMETRIC_REPRESENTATION_CONTEXT() REPRESENTATION_CONTEXT('2D SPACE',''
  ) );
#3796 = ADVANCED_FACE('',(#3797),#543,.T.);
#3797 = FACE_BOUND('',#3798,.T.);
#3798 = EDGE_LOOP('',(#3799,#3800,#3820,#3821));
#3799 = ORIENTED_EDGE('',*,*,#529,.F.);
#3800 = ORIENTED_EDGE('',*,*,#3801,.T.);
#3801 = EDGE_CURVE('',#530,#1908,#3802,.T.);
#3802 = SURFACE_CURVE('',#3803,(#3806,#3813),.PCURVE_S1.);
#3803 = B_SPLINE_CURVE_WITH_KNOTS('',1,(#3804,#3805),.UNSPECIFIED.,.F.,
  .F.,(2,2),(0.,1.),.PIECEWISE_BEZIER_KNOTS.);
#3804 = CARTESIAN_POINT('',(41.569720645997,10.,4.75));
#3805 = CARTESIAN_POINT('',(41.569720645997,0.,4.75));
#3806 = PCURVE('',#543,#3807);
#3807 = DEFINITIONAL_REPRESENTATION('',(#3808),#3812);
#3808 = LINE('',#3809,#3810);
#3809 = CARTESIAN_POINT('',(0.,0.));
#3810 = VECTOR('',#3811,1.);
#3811 = DIRECTION('',(1.,0.));
#3812 = ( GEOMETRIC_REPRESENTATION_CONTEXT(2) 
PARAMETRIC_REPRESENTATION_CONTEXT() REPRESENTATION_CONTEXT('2D SPACE',''
  ) );
#3813 = PCURVE('',#569,#3814);
#3814 = DEFINITIONAL_REPRESENTATION('',(#3815),#3819);
#3815 = LINE('',#3816,#3817);
#3816 = CARTESIAN_POINT('',(0.,1.));
#3817 = VECTOR('',#3818,1.);
#3818 = DIRECTION('',(1.,0.));
#3819 = ( GEOMETRIC_REPRESENTATION_CONTEXT(2) 
PARAMETRIC_REPRESENTATION_CONTEXT() REPRESENTATION_CONTEXT('2D SPACE',''
  ) );
#3820 = ORIENTED_EDGE('',*,*,#1928,.T.);
#3821 = ORIENTED_EDGE('',*,*,#3749,.F.);
#3822 = ADVANCED_FACE('',(#3823),#855,.T.);
#3823 = FACE_BOUND('',#3824,.T.);
#3824 = EDGE_LOOP('',(#3825,#3826,#3827,#3828));
#3825 = ORIENTED_EDGE('',*,*,#841,.F.);
#3826 = ORIENTED_EDGE('',*,*,#3777,.T.);
#3827 = ORIENTED_EDGE('',*,*,#1676,.T.);
#3828 = ORIENTED_EDGE('',*,*,#3829,.F.);
#3829 = EDGE_CURVE('',#816,#1677,#3830,.T.);
#3830 = SURFACE_CURVE('',#3831,(#3834,#3841),.PCURVE_S1.);
#3831 = B_SPLINE_CURVE_WITH_KNOTS('',1,(#3832,#3833),.UNSPECIFIED.,.F.,
  .F.,(2,2),(0.,1.),.PIECEWISE_BEZIER_KNOTS.);
#3832 = CARTESIAN_POINT('',(32.98779854349,10.,4.75));
#3833 = CARTESIAN_POINT('',(32.98779854349,0.,4.75));
#3834 = PCURVE('',#855,#3835);
#3835 = DEFINITIONAL_REPRESENTATION('',(#3836),#3840);
#3836 = LINE('',#3837,#3838);
#3837 = CARTESIAN_POINT('',(0.,1.));
#3838 = VECTOR('',#3839,1.);
#3839 = DIRECTION('',(1.,0.));
#3840 = ( GEOMETRIC_REPRESENTATION_CONTEXT(2) 
PARAMETRIC_REPRESENTATION_CONTEXT() REPRESENTATION_CONTEXT('2D SPACE',''
  ) );
#3841 = PCURVE('',#829,#3842);
#3842 = DEFINITIONAL_REPRESENTATION('',(#3843),#3847);
#3843 = LINE('',#3844,#3845);
#3844 = CARTESIAN_POINT('',(0.,0.));
#3845 = VECTOR('',#3846,1.);
#3846 = DIRECTION('',(1.,0.));
#3847 = ( GEOMETRIC_REPRESENTATION_CONTEXT(2) 
PARAMETRIC_REPRESENTATION_CONTEXT() REPRESENTATION_CONTEXT('2D SPACE',''
  ) );
#3848 = ADVANCED_FACE('',(#3849),#569,.T.);
#3849 = FACE_BOUND('',#3850,.T.);
#3850 = EDGE_LOOP('',(#3851,#3852,#3872,#3873));
#3851 = ORIENTED_EDGE('',*,*,#555,.F.);
#3852 = ORIENTED_EDGE('',*,*,#3853,.T.);
#3853 = EDGE_CURVE('',#556,#1887,#3854,.T.);
#3854 = SURFACE_CURVE('',#3855,(#3858,#3865),.PCURVE_S1.);
#3855 = B_SPLINE_CURVE_WITH_KNOTS('',1,(#3856,#3857),.UNSPECIFIED.,.F.,
  .F.,(2,2),(0.,1.),.PIECEWISE_BEZIER_KNOTS.);
#3856 = CARTESIAN_POINT('',(40.750787618898,10.,2.5));
#3857 = CARTESIAN_POINT('',(40.750787618898,0.,2.5));
#3858 = PCURVE('',#569,#3859);
#3859 = DEFINITIONAL_REPRESENTATION('',(#3860),#3864);
#3860 = LINE('',#3861,#3862);
#3861 = CARTESIAN_POINT('',(0.,0.));
#3862 = VECTOR('',#3863,1.);
#3863 = DIRECTION('',(1.,0.));
#3864 = ( GEOMETRIC_REPRESENTATION_CONTEXT(2) 
PARAMETRIC_REPRESENTATION_CONTEXT() REPRESENTATION_CONTEXT('2D SPACE',''
  ) );
#3865 = PCURVE('',#595,#3866);
#3866 = DEFINITIONAL_REPRESENTATION('',(#3867),#3871);
#3867 = LINE('',#3868,#3869);
#3868 = CARTESIAN_POINT('',(0.,1.));
#3869 = VECTOR('',#3870,1.);
#3870 = DIRECTION('',(1.,0.));
#3871 = ( GEOMETRIC_REPRESENTATION_CONTEXT(2) 
PARAMETRIC_REPRESENTATION_CONTEXT() REPRESENTATION_CONTEXT('2D SPACE',''
  ) );
#3872 = ORIENTED_EDGE('',*,*,#1907,.T.);
#3873 = ORIENTED_EDGE('',*,*,#3801,.F.);
#3874 = ADVANCED_FACE('',(#3875),#829,.T.);
#3875 = FACE_BOUND('',#3876,.T.);
#3876 = EDGE_LOOP('',(#3877,#3878,#3879,#3880));
#3877 = ORIENTED_EDGE('',*,*,#815,.F.);
#3878 = ORIENTED_EDGE('',*,*,#3829,.T.);
#3879 = ORIENTED_EDGE('',*,*,#1697,.T.);
#3880 = ORIENTED_EDGE('',*,*,#3881,.F.);
#3881 = EDGE_CURVE('',#790,#1698,#3882,.T.);
#3882 = SURFACE_CURVE('',#3883,(#3886,#3893),.PCURVE_S1.);
#3883 = B_SPLINE_CURVE_WITH_KNOTS('',1,(#3884,#3885),.UNSPECIFIED.,.F.,
  .F.,(2,2),(0.,1.),.PIECEWISE_BEZIER_KNOTS.);
#3884 = CARTESIAN_POINT('',(33.806731570589,10.,2.5));
#3885 = CARTESIAN_POINT('',(33.806731570589,0.,2.5));
#3886 = PCURVE('',#829,#3887);
#3887 = DEFINITIONAL_REPRESENTATION('',(#3888),#3892);
#3888 = LINE('',#3889,#3890);
#3889 = CARTESIAN_POINT('',(0.,1.));
#3890 = VECTOR('',#3891,1.);
#3891 = DIRECTION('',(1.,0.));
#3892 = ( GEOMETRIC_REPRESENTATION_CONTEXT(2) 
PARAMETRIC_REPRESENTATION_CONTEXT() REPRESENTATION_CONTEXT('2D SPACE',''
  ) );
#3893 = PCURVE('',#803,#3894);
#3894 = DEFINITIONAL_REPRESENTATION('',(#3895),#3899);
#3895 = LINE('',#3896,#3897);
#3896 = CARTESIAN_POINT('',(0.,0.));
#3897 = VECTOR('',#3898,1.);
#3898 = DIRECTION('',(1.,0.));
#3899 = ( GEOMETRIC_REPRESENTATION_CONTEXT(2) 
PARAMETRIC_REPRESENTATION_CONTEXT() REPRESENTATION_CONTEXT('2D SPACE',''
  ) );
#3900 = ADVANCED_FACE('',(#3901),#595,.T.);
#3901 = FACE_BOUND('',#3902,.T.);
#3902 = EDGE_LOOP('',(#3903,#3904,#3924,#3925));
#3903 = ORIENTED_EDGE('',*,*,#581,.F.);
#3904 = ORIENTED_EDGE('',*,*,#3905,.T.);
#3905 = EDGE_CURVE('',#582,#1866,#3906,.T.);
#3906 = SURFACE_CURVE('',#3907,(#3910,#3917),.PCURVE_S1.);
#3907 = B_SPLINE_CURVE_WITH_KNOTS('',1,(#3908,#3909),.UNSPECIFIED.,.F.,
  .F.,(2,2),(0.,1.),.PIECEWISE_BEZIER_KNOTS.);
#3908 = CARTESIAN_POINT('',(40.089916877769,10.,2.5));
#3909 = CARTESIAN_POINT('',(40.089916877769,0.,2.5));
#3910 = PCURVE('',#595,#3911);
#3911 = DEFINITIONAL_REPRESENTATION('',(#3912),#3916);
#3912 = LINE('',#3913,#3914);
#3913 = CARTESIAN_POINT('',(0.,0.));
#3914 = VECTOR('',#3915,1.);
#3915 = DIRECTION('',(1.,0.));
#3916 = ( GEOMETRIC_REPRESENTATION_CONTEXT(2) 
PARAMETRIC_REPRESENTATION_CONTEXT() REPRESENTATION_CONTEXT('2D SPACE',''
  ) );
#3917 = PCURVE('',#621,#3918);
#3918 = DEFINITIONAL_REPRESENTATION('',(#3919),#3923);
#3919 = LINE('',#3920,#3921);
#3920 = CARTESIAN_POINT('',(0.,1.));
#3921 = VECTOR('',#3922,1.);
#3922 = DIRECTION('',(1.,0.));
#3923 = ( GEOMETRIC_REPRESENTATION_CONTEXT(2) 
PARAMETRIC_REPRESENTATION_CONTEXT() REPRESENTATION_CONTEXT('2D SPACE',''
  ) );
#3924 = ORIENTED_EDGE('',*,*,#1886,.T.);
#3925 = ORIENTED_EDGE('',*,*,#3853,.F.);
#3926 = ADVANCED_FACE('',(#3927),#803,.T.);
#3927 = FACE_BOUND('',#3928,.T.);
#3928 = EDGE_LOOP('',(#3929,#3930,#3931,#3932));
#3929 = ORIENTED_EDGE('',*,*,#789,.F.);
#3930 = ORIENTED_EDGE('',*,*,#3881,.T.);
#3931 = ORIENTED_EDGE('',*,*,#1718,.T.);
#3932 = ORIENTED_EDGE('',*,*,#3933,.F.);
#3933 = EDGE_CURVE('',#764,#1719,#3934,.T.);
#3934 = SURFACE_CURVE('',#3935,(#3938,#3945),.PCURVE_S1.);
#3935 = B_SPLINE_CURVE_WITH_KNOTS('',1,(#3936,#3937),.UNSPECIFIED.,.F.,
  .F.,(2,2),(0.,1.),.PIECEWISE_BEZIER_KNOTS.);
#3936 = CARTESIAN_POINT('',(34.467602311719,10.,2.5));
#3937 = CARTESIAN_POINT('',(34.467602311719,0.,2.5));
#3938 = PCURVE('',#803,#3939);
#3939 = DEFINITIONAL_REPRESENTATION('',(#3940),#3944);
#3940 = LINE('',#3941,#3942);
#3941 = CARTESIAN_POINT('',(0.,1.));
#3942 = VECTOR('',#3943,1.);
#3943 = DIRECTION('',(1.,0.));
#3944 = ( GEOMETRIC_REPRESENTATION_CONTEXT(2) 
PARAMETRIC_REPRESENTATION_CONTEXT() REPRESENTATION_CONTEXT('2D SPACE',''
  ) );
#3945 = PCURVE('',#777,#3946);
#3946 = DEFINITIONAL_REPRESENTATION('',(#3947),#3951);
#3947 = LINE('',#3948,#3949);
#3948 = CARTESIAN_POINT('',(0.,0.));
#3949 = VECTOR('',#3950,1.);
#3950 = DIRECTION('',(1.,0.));
#3951 = ( GEOMETRIC_REPRESENTATION_CONTEXT(2) 
PARAMETRIC_REPRESENTATION_CONTEXT() REPRESENTATION_CONTEXT('2D SPACE',''
  ) );
#3952 = ADVANCED_FACE('',(#3953),#621,.T.);
#3953 = FACE_BOUND('',#3954,.T.);
#3954 = EDGE_LOOP('',(#3955,#3956,#3976,#3977));
#3955 = ORIENTED_EDGE('',*,*,#607,.F.);
#3956 = ORIENTED_EDGE('',*,*,#3957,.T.);
#3957 = EDGE_CURVE('',#608,#1845,#3958,.T.);
#3958 = SURFACE_CURVE('',#3959,(#3962,#3969),.PCURVE_S1.);
#3959 = B_SPLINE_CURVE_WITH_KNOTS('',1,(#3960,#3961),.UNSPECIFIED.,.F.,
  .F.,(2,2),(0.,1.),.PIECEWISE_BEZIER_KNOTS.);
#3960 = CARTESIAN_POINT('',(39.27098385067,10.,4.75));
#3961 = CARTESIAN_POINT('',(39.27098385067,0.,4.75));
#3962 = PCURVE('',#621,#3963);
#3963 = DEFINITIONAL_REPRESENTATION('',(#3964),#3968);
#3964 = LINE('',#3965,#3966);
#3965 = CARTESIAN_POINT('',(0.,0.));
#3966 = VECTOR('',#3967,1.);
#3967 = DIRECTION('',(1.,0.));
#3968 = ( GEOMETRIC_REPRESENTATION_CONTEXT(2) 
PARAMETRIC_REPRESENTATION_CONTEXT() REPRESENTATION_CONTEXT('2D SPACE',''
  ) );
#3969 = PCURVE('',#647,#3970);
#3970 = DEFINITIONAL_REPRESENTATION('',(#3971),#3975);
#3971 = LINE('',#3972,#3973);
#3972 = CARTESIAN_POINT('',(0.,1.));
#3973 = VECTOR('',#3974,1.);
#3974 = DIRECTION('',(1.,0.));
#3975 = ( GEOMETRIC_REPRESENTATION_CONTEXT(2) 
PARAMETRIC_REPRESENTATION_CONTEXT() REPRESENTATION_CONTEXT('2D SPACE',''
  ) );
#3976 = ORIENTED_EDGE('',*,*,#1865,.T.);
#3977 = ORIENTED_EDGE('',*,*,#3905,.F.);
#3978 = ADVANCED_FACE('',(#3979),#777,.T.);
#3979 = FACE_BOUND('',#3980,.T.);
#3980 = EDGE_LOOP('',(#3981,#3982,#3983,#3984));
#3981 = ORIENTED_EDGE('',*,*,#763,.F.);
#3982 = ORIENTED_EDGE('',*,*,#3933,.T.);
#3983 = ORIENTED_EDGE('',*,*,#1739,.T.);
#3984 = ORIENTED_EDGE('',*,*,#3985,.F.);
#3985 = EDGE_CURVE('',#738,#1740,#3986,.T.);
#3986 = SURFACE_CURVE('',#3987,(#3990,#3997),.PCURVE_S1.);
#3987 = B_SPLINE_CURVE_WITH_KNOTS('',1,(#3988,#3989),.UNSPECIFIED.,.F.,
  .F.,(2,2),(0.,1.),.PIECEWISE_BEZIER_KNOTS.);
#3988 = CARTESIAN_POINT('',(35.286535338818,10.,4.75));
#3989 = CARTESIAN_POINT('',(35.286535338818,0.,4.75));
#3990 = PCURVE('',#777,#3991);
#3991 = DEFINITIONAL_REPRESENTATION('',(#3992),#3996);
#3992 = LINE('',#3993,#3994);
#3993 = CARTESIAN_POINT('',(0.,1.));
#3994 = VECTOR('',#3995,1.);
#3995 = DIRECTION('',(1.,0.));
#3996 = ( GEOMETRIC_REPRESENTATION_CONTEXT(2) 
PARAMETRIC_REPRESENTATION_CONTEXT() REPRESENTATION_CONTEXT('2D SPACE',''
  ) );
#3997 = PCURVE('',#751,#3998);
#3998 = DEFINITIONAL_REPRESENTATION('',(#3999),#4003);
#3999 = LINE('',#4000,#4001);
#4000 = CARTESIAN_POINT('',(0.,0.));
#4001 = VECTOR('',#4002,1.);
#4002 = DIRECTION('',(1.,0.));
#4003 = ( GEOMETRIC_REPRESENTATION_CONTEXT(2) 
PARAMETRIC_REPRESENTATION_CONTEXT() REPRESENTATION_CONTEXT('2D SPACE',''
  ) );
#4004 = ADVANCED_FACE('',(#4005),#647,.T.);
#4005 = FACE_BOUND('',#4006,.T.);
#4006 = EDGE_LOOP('',(#4007,#4008,#4028,#4029));
#4007 = ORIENTED_EDGE('',*,*,#633,.F.);
#4008 = ORIENTED_EDGE('',*,*,#4009,.T.);
#4009 = EDGE_CURVE('',#634,#1824,#4010,.T.);
#4010 = SURFACE_CURVE('',#4011,(#4014,#4021),.PCURVE_S1.);
#4011 = B_SPLINE_CURVE_WITH_KNOTS('',1,(#4012,#4013),.UNSPECIFIED.,.F.,
  .F.,(2,2),(0.,1.),.PIECEWISE_BEZIER_KNOTS.);
#4012 = CARTESIAN_POINT('',(38.428127992408,10.,4.75));
#4013 = CARTESIAN_POINT('',(38.428127992408,0.,4.75));
#4014 = PCURVE('',#647,#4015);
#4015 = DEFINITIONAL_REPRESENTATION('',(#4016),#4020);
#4016 = LINE('',#4017,#4018);
#4017 = CARTESIAN_POINT('',(0.,0.));
#4018 = VECTOR('',#4019,1.);
#4019 = DIRECTION('',(1.,0.));
#4020 = ( GEOMETRIC_REPRESENTATION_CONTEXT(2) 
PARAMETRIC_REPRESENTATION_CONTEXT() REPRESENTATION_CONTEXT('2D SPACE',''
  ) );
#4021 = PCURVE('',#673,#4022);
#4022 = DEFINITIONAL_REPRESENTATION('',(#4023),#4027);
#4023 = LINE('',#4024,#4025);
#4024 = CARTESIAN_POINT('',(0.,1.));
#4025 = VECTOR('',#4026,1.);
#4026 = DIRECTION('',(1.,0.));
#4027 = ( GEOMETRIC_REPRESENTATION_CONTEXT(2) 
PARAMETRIC_REPRESENTATION_CONTEXT() REPRESENTATION_CONTEXT('2D SPACE',''
  ) );
#4028 = ORIENTED_EDGE('',*,*,#1844,.T.);
#4029 = ORIENTED_EDGE('',*,*,#3957,.F.);
#4030 = ADVANCED_FACE('',(#4031),#751,.T.);
#4031 = FACE_BOUND('',#4032,.T.);
#4032 = EDGE_LOOP('',(#4033,#4034,#4035,#4036));
#4033 = ORIENTED_EDGE('',*,*,#737,.F.);
#4034 = ORIENTED_EDGE('',*,*,#3985,.T.);
#4035 = ORIENTED_EDGE('',*,*,#1760,.T.);
#4036 = ORIENTED_EDGE('',*,*,#4037,.F.);
#4037 = EDGE_CURVE('',#712,#1761,#4038,.T.);
#4038 = SURFACE_CURVE('',#4039,(#4042,#4049),.PCURVE_S1.);
#4039 = B_SPLINE_CURVE_WITH_KNOTS('',1,(#4040,#4041),.UNSPECIFIED.,.F.,
  .F.,(2,2),(0.,1.),.PIECEWISE_BEZIER_KNOTS.);
#4040 = CARTESIAN_POINT('',(36.12939119708,10.,4.75));
#4041 = CARTESIAN_POINT('',(36.12939119708,0.,4.75));
#4042 = PCURVE('',#751,#4043);
#4043 = DEFINITIONAL_REPRESENTATION('',(#4044),#4048);
#4044 = LINE('',#4045,#4046);
#4045 = CARTESIAN_POINT('',(0.,1.));
#4046 = VECTOR('',#4047,1.);
#4047 = DIRECTION('',(1.,0.));
#4048 = ( GEOMETRIC_REPRESENTATION_CONTEXT(2) 
PARAMETRIC_REPRESENTATION_CONTEXT() REPRESENTATION_CONTEXT('2D SPACE',''
  ) );
#4049 = PCURVE('',#725,#4050);
#4050 = DEFINITIONAL_REPRESENTATION('',(#4051),#4055);
#4051 = LINE('',#4052,#4053);
#4052 = CARTESIAN_POINT('',(0.,0.));
#4053 = VECTOR('',#4054,1.);
#4054 = DIRECTION('',(1.,0.));
#4055 = ( GEOMETRIC_REPRESENTATION_CONTEXT(2) 
PARAMETRIC_REPRESENTATION_CONTEXT() REPRESENTATION_CONTEXT('2D SPACE',''
  ) );
#4056 = ADVANCED_FACE('',(#4057),#673,.T.);
#4057 = FACE_BOUND('',#4058,.T.);
#4058 = EDGE_LOOP('',(#4059,#4060,#4080,#4081));
#4059 = ORIENTED_EDGE('',*,*,#659,.F.);
#4060 = ORIENTED_EDGE('',*,*,#4061,.T.);
#4061 = EDGE_CURVE('',#660,#1803,#4062,.T.);
#4062 = SURFACE_CURVE('',#4063,(#4066,#4073),.PCURVE_S1.);
#4063 = B_SPLINE_CURVE_WITH_KNOTS('',1,(#4064,#4065),.UNSPECIFIED.,.F.,
  .F.,(2,2),(0.,1.),.PIECEWISE_BEZIER_KNOTS.);
#4064 = CARTESIAN_POINT('',(37.609194965309,10.,2.5));
#4065 = CARTESIAN_POINT('',(37.609194965309,0.,2.5));
#4066 = PCURVE('',#673,#4067);
#4067 = DEFINITIONAL_REPRESENTATION('',(#4068),#4072);
#4068 = LINE('',#4069,#4070);
#4069 = CARTESIAN_POINT('',(0.,0.));
#4070 = VECTOR('',#4071,1.);
#4071 = DIRECTION('',(1.,0.));
#4072 = ( GEOMETRIC_REPRESENTATION_CONTEXT(2) 
PARAMETRIC_REPRESENTATION_CONTEXT() REPRESENTATION_CONTEXT('2D SPACE',''
  ) );
#4073 = PCURVE('',#699,#4074);
#4074 = DEFINITIONAL_REPRESENTATION('',(#4075),#4079);
#4075 = LINE('',#4076,#4077);
#4076 = CARTESIAN_POINT('',(0.,1.));
#4077 = VECTOR('',#4078,1.);
#4078 = DIRECTION('',(1.,0.));
#4079 = ( GEOMETRIC_REPRESENTATION_CONTEXT(2) 
PARAMETRIC_REPRESENTATION_CONTEXT() REPRESENTATION_CONTEXT('2D SPACE',''
  ) );
#4080 = ORIENTED_EDGE('',*,*,#1823,.T.);
#4081 = ORIENTED_EDGE('',*,*,#4009,.F.);
#4082 = ADVANCED_FACE('',(#4083),#725,.T.);
#4083 = FACE_BOUND('',#4084,.T.);
#4084 = EDGE_LOOP('',(#4085,#4086,#4087,#4088));
#4085 = ORIENTED_EDGE('',*,*,#711,.F.);
#4086 = ORIENTED_EDGE('',*,*,#4037,.T.);
#4087 = ORIENTED_EDGE('',*,*,#1781,.T.);
#4088 = ORIENTED_EDGE('',*,*,#4089,.F.);
#4089 = EDGE_CURVE('',#686,#1782,#4090,.T.);
#4090 = SURFACE_CURVE('',#4091,(#4094,#4101),.PCURVE_S1.);
#4091 = B_SPLINE_CURVE_WITH_KNOTS('',1,(#4092,#4093),.UNSPECIFIED.,.F.,
  .F.,(2,2),(0.,1.),.PIECEWISE_BEZIER_KNOTS.);
#4092 = CARTESIAN_POINT('',(36.948324224179,10.,2.5));
#4093 = CARTESIAN_POINT('',(36.948324224179,0.,2.5));
#4094 = PCURVE('',#725,#4095);
#4095 = DEFINITIONAL_REPRESENTATION('',(#4096),#4100);
#4096 = LINE('',#4097,#4098);
#4097 = CARTESIAN_POINT('',(0.,1.));
#4098 = VECTOR('',#4099,1.);
#4099 = DIRECTION('',(1.,0.));
#4100 = ( GEOMETRIC_REPRESENTATION_CONTEXT(2) 
PARAMETRIC_REPRESENTATION_CONTEXT() REPRESENTATION_CONTEXT('2D SPACE',''
  ) );
#4101 = PCURVE('',#699,#4102);
#4102 = DEFINITIONAL_REPRESENTATION('',(#4103),#4107);
#4103 = LINE('',#4104,#4105);
#4104 = CARTESIAN_POINT('',(0.,0.));
#4105 = VECTOR('',#4106,1.);
#4106 = DIRECTION('',(1.,0.));
#4107 = ( GEOMETRIC_REPRESENTATION_CONTEXT(2) 
PARAMETRIC_REPRESENTATION_CONTEXT() REPRESENTATION_CONTEXT('2D SPACE',''
  ) );
#4108 = ADVANCED_FACE('',(#4109),#699,.T.);
#4109 = FACE_BOUND('',#4110,.T.);
#4110 = EDGE_LOOP('',(#4111,#4112,#4113,#4114));
#4111 = ORIENTED_EDGE('',*,*,#685,.F.);
#4112 = ORIENTED_EDGE('',*,*,#4089,.T.);
#4113 = ORIENTED_EDGE('',*,*,#1802,.T.);
#4114 = ORIENTED_EDGE('',*,*,#4061,.F.);
#4115 = ADVANCED_FACE('',(#4116,#4142,#4506),#1269,.F.);
#4116 = FACE_BOUND('',#4117,.F.);
#4117 = EDGE_LOOP('',(#4118,#4119,#4140,#4141));
#4118 = ORIENTED_EDGE('',*,*,#2310,.F.);
#4119 = ORIENTED_EDGE('',*,*,#4120,.F.);
#4120 = EDGE_CURVE('',#1253,#2311,#4121,.T.);
#4121 = SEAM_CURVE('',#4122,(#4126,#4133),.PCURVE_S1.);
#4122 = LINE('',#4123,#4124);
#4123 = CARTESIAN_POINT('',(7.125,12.5,5.));
#4124 = VECTOR('',#4125,1.);
#4125 = DIRECTION('',(0.,-1.,1.110223024625E-16));
#4126 = PCURVE('',#1269,#4127);
#4127 = DEFINITIONAL_REPRESENTATION('',(#4128),#4132);
#4128 = LINE('',#4129,#4130);
#4129 = CARTESIAN_POINT('',(6.28318530718,-0.));
#4130 = VECTOR('',#4131,1.);
#4131 = DIRECTION('',(0.,1.));
#4132 = ( GEOMETRIC_REPRESENTATION_CONTEXT(2) 
PARAMETRIC_REPRESENTATION_CONTEXT() REPRESENTATION_CONTEXT('2D SPACE',''
  ) );
#4133 = PCURVE('',#1269,#4134);
#4134 = DEFINITIONAL_REPRESENTATION('',(#4135),#4139);
#4135 = LINE('',#4136,#4137);
#4136 = CARTESIAN_POINT('',(0.,-0.));
#4137 = VECTOR('',#4138,1.);
#4138 = DIRECTION('',(0.,1.));
#4139 = ( GEOMETRIC_REPRESENTATION_CONTEXT(2) 
PARAMETRIC_REPRESENTATION_CONTEXT() REPRESENTATION_CONTEXT('2D SPACE',''
  ) );
#4140 = ORIENTED_EDGE('',*,*,#1252,.T.);
#4141 = ORIENTED_EDGE('',*,*,#4120,.T.);
#4142 = FACE_BOUND('',#4143,.F.);
#4143 = EDGE_LOOP('',(#4144));
#4144 = ORIENTED_EDGE('',*,*,#4145,.T.);
#4145 = EDGE_CURVE('',#4146,#4146,#4148,.T.);
#4146 = VERTEX_POINT('',#4147);
#4147 = CARTESIAN_POINT('',(6.875,5.,4.));
#4148 = SURFACE_CURVE('',#4149,(#4266,#4386),.PCURVE_S1.);
#4149 = B_SPLINE_CURVE_WITH_KNOTS('',7,(#4150,#4151,#4152,#4153,#4154,
    #4155,#4156,#4157,#4158,#4159,#4160,#4161,#4162,#4163,#4164,#4165,
    #4166,#4167,#4168,#4169,#4170,#4171,#4172,#4173,#4174,#4175,#4176,
    #4177,#4178,#4179,#4180,#4181,#4182,#4183,#4184,#4185,#4186,#4187,
    #4188,#4189,#4190,#4191,#4192,#4193,#4194,#4195,#4196,#4197,#4198,
    #4199,#4200,#4201,#4202,#4203,#4204,#4205,#4206,#4207,#4208,#4209,
    #4210,#4211,#4212,#4213,#4214,#4215,#4216,#4217,#4218,#4219,#4220,
    #4221,#4222,#4223,#4224,#4225,#4226,#4227,#4228,#4229,#4230,#4231,
    #4232,#4233,#4234,#4235,#4236,#4237,#4238,#4239,#4240,#4241,#4242,
    #4243,#4244,#4245,#4246,#4247,#4248,#4249,#4250,#4251,#4252,#4253,
    #4254,#4255,#4256,#4257,#4258,#4259,#4260,#4261,#4262,#4263,#4264,
    #4265),.UNSPECIFIED.,.T.,.F.,(8,6,6,6,6,6,6,6,6,6,6,6,6,6,6,6,6,6,6,
    8),(0.,3.611219403843E-02,0.100418121855,0.192617344311,
    0.225237752608,0.274700239381,0.308020275109,0.398876783327,
    0.448654723079,0.478205345402,0.522695807909,0.552255184931,
    0.600490742473,0.692739617828,0.725377593495,0.774866717758,
    0.808204697633,0.899110135647,0.948914882774,1.),.UNSPECIFIED.);
#4150 = CARTESIAN_POINT('',(6.875,5.,4.));
#4151 = CARTESIAN_POINT('',(6.875,5.060878653344,4.));
#4152 = CARTESIAN_POINT('',(6.872693894842,5.121352686537,3.995676260059
    ));
#4153 = CARTESIAN_POINT('',(6.868136953559,5.181331166323,3.987131311375
    ));
#4154 = CARTESIAN_POINT('',(6.861386430739,5.240684603818,3.974626145635
    ));
#4155 = CARTESIAN_POINT('',(6.852518407183,5.29920332215,3.958583845299)
  );
#4156 = CARTESIAN_POINT('',(6.841670979615,5.356559287219,3.939584233591
    ));
#4157 = CARTESIAN_POINT('',(6.806752900591,5.511479419808,3.880536377741
    ));
#4158 = CARTESIAN_POINT('',(6.778621582543,5.607022317256,3.835046495458
    ));
#4159 = CARTESIAN_POINT('',(6.745201615733,5.699149180962,3.78432438244)
  );
#4160 = CARTESIAN_POINT('',(6.70681174001,5.787897797015,3.73040155051)
  );
#4161 = CARTESIAN_POINT('',(6.663691443517,5.873456513539,3.674567312003
    ));
#4162 = CARTESIAN_POINT('',(6.615709033024,5.95627313551,3.617491215103)
  );
#4163 = CARTESIAN_POINT('',(6.485581766999,6.152341186552,3.476366001351
    ));
#4164 = CARTESIAN_POINT('',(6.398393460438,6.262087839473,3.392166671706
    ));
#4165 = CARTESIAN_POINT('',(6.299967385668,6.3665582698,3.308746769172)
  );
#4166 = CARTESIAN_POINT('',(6.189219319766,6.465231869801,3.227555947065
    ));
#4167 = CARTESIAN_POINT('',(6.064968126129,6.556791168047,3.150564701148
    ));
#4168 = CARTESIAN_POINT('',(5.926223242046,6.638967163858,3.080369821557
    ));
#4169 = CARTESIAN_POINT('',(5.718052157721,6.733087092283,2.999141063579
    ));
#4170 = CARTESIAN_POINT('',(5.661725869338,6.756119515173,2.979172274883
    ));
#4171 = CARTESIAN_POINT('',(5.60356331117,6.777385388725,2.960662107831)
  );
#4172 = CARTESIAN_POINT('',(5.543662634834,6.796694748567,2.943799158501
    ));
#4173 = CARTESIAN_POINT('',(5.48213319024,6.813868795954,2.928760881101)
  );
#4174 = CARTESIAN_POINT('',(5.419095082972,6.828739392323,2.915712906813
    ));
#4175 = CARTESIAN_POINT('',(5.257003898932,6.859964626946,2.888273748244
    ));
#4176 = CARTESIAN_POINT('',(5.156191669677,6.873115400971,2.876672594274
    ));
#4177 = CARTESIAN_POINT('',(5.053455904445,6.879910907118,2.870661443076
    ));
#4178 = CARTESIAN_POINT('',(4.950063033008,6.880008815486,2.870574833127
    ));
#4179 = CARTESIAN_POINT('',(4.847297080178,6.873405960233,2.876415871654
    ));
#4180 = CARTESIAN_POINT('',(4.746424673827,6.86043819736,2.887856278954)
  );
#4181 = CARTESIAN_POINT('',(4.582801614637,6.829225429501,2.915286653532
    ));
#4182 = CARTESIAN_POINT('',(4.518371952093,6.814087381391,2.928570229776
    ));
#4183 = CARTESIAN_POINT('',(4.455511544675,6.796542080815,2.943934201066
    ));
#4184 = CARTESIAN_POINT('',(4.394349650834,6.776768477423,2.961202249881
    ));
#4185 = CARTESIAN_POINT('',(4.335003810274,6.754957415022,2.980184930716
    ));
#4186 = CARTESIAN_POINT('',(4.277579363916,6.731312206114,3.000680427535
    ));
#4187 = CARTESIAN_POINT('',(4.071076862172,6.637162487438,3.081905230312
    ));
#4188 = CARTESIAN_POINT('',(3.934570574239,6.55607026763,3.151150064353)
  );
#4189 = CARTESIAN_POINT('',(3.812128641688,6.465884180912,3.226972010992
    ));
#4190 = CARTESIAN_POINT('',(3.70279934021,6.368768601104,3.3068898707));
#4191 = CARTESIAN_POINT('',(3.605454478396,6.265990934362,3.389015086206
    ));
#4192 = CARTESIAN_POINT('',(3.519055503284,6.158063240107,3.4719459692)
  );
#4193 = CARTESIAN_POINT('',(3.401192233065,5.982367777371,3.598858671639
    ));
#4194 = CARTESIAN_POINT('',(3.362700623516,5.918726581721,3.643338068988
    ));
#4195 = CARTESIAN_POINT('',(3.32720294096,5.853460809115,3.687176084484)
  );
#4196 = CARTESIAN_POINT('',(3.29462240315,5.786428143922,3.730059417563)
  );
#4197 = CARTESIAN_POINT('',(3.264983331512,5.717518946089,3.771501601698
    ));
#4198 = CARTESIAN_POINT('',(3.238379705761,5.646661780975,3.810806548987
    ));
#4199 = CARTESIAN_POINT('',(3.201067865982,5.530594682403,3.868574162572
    ));
#4200 = CARTESIAN_POINT('',(3.188249655646,5.486527316335,3.889083478209
    ));
#4201 = CARTESIAN_POINT('',(3.176576616988,5.441675710207,3.908351046716
    ));
#4202 = CARTESIAN_POINT('',(3.166102130458,5.396068086915,3.926134890472
    ));
#4203 = CARTESIAN_POINT('',(3.156875315707,5.349713593943,3.942185844474
    ));
#4204 = CARTESIAN_POINT('',(3.148947767306,5.302602064444,3.956250253596
    ));
#4205 = CARTESIAN_POINT('',(3.132492509419,5.182589665812,3.985872117931
    ));
#4206 = CARTESIAN_POINT('',(3.125667959297,5.108548296881,3.998625712166
    ));
#4207 = CARTESIAN_POINT('',(3.122292203903,5.033597532743,4.005152949312
    ));
#4208 = CARTESIAN_POINT('',(3.122453515643,4.958395206579,4.004841378254
    ));
#4209 = CARTESIAN_POINT('',(3.126149687531,4.883483738805,3.997708993037
    ));
#4210 = CARTESIAN_POINT('',(3.133284399921,4.809534291977,3.984404254594
    ));
#4211 = CARTESIAN_POINT('',(3.150209234453,4.68979112636,3.954011491476)
  );
#4212 = CARTESIAN_POINT('',(3.158317781222,4.642783960921,3.939667710647
    ));
#4213 = CARTESIAN_POINT('',(3.167718155378,4.596539014497,3.923369231139
    ));
#4214 = CARTESIAN_POINT('',(3.178358993296,4.551044611287,3.905369124156
    ));
#4215 = CARTESIAN_POINT('',(3.190191864436,4.506307124412,3.885914131706
    ));
#4216 = CARTESIAN_POINT('',(3.203164941161,4.462350746163,3.865242098649
    ));
#4217 = CARTESIAN_POINT('',(3.240146546439,4.348831206551,3.80822980595)
  );
#4218 = CARTESIAN_POINT('',(3.266060058741,4.280295155237,3.770071235822
    ));
#4219 = CARTESIAN_POINT('',(3.294819177864,4.213582915779,3.729927844694
    ));
#4220 = CARTESIAN_POINT('',(3.326340472634,4.148628187,3.688427415506));
#4221 = CARTESIAN_POINT('',(3.3606028301,4.085330824336,3.646013514199)
  );
#4222 = CARTESIAN_POINT('',(3.397674371976,4.023561543148,3.602976686756
    ));
#4223 = CARTESIAN_POINT('',(3.514418233001,3.847658813448,3.476366001351
    ));
#4224 = CARTESIAN_POINT('',(3.601606539562,3.737912160527,3.392166671706
    ));
#4225 = CARTESIAN_POINT('',(3.700032614332,3.6334417302,3.308746769172)
  );
#4226 = CARTESIAN_POINT('',(3.810780680234,3.534768130199,3.227555947065
    ));
#4227 = CARTESIAN_POINT('',(3.93503187387,3.443208831953,3.150564701148)
  );
#4228 = CARTESIAN_POINT('',(4.073776757954,3.361032836141,3.080369821557
    ));
#4229 = CARTESIAN_POINT('',(4.281947842279,3.266912907717,2.999141063579
    ));
#4230 = CARTESIAN_POINT('',(4.338274130662,3.243880484827,2.979172274883
    ));
#4231 = CARTESIAN_POINT('',(4.39643668883,3.222614611275,2.960662107831)
  );
#4232 = CARTESIAN_POINT('',(4.456337365166,3.203305251433,2.943799158501
    ));
#4233 = CARTESIAN_POINT('',(4.51786680976,3.186131204046,2.928760881101)
  );
#4234 = CARTESIAN_POINT('',(4.580904917028,3.171260607677,2.915712906813
    ));
#4235 = CARTESIAN_POINT('',(4.742996101068,3.140035373054,2.888273748244
    ));
#4236 = CARTESIAN_POINT('',(4.843808330323,3.126884599029,2.876672594274
    ));
#4237 = CARTESIAN_POINT('',(4.946544095555,3.120089092882,2.870661443076
    ));
#4238 = CARTESIAN_POINT('',(5.049936966992,3.119991184514,2.870574833127
    ));
#4239 = CARTESIAN_POINT('',(5.152702919822,3.126594039767,2.876415871654
    ));
#4240 = CARTESIAN_POINT('',(5.253575326173,3.13956180264,2.887856278954)
  );
#4241 = CARTESIAN_POINT('',(5.417198385363,3.170774570499,2.915286653532
    ));
#4242 = CARTESIAN_POINT('',(5.481628047907,3.185912618609,2.928570229776
    ));
#4243 = CARTESIAN_POINT('',(5.544488455325,3.203457919185,2.943934201066
    ));
#4244 = CARTESIAN_POINT('',(5.605650349166,3.223231522577,2.961202249881
    ));
#4245 = CARTESIAN_POINT('',(5.664996189726,3.245042584978,2.980184930716
    ));
#4246 = CARTESIAN_POINT('',(5.722420636084,3.268687793886,3.000680427535
    ));
#4247 = CARTESIAN_POINT('',(5.928923137828,3.362837512562,3.081905230312
    ));
#4248 = CARTESIAN_POINT('',(6.06542942576,3.44392973237,3.151150064353)
  );
#4249 = CARTESIAN_POINT('',(6.187871358313,3.534115819088,3.226972010992
    ));
#4250 = CARTESIAN_POINT('',(6.297200659789,3.631231398895,3.3068898707)
  );
#4251 = CARTESIAN_POINT('',(6.394545521604,3.734009065638,3.389015086206
    ));
#4252 = CARTESIAN_POINT('',(6.480944496716,3.841936759894,3.4719459692)
  );
#4253 = CARTESIAN_POINT('',(6.598807766935,4.017632222629,3.598858671639
    ));
#4254 = CARTESIAN_POINT('',(6.637299376484,4.08127341828,3.643338068988)
  );
#4255 = CARTESIAN_POINT('',(6.672797059039,4.146539190885,3.687176084484
    ));
#4256 = CARTESIAN_POINT('',(6.70537759685,4.213571856078,3.730059417563)
  );
#4257 = CARTESIAN_POINT('',(6.735016668488,4.282481053911,3.771501601698
    ));
#4258 = CARTESIAN_POINT('',(6.761620294239,4.353338219025,3.810806548987
    ));
#4259 = CARTESIAN_POINT('',(6.809047855977,4.500872607999,3.884235709168
    ));
#4260 = CARTESIAN_POINT('',(6.830221823946,4.579257284737,3.919000307045
    ));
#4261 = CARTESIAN_POINT('',(6.847706925555,4.660201415533,3.949461388271
    ));
#4262 = CARTESIAN_POINT('',(6.861107407457,4.742942800727,3.973952183692
    ));
#4263 = CARTESIAN_POINT('',(6.870264644884,4.827130372221,3.991121031863
    ));
#4264 = CARTESIAN_POINT('',(6.875,4.912761731022,4.));
#4265 = CARTESIAN_POINT('',(6.875,5.,4.));
#4266 = PCURVE('',#1269,#4267);
#4267 = DEFINITIONAL_REPRESENTATION('',(#4268),#4385);
#4268 = B_SPLINE_CURVE_WITH_KNOTS('',7,(#4269,#4270,#4271,#4272,#4273,
    #4274,#4275,#4276,#4277,#4278,#4279,#4280,#4281,#4282,#4283,#4284,
    #4285,#4286,#4287,#4288,#4289,#4290,#4291,#4292,#4293,#4294,#4295,
    #4296,#4297,#4298,#4299,#4300,#4301,#4302,#4303,#4304,#4305,#4306,
    #4307,#4308,#4309,#4310,#4311,#4312,#4313,#4314,#4315,#4316,#4317,
    #4318,#4319,#4320,#4321,#4322,#4323,#4324,#4325,#4326,#4327,#4328,
    #4329,#4330,#4331,#4332,#4333,#4334,#4335,#4336,#4337,#4338,#4339,
    #4340,#4341,#4342,#4343,#4344,#4345,#4346,#4347,#4348,#4349,#4350,
    #4351,#4352,#4353,#4354,#4355,#4356,#4357,#4358,#4359,#4360,#4361,
    #4362,#4363,#4364,#4365,#4366,#4367,#4368,#4369,#4370,#4371,#4372,
    #4373,#4374,#4375,#4376,#4377,#4378,#4379,#4380,#4381,#4382,#4383,
    #4384),.UNSPECIFIED.,.F.,.F.,(8,6,6,6,6,6,6,6,6,6,6,6,6,6,6,6,6,6,6,
    8),(0.,3.611219403843E-02,0.100418121855,0.192617344311,
    0.225237752608,0.274700239381,0.308020275109,0.398876783327,
    0.448654723079,0.478205345402,0.522695807909,0.552255184931,
    0.600490742473,0.692739617828,0.725377593495,0.774866717758,
    0.808204697633,0.899110135647,0.948914882774,1.),.UNSPECIFIED.);
#4269 = CARTESIAN_POINT('',(5.793227980926,7.5));
#4270 = CARTESIAN_POINT('',(5.793227980926,7.439121346656));
#4271 = CARTESIAN_POINT('',(5.790922003161,7.378647313463));
#4272 = CARTESIAN_POINT('',(5.786364636061,7.318668833677));
#4273 = CARTESIAN_POINT('',(5.779677438819,7.259315396182));
#4274 = CARTESIAN_POINT('',(5.771052368921,7.20079667785));
#4275 = CARTESIAN_POINT('',(5.760758032106,7.143440712781));
#4276 = CARTESIAN_POINT('',(5.728475811138,6.988520580192));
#4277 = CARTESIAN_POINT('',(5.703311062313,6.892977682744));
#4278 = CARTESIAN_POINT('',(5.674745875745,6.800850819038));
#4279 = CARTESIAN_POINT('',(5.643636106569,6.712102202986));
#4280 = CARTESIAN_POINT('',(5.610480217493,6.62654348646));
#4281 = CARTESIAN_POINT('',(5.575427517151,6.54372686449));
#4282 = CARTESIAN_POINT('',(5.485092431514,6.347658813448));
#4283 = CARTESIAN_POINT('',(5.428149372791,6.237912160527));
#4284 = CARTESIAN_POINT('',(5.367644180371,6.1334417302));
#4285 = CARTESIAN_POINT('',(5.303334299613,6.034768130199));
#4286 = CARTESIAN_POINT('',(5.23492826509,5.943208831953));
#4287 = CARTESIAN_POINT('',(5.162095194039,5.861032836142));
#4288 = CARTESIAN_POINT('',(5.056938663257,5.766912907717));
#4289 = CARTESIAN_POINT('',(5.028829535356,5.743880484827));
#4290 = CARTESIAN_POINT('',(5.000131033227,5.722614611275));
#4291 = CARTESIAN_POINT('',(4.970877538276,5.703305251433));
#4292 = CARTESIAN_POINT('',(4.941100012359,5.686131204046));
#4293 = CARTESIAN_POINT('',(4.910826304006,5.671260607677));
#4294 = CARTESIAN_POINT('',(4.833462887147,5.640035373054));
#4295 = CARTESIAN_POINT('',(4.785776035689,5.626884599029));
#4296 = CARTESIAN_POINT('',(4.737470588821,5.620089092882));
#4297 = CARTESIAN_POINT('',(4.688959887317,5.619991184514));
#4298 = CARTESIAN_POINT('',(4.640644989082,5.626594039767));
#4299 = CARTESIAN_POINT('',(4.592938736987,5.63956180264));
#4300 = CARTESIAN_POINT('',(4.514865140692,5.670774570499));
#4301 = CARTESIAN_POINT('',(4.483929060679,5.685912618609));
#4302 = CARTESIAN_POINT('',(4.453508712268,5.703457919185));
#4303 = CARTESIAN_POINT('',(4.423634248989,5.723231522577));
#4304 = CARTESIAN_POINT('',(4.394339222097,5.745042584978));
#4305 = CARTESIAN_POINT('',(4.365660947467,5.768687793886));
#4306 = CARTESIAN_POINT('',(4.261236207329,5.862837512562));
#4307 = CARTESIAN_POINT('',(4.189528296524,5.94392973237));
#4308 = CARTESIAN_POINT('',(4.122119136284,6.034115819088));
#4309 = CARTESIAN_POINT('',(4.058689605067,6.131231398896));
#4310 = CARTESIAN_POINT('',(3.998958684739,6.234009065638));
#4311 = CARTESIAN_POINT('',(3.942694342516,6.341936759893));
#4312 = CARTESIAN_POINT('',(3.861187992148,6.517632222629));
#4313 = CARTESIAN_POINT('',(3.833524030857,6.581273418279));
#4314 = CARTESIAN_POINT('',(3.807001161736,6.646539190885));
#4315 = CARTESIAN_POINT('',(3.781677024275,6.713571856078));
#4316 = CARTESIAN_POINT('',(3.75771392037,6.782481053911));
#4317 = CARTESIAN_POINT('',(3.735384011015,6.853338219025));
#4318 = CARTESIAN_POINT('',(3.703021802915,6.969405317597));
#4319 = CARTESIAN_POINT('',(3.691641694569,7.013472683665));
#4320 = CARTESIAN_POINT('',(3.68104185602,7.058324289793));
#4321 = CARTESIAN_POINT('',(3.671330351339,7.103931913085));
#4322 = CARTESIAN_POINT('',(3.662618469504,7.150286406057));
#4323 = CARTESIAN_POINT('',(3.655021041854,7.197397935556));
#4324 = CARTESIAN_POINT('',(3.639074901649,7.317410334188));
#4325 = CARTESIAN_POINT('',(3.632268846642,7.391451703119));
#4326 = CARTESIAN_POINT('',(3.628810600737,7.466402467257));
#4327 = CARTESIAN_POINT('',(3.628975711143,7.541604793421));
#4328 = CARTESIAN_POINT('',(3.632756170816,7.616516261195));
#4329 = CARTESIAN_POINT('',(3.639859706012,7.690465708023));
#4330 = CARTESIAN_POINT('',(3.65623029369,7.81020887364));
#4331 = CARTESIAN_POINT('',(3.663984065592,7.857216039079));
#4332 = CARTESIAN_POINT('',(3.672837614878,7.903460985502));
#4333 = CARTESIAN_POINT('',(3.682676506003,7.948955388713));
#4334 = CARTESIAN_POINT('',(3.693390724014,7.993692875588));
#4335 = CARTESIAN_POINT('',(3.704874383198,8.037649253837));
#4336 = CARTESIAN_POINT('',(3.736853755954,8.151168793449));
#4337 = CARTESIAN_POINT('',(3.758555217939,8.219704844763));
#4338 = CARTESIAN_POINT('',(3.781781481134,8.286417084221));
#4339 = CARTESIAN_POINT('',(3.806287736613,8.351371813));
#4340 = CARTESIAN_POINT('',(3.831926126829,8.414669175664));
#4341 = CARTESIAN_POINT('',(3.858641279227,8.476438456852));
#4342 = CARTESIAN_POINT('',(3.939685529256,8.652341186552));
#4343 = CARTESIAN_POINT('',(3.996628587978,8.762087839473));
#4344 = CARTESIAN_POINT('',(4.057133780398,8.8665582698));
#4345 = CARTESIAN_POINT('',(4.121443661156,8.965231869801));
#4346 = CARTESIAN_POINT('',(4.189849695679,9.056791168047));
#4347 = CARTESIAN_POINT('',(4.262682766731,9.138967163859));
#4348 = CARTESIAN_POINT('',(4.367839297512,9.233087092283));
#4349 = CARTESIAN_POINT('',(4.395948425414,9.256119515173));
#4350 = CARTESIAN_POINT('',(4.424646927543,9.277385388725));
#4351 = CARTESIAN_POINT('',(4.453900422494,9.296694748567));
#4352 = CARTESIAN_POINT('',(4.48367794841,9.313868795954));
#4353 = CARTESIAN_POINT('',(4.513951656764,9.328739392323));
#4354 = CARTESIAN_POINT('',(4.591315073622,9.359964626946));
#4355 = CARTESIAN_POINT('',(4.63900192508,9.373115400971));
#4356 = CARTESIAN_POINT('',(4.687307371948,9.379910907118));
#4357 = CARTESIAN_POINT('',(4.735818073452,9.380008815486));
#4358 = CARTESIAN_POINT('',(4.784132971687,9.373405960233));
#4359 = CARTESIAN_POINT('',(4.831839223783,9.36043819736));
#4360 = CARTESIAN_POINT('',(4.909912820077,9.329225429501));
#4361 = CARTESIAN_POINT('',(4.940848900091,9.314087381391));
#4362 = CARTESIAN_POINT('',(4.971269248501,9.296542080815));
#4363 = CARTESIAN_POINT('',(5.001143711781,9.276768477423));
#4364 = CARTESIAN_POINT('',(5.030438738673,9.254957415022));
#4365 = CARTESIAN_POINT('',(5.059117013302,9.231312206114));
#4366 = CARTESIAN_POINT('',(5.163541753441,9.137162487438));
#4367 = CARTESIAN_POINT('',(5.235249664245,9.056070267631));
#4368 = CARTESIAN_POINT('',(5.302658824486,8.965884180911));
#4369 = CARTESIAN_POINT('',(5.366088355702,8.868768601105));
#4370 = CARTESIAN_POINT('',(5.42581927603,8.765990934362));
#4371 = CARTESIAN_POINT('',(5.482083618254,8.658063240106));
#4372 = CARTESIAN_POINT('',(5.563589968622,8.482367777371));
#4373 = CARTESIAN_POINT('',(5.591253929912,8.41872658172));
#4374 = CARTESIAN_POINT('',(5.617776799033,8.353460809115));
#4375 = CARTESIAN_POINT('',(5.643100936495,8.286428143922));
#4376 = CARTESIAN_POINT('',(5.667064040399,8.217518946089));
#4377 = CARTESIAN_POINT('',(5.689393949754,8.146661780975));
#4378 = CARTESIAN_POINT('',(5.7305299707,7.999127392001));
#4379 = CARTESIAN_POINT('',(5.749678696471,7.920742715263));
#4380 = CARTESIAN_POINT('',(5.76619900262,7.839798584467));
#4381 = CARTESIAN_POINT('',(5.779335676874,7.757057199273));
#4382 = CARTESIAN_POINT('',(5.788492563921,7.672869627779));
#4383 = CARTESIAN_POINT('',(5.793227980926,7.587238268978));
#4384 = CARTESIAN_POINT('',(5.793227980926,7.5));
#4385 = ( GEOMETRIC_REPRESENTATION_CONTEXT(2) 
PARAMETRIC_REPRESENTATION_CONTEXT() REPRESENTATION_CONTEXT('2D SPACE',''
  ) );
#4386 = PCURVE('',#2583,#4387);
#4387 = DEFINITIONAL_REPRESENTATION('',(#4388),#4505);
#4388 = B_SPLINE_CURVE_WITH_KNOTS('',7,(#4389,#4390,#4391,#4392,#4393,
    #4394,#4395,#4396,#4397,#4398,#4399,#4400,#4401,#4402,#4403,#4404,
    #4405,#4406,#4407,#4408,#4409,#4410,#4411,#4412,#4413,#4414,#4415,
    #4416,#4417,#4418,#4419,#4420,#4421,#4422,#4423,#4424,#4425,#4426,
    #4427,#4428,#4429,#4430,#4431,#4432,#4433,#4434,#4435,#4436,#4437,
    #4438,#4439,#4440,#4441,#4442,#4443,#4444,#4445,#4446,#4447,#4448,
    #4449,#4450,#4451,#4452,#4453,#4454,#4455,#4456,#4457,#4458,#4459,
    #4460,#4461,#4462,#4463,#4464,#4465,#4466,#4467,#4468,#4469,#4470,
    #4471,#4472,#4473,#4474,#4475,#4476,#4477,#4478,#4479,#4480,#4481,
    #4482,#4483,#4484,#4485,#4486,#4487,#4488,#4489,#4490,#4491,#4492,
    #4493,#4494,#4495,#4496,#4497,#4498,#4499,#4500,#4501,#4502,#4503,
    #4504),.UNSPECIFIED.,.F.,.F.,(8,6,6,6,6,6,6,6,6,6,6,6,6,6,6,6,6,6,6,
    8),(0.,3.611219403843E-02,0.100418121855,0.192617344311,
    0.225237752608,0.274700239381,0.308020275109,0.398876783327,
    0.448654723079,0.478205345402,0.522695807909,0.552255184931,
    0.600490742473,0.692739617828,0.725377593495,0.774866717758,
    0.808204697633,0.899110135647,0.948914882774,1.),.UNSPECIFIED.);
#4389 = CARTESIAN_POINT('',(0.,-4.));
#4390 = CARTESIAN_POINT('',(-3.246861511684E-02,-4.));
#4391 = CARTESIAN_POINT('',(-6.472138980656E-02,-3.995676260059));
#4392 = CARTESIAN_POINT('',(-9.676597452535E-02,-3.987131311375));
#4393 = CARTESIAN_POINT('',(-0.128585283895,-3.974626145635));
#4394 = CARTESIAN_POINT('',(-0.160117712213,-3.958583845299));
#4395 = CARTESIAN_POINT('',(-0.19123096278,-3.939584233591));
#4396 = CARTESIAN_POINT('',(-0.275927788441,-3.880536377741));
#4397 = CARTESIAN_POINT('',(-0.328935958121,-3.835046495458));
#4398 = CARTESIAN_POINT('',(-0.381047104613,-3.78432438244));
#4399 = CARTESIAN_POINT('',(-0.432453296297,-3.73040155051));
#4400 = CARTESIAN_POINT('',(-0.483414590751,-3.674567312003));
#4401 = CARTESIAN_POINT('',(-0.534366879155,-3.617491215103));
#4402 = CARTESIAN_POINT('',(-0.659871200536,-3.476366001351));
#4403 = CARTESIAN_POINT('',(-0.734353144755,-3.392166671706));
#4404 = CARTESIAN_POINT('',(-0.810464907697,-3.308746769172));
#4405 = CARTESIAN_POINT('',(-0.888999692755,-3.227555947065));
#4406 = CARTESIAN_POINT('',(-0.970690725171,-3.150564701148));
#4407 = CARTESIAN_POINT('',(-1.05617230618,-3.080369821557));
#4408 = CARTESIAN_POINT('',(-1.178017394015,-2.999141063579));
#4409 = CARTESIAN_POINT('',(-1.210450991389,-2.979172274883));
#4410 = CARTESIAN_POINT('',(-1.243441588623,-2.960662107831));
#4411 = CARTESIAN_POINT('',(-1.276961229115,-2.943799158501));
#4412 = CARTESIAN_POINT('',(-1.310987024281,-2.928760881101));
#4413 = CARTESIAN_POINT('',(-1.345500620824,-2.915712906813));
#4414 = CARTESIAN_POINT('',(-1.433538701023,-2.888273748244));
#4415 = CARTESIAN_POINT('',(-1.487661256205,-2.876672594274));
#4416 = CARTESIAN_POINT('',(-1.542393857993,-2.870661443076));
#4417 = CARTESIAN_POINT('',(-1.597327040057,-2.870574833127));
#4418 = CARTESIAN_POINT('',(-1.652068872746,-2.876415871654));
#4419 = CARTESIAN_POINT('',(-1.706210528609,-2.887856278954));
#4420 = CARTESIAN_POINT('',(-1.795049746977,-2.915286653532));
#4421 = CARTESIAN_POINT('',(-1.830316443883,-2.928570229776));
#4422 = CARTESIAN_POINT('',(-1.865076228363,-2.943934201066));
#4423 = CARTESIAN_POINT('',(-1.899309032163,-2.961202249881));
#4424 = CARTESIAN_POINT('',(-1.932989835316,-2.980184930716));
#4425 = CARTESIAN_POINT('',(-1.966088034328,-3.000680427535));
#4426 = CARTESIAN_POINT('',(-2.08712938587,-3.081905230312));
#4427 = CARTESIAN_POINT('',(-2.171314186795,-3.151150064353));
#4428 = CARTESIAN_POINT('',(-2.25182086604,-3.226972010992));
#4429 = CARTESIAN_POINT('',(-2.32926132938,-3.3068898707));
#4430 = CARTESIAN_POINT('',(-2.4043377421,-3.389015086206));
#4431 = CARTESIAN_POINT('',(-2.477810192858,-3.4719459692));
#4432 = CARTESIAN_POINT('',(-2.590645989974,-3.598858671639));
#4433 = CARTESIAN_POINT('',(-2.630269631087,-3.643338068988));
#4434 = CARTESIAN_POINT('',(-2.669827055892,-3.687176084484));
#4435 = CARTESIAN_POINT('',(-2.709501599545,-3.730059417563));
#4436 = CARTESIAN_POINT('',(-2.74943823316,-3.771501601698));
#4437 = CARTESIAN_POINT('',(-2.78975783827,-3.810806548987));
#4438 = CARTESIAN_POINT('',(-2.854780216112,-3.868574162572));
#4439 = CARTESIAN_POINT('',(-2.87924725328,-3.889083478209));
#4440 = CARTESIAN_POINT('',(-2.903948984467,-3.908351046716));
#4441 = CARTESIAN_POINT('',(-2.92888735705,-3.926134890472));
#4442 = CARTESIAN_POINT('',(-2.954076921957,-3.942185844474));
#4443 = CARTESIAN_POINT('',(-2.979544583188,-3.956250253596));
#4444 = CARTESIAN_POINT('',(-3.044150055458,-3.985872117931));
#4445 = CARTESIAN_POINT('',(-3.083766701122,-3.998625712166));
#4446 = CARTESIAN_POINT('',(-3.123711703192,-4.005152949312));
#4447 = CARTESIAN_POINT('',(-3.163738121068,-4.004841378254));
#4448 = CARTESIAN_POINT('',(-3.203670305343,-3.997708993037));
#4449 = CARTESIAN_POINT('',(-3.243253920608,-3.984404254594));
#4450 = CARTESIAN_POINT('',(-3.307751708584,-3.954011491476));
#4451 = CARTESIAN_POINT('',(-3.333180761668,-3.939667710647));
#4452 = CARTESIAN_POINT('',(-3.358331392348,-3.923369231139));
#4453 = CARTESIAN_POINT('',(-3.383231064762,-3.905369124156));
#4454 = CARTESIAN_POINT('',(-3.407895625665,-3.885914131706));
#4455 = CARTESIAN_POINT('',(-3.432329115594,-3.865242098649));
#4456 = CARTESIAN_POINT('',(-3.496004570491,-3.80822980595));
#4457 = CARTESIAN_POINT('',(-3.535040374067,-3.770071235822));
#4458 = CARTESIAN_POINT('',(-3.573721690827,-3.729927844695));
#4459 = CARTESIAN_POINT('',(-3.612159308841,-3.688427415506));
#4460 = CARTESIAN_POINT('',(-3.650485750943,-3.646013514199));
#4461 = CARTESIAN_POINT('',(-3.688867474437,-3.602976686756));
#4462 = CARTESIAN_POINT('',(-3.801463854126,-3.476366001351));
#4463 = CARTESIAN_POINT('',(-3.875945798345,-3.392166671706));
#4464 = CARTESIAN_POINT('',(-3.952057561286,-3.308746769172));
#4465 = CARTESIAN_POINT('',(-4.030592346345,-3.227555947065));
#4466 = CARTESIAN_POINT('',(-4.112283378761,-3.150564701148));
#4467 = CARTESIAN_POINT('',(-4.19776495977,-3.080369821557));
#4468 = CARTESIAN_POINT('',(-4.319610047605,-2.999141063579));
#4469 = CARTESIAN_POINT('',(-4.352043644979,-2.979172274883));
#4470 = CARTESIAN_POINT('',(-4.385034242213,-2.960662107831));
#4471 = CARTESIAN_POINT('',(-4.418553882705,-2.943799158501));
#4472 = CARTESIAN_POINT('',(-4.452579677871,-2.928760881101));
#4473 = CARTESIAN_POINT('',(-4.487093274414,-2.915712906813));
#4474 = CARTESIAN_POINT('',(-4.575131354612,-2.888273748244));
#4475 = CARTESIAN_POINT('',(-4.629253909795,-2.876672594274));
#4476 = CARTESIAN_POINT('',(-4.683986511582,-2.870661443076));
#4477 = CARTESIAN_POINT('',(-4.738919693647,-2.870574833127));
#4478 = CARTESIAN_POINT('',(-4.793661526336,-2.876415871654));
#4479 = CARTESIAN_POINT('',(-4.847803182198,-2.887856278954));
#4480 = CARTESIAN_POINT('',(-4.936642400567,-2.915286653532));
#4481 = CARTESIAN_POINT('',(-4.971909097473,-2.928570229776));
#4482 = CARTESIAN_POINT('',(-5.006668881953,-2.943934201066));
#4483 = CARTESIAN_POINT('',(-5.040901685753,-2.961202249881));
#4484 = CARTESIAN_POINT('',(-5.074582488906,-2.980184930716));
#4485 = CARTESIAN_POINT('',(-5.107680687917,-3.000680427535));
#4486 = CARTESIAN_POINT('',(-5.228722039459,-3.081905230312));
#4487 = CARTESIAN_POINT('',(-5.312906840384,-3.151150064353));
#4488 = CARTESIAN_POINT('',(-5.393413519631,-3.226972010992));
#4489 = CARTESIAN_POINT('',(-5.470853982969,-3.3068898707));
#4490 = CARTESIAN_POINT('',(-5.54593039569,-3.389015086206));
#4491 = CARTESIAN_POINT('',(-5.619402846448,-3.4719459692));
#4492 = CARTESIAN_POINT('',(-5.732238643564,-3.598858671639));
#4493 = CARTESIAN_POINT('',(-5.771862284677,-3.643338068988));
#4494 = CARTESIAN_POINT('',(-5.811419709481,-3.687176084484));
#4495 = CARTESIAN_POINT('',(-5.851094253134,-3.730059417563));
#4496 = CARTESIAN_POINT('',(-5.891030886749,-3.771501601698));
#4497 = CARTESIAN_POINT('',(-5.93135049186,-3.810806548987));
#4498 = CARTESIAN_POINT('',(-6.014001276644,-3.884235709168));
#4499 = CARTESIAN_POINT('',(-6.057256638031,-3.919000307045));
#4500 = CARTESIAN_POINT('',(-6.101328937294,-3.949461388271));
#4501 = CARTESIAN_POINT('',(-6.145923481822,-3.973952183692));
#4502 = CARTESIAN_POINT('',(-6.19098820686,-3.991121031863));
#4503 = CARTESIAN_POINT('',(-6.236658230392,-4.));
#4504 = CARTESIAN_POINT('',(-6.28318530718,-4.));
#4505 = ( GEOMETRIC_REPRESENTATION_CONTEXT(2) 
PARAMETRIC_REPRESENTATION_CONTEXT() REPRESENTATION_CONTEXT('2D SPACE',''
  ) );
#4506 = FACE_BOUND('',#4507,.F.);
#4507 = EDGE_LOOP('',(#4508));
#4508 = ORIENTED_EDGE('',*,*,#4509,.F.);
#4509 = EDGE_CURVE('',#4510,#4510,#4512,.T.);
#4510 = VERTEX_POINT('',#4511);
#4511 = CARTESIAN_POINT('',(6.875,5.,6.));
#4512 = SURFACE_CURVE('',#4513,(#4630,#4750),.PCURVE_S1.);
#4513 = B_SPLINE_CURVE_WITH_KNOTS('',7,(#4514,#4515,#4516,#4517,#4518,
    #4519,#4520,#4521,#4522,#4523,#4524,#4525,#4526,#4527,#4528,#4529,
    #4530,#4531,#4532,#4533,#4534,#4535,#4536,#4537,#4538,#4539,#4540,
    #4541,#4542,#4543,#4544,#4545,#4546,#4547,#4548,#4549,#4550,#4551,
    #4552,#4553,#4554,#4555,#4556,#4557,#4558,#4559,#4560,#4561,#4562,
    #4563,#4564,#4565,#4566,#4567,#4568,#4569,#4570,#4571,#4572,#4573,
    #4574,#4575,#4576,#4577,#4578,#4579,#4580,#4581,#4582,#4583,#4584,
    #4585,#4586,#4587,#4588,#4589,#4590,#4591,#4592,#4593,#4594,#4595,
    #4596,#4597,#4598,#4599,#4600,#4601,#4602,#4603,#4604,#4605,#4606,
    #4607,#4608,#4609,#4610,#4611,#4612,#4613,#4614,#4615,#4616,#4617,
    #4618,#4619,#4620,#4621,#4622,#4623,#4624,#4625,#4626,#4627,#4628,
    #4629),.UNSPECIFIED.,.T.,.F.,(8,6,6,6,6,6,6,6,6,6,6,6,6,6,6,6,6,6,6,
    8),(0.,3.611219396335E-02,0.100418121647,0.192617343911,
    0.225237752139,0.27470023881,0.308020274468,0.398876782498,
    0.448654722147,0.47820534444,0.522695806955,0.55225518401,
    0.600490741651,0.692739617197,0.72537759293,0.774866717295,
    0.808204697239,0.899110135439,0.948914882669,1.),.UNSPECIFIED.);
#4514 = CARTESIAN_POINT('',(6.875,5.,6.));
#4515 = CARTESIAN_POINT('',(6.875,5.060878653344,6.));
#4516 = CARTESIAN_POINT('',(6.872693894842,5.121352686537,6.004323739941
    ));
#4517 = CARTESIAN_POINT('',(6.868136953559,5.181331166323,6.012868688625
    ));
#4518 = CARTESIAN_POINT('',(6.861386430739,5.240684603818,6.025373854365
    ));
#4519 = CARTESIAN_POINT('',(6.852518407183,5.29920332215,6.0414161547));
#4520 = CARTESIAN_POINT('',(6.841670979615,5.356559287219,6.060415766409
    ));
#4521 = CARTESIAN_POINT('',(6.806752900591,5.511479419808,6.11946362226)
  );
#4522 = CARTESIAN_POINT('',(6.778621582543,5.607022317256,6.164953504542
    ));
#4523 = CARTESIAN_POINT('',(6.745201615734,5.699149180962,6.21567561756)
  );
#4524 = CARTESIAN_POINT('',(6.70681174001,5.787897797014,6.26959844949)
  );
#4525 = CARTESIAN_POINT('',(6.663691443517,5.87345651354,6.325432687997)
  );
#4526 = CARTESIAN_POINT('',(6.615709033025,5.95627313551,6.382508784897)
  );
#4527 = CARTESIAN_POINT('',(6.485581766999,6.152341186552,6.523633998649
    ));
#4528 = CARTESIAN_POINT('',(6.398393460437,6.262087839474,6.607833328294
    ));
#4529 = CARTESIAN_POINT('',(6.299967385669,6.366558269799,6.691253230827
    ));
#4530 = CARTESIAN_POINT('',(6.189219319765,6.465231869802,6.772444052936
    ));
#4531 = CARTESIAN_POINT('',(6.06496812613,6.556791168047,6.849435298851)
  );
#4532 = CARTESIAN_POINT('',(5.926223242046,6.638967163859,6.919630178443
    ));
#4533 = CARTESIAN_POINT('',(5.718052157721,6.733087092283,7.000858936421
    ));
#4534 = CARTESIAN_POINT('',(5.661725869338,6.756119515173,7.020827725117
    ));
#4535 = CARTESIAN_POINT('',(5.60356331117,6.777385388725,7.039337892169)
  );
#4536 = CARTESIAN_POINT('',(5.543662634834,6.796694748567,7.056200841499
    ));
#4537 = CARTESIAN_POINT('',(5.48213319024,6.813868795954,7.071239118899)
  );
#4538 = CARTESIAN_POINT('',(5.419095082972,6.828739392323,7.084287093187
    ));
#4539 = CARTESIAN_POINT('',(5.257003898932,6.859964626946,7.111726251756
    ));
#4540 = CARTESIAN_POINT('',(5.156191669677,6.873115400971,7.123327405726
    ));
#4541 = CARTESIAN_POINT('',(5.053455904445,6.879910907118,7.129338556924
    ));
#4542 = CARTESIAN_POINT('',(4.950063033008,6.880008815486,7.129425166873
    ));
#4543 = CARTESIAN_POINT('',(4.847297080178,6.873405960233,7.123584128346
    ));
#4544 = CARTESIAN_POINT('',(4.746424673827,6.86043819736,7.112143721046)
  );
#4545 = CARTESIAN_POINT('',(4.582801614637,6.829225429501,7.084713346468
    ));
#4546 = CARTESIAN_POINT('',(4.518371952093,6.814087381391,7.071429770224
    ));
#4547 = CARTESIAN_POINT('',(4.455511544675,6.796542080815,7.056065798934
    ));
#4548 = CARTESIAN_POINT('',(4.394349650834,6.776768477423,7.038797750119
    ));
#4549 = CARTESIAN_POINT('',(4.335003810274,6.754957415022,7.019815069284
    ));
#4550 = CARTESIAN_POINT('',(4.277579363916,6.731312206114,6.999319572465
    ));
#4551 = CARTESIAN_POINT('',(4.071076862172,6.637162487439,6.918094769688
    ));
#4552 = CARTESIAN_POINT('',(3.934570574239,6.55607026763,6.848849935647)
  );
#4553 = CARTESIAN_POINT('',(3.812128641688,6.465884180912,6.773027989009
    ));
#4554 = CARTESIAN_POINT('',(3.70279934021,6.368768601104,6.693110129299)
  );
#4555 = CARTESIAN_POINT('',(3.605454478396,6.265990934363,6.610984913794
    ));
#4556 = CARTESIAN_POINT('',(3.519055503284,6.158063240106,6.5280540308)
  );
#4557 = CARTESIAN_POINT('',(3.401192233065,5.982367777371,6.401141328361
    ));
#4558 = CARTESIAN_POINT('',(3.362700623516,5.91872658172,6.356661931012)
  );
#4559 = CARTESIAN_POINT('',(3.32720294096,5.853460809115,6.312823915516)
  );
#4560 = CARTESIAN_POINT('',(3.29462240315,5.786428143922,6.269940582437)
  );
#4561 = CARTESIAN_POINT('',(3.264983331512,5.717518946089,6.228498398302
    ));
#4562 = CARTESIAN_POINT('',(3.238379705761,5.646661780974,6.189193451013
    ));
#4563 = CARTESIAN_POINT('',(3.201067865966,5.530594682355,6.131425837404
    ));
#4564 = CARTESIAN_POINT('',(3.188249655647,5.486527316329,6.110916521792
    ));
#4565 = CARTESIAN_POINT('',(3.176576616999,5.441675710246,6.091648953302
    ));
#4566 = CARTESIAN_POINT('',(3.166102130464,5.396068086956,6.07386510954)
  );
#4567 = CARTESIAN_POINT('',(3.156875315704,5.349713593938,6.057814155521
    ));
#4568 = CARTESIAN_POINT('',(3.148947767299,5.30260206439,6.043749746391)
  );
#4569 = CARTESIAN_POINT('',(3.132492509419,5.182589665812,6.014127882069
    ));
#4570 = CARTESIAN_POINT('',(3.125667959297,5.108548296881,6.001374287834
    ));
#4571 = CARTESIAN_POINT('',(3.122292203903,5.033597532743,5.994847050688
    ));
#4572 = CARTESIAN_POINT('',(3.122453515643,4.958395206578,5.995158621746
    ));
#4573 = CARTESIAN_POINT('',(3.126149687531,4.883483738805,6.002291006963
    ));
#4574 = CARTESIAN_POINT('',(3.133284399921,4.809534291977,6.015595745406
    ));
#4575 = CARTESIAN_POINT('',(3.150209234459,4.689791126314,6.045988508536
    ));
#4576 = CARTESIAN_POINT('',(3.158317781225,4.642783960916,6.060332289358
    ));
#4577 = CARTESIAN_POINT('',(3.167718155372,4.596539014533,6.076630768851
    ));
#4578 = CARTESIAN_POINT('',(3.178358993286,4.551044611321,6.094630875829
    ));
#4579 = CARTESIAN_POINT('',(3.190191864435,4.506307124407,6.114085868293
    ));
#4580 = CARTESIAN_POINT('',(3.203164941174,4.462350746123,6.134757901371
    ));
#4581 = CARTESIAN_POINT('',(3.240146546439,4.348831206551,6.19177019405)
  );
#4582 = CARTESIAN_POINT('',(3.266060058741,4.280295155237,6.229928764178
    ));
#4583 = CARTESIAN_POINT('',(3.294819177864,4.213582915779,6.270072155306
    ));
#4584 = CARTESIAN_POINT('',(3.326340472634,4.148628186999,6.311572584494
    ));
#4585 = CARTESIAN_POINT('',(3.3606028301,4.085330824336,6.353986485801)
  );
#4586 = CARTESIAN_POINT('',(3.397674371976,4.023561543148,6.397023313244
    ));
#4587 = CARTESIAN_POINT('',(3.514418233001,3.847658813448,6.523633998649
    ));
#4588 = CARTESIAN_POINT('',(3.601606539562,3.737912160527,6.607833328294
    ));
#4589 = CARTESIAN_POINT('',(3.700032614331,3.633441730201,6.691253230828
    ));
#4590 = CARTESIAN_POINT('',(3.810780680235,3.534768130198,6.772444052936
    ));
#4591 = CARTESIAN_POINT('',(3.93503187387,3.443208831953,6.849435298852)
  );
#4592 = CARTESIAN_POINT('',(4.073776757954,3.361032836141,6.919630178443
    ));
#4593 = CARTESIAN_POINT('',(4.281947842279,3.266912907717,7.000858936421
    ));
#4594 = CARTESIAN_POINT('',(4.338274130662,3.243880484827,7.020827725117
    ));
#4595 = CARTESIAN_POINT('',(4.39643668883,3.222614611275,7.039337892169)
  );
#4596 = CARTESIAN_POINT('',(4.456337365166,3.203305251433,7.056200841499
    ));
#4597 = CARTESIAN_POINT('',(4.51786680976,3.186131204046,7.071239118899)
  );
#4598 = CARTESIAN_POINT('',(4.580904917028,3.171260607677,7.084287093187
    ));
#4599 = CARTESIAN_POINT('',(4.742996101068,3.140035373054,7.111726251756
    ));
#4600 = CARTESIAN_POINT('',(4.843808330323,3.126884599029,7.123327405726
    ));
#4601 = CARTESIAN_POINT('',(4.946544095555,3.120089092882,7.129338556924
    ));
#4602 = CARTESIAN_POINT('',(5.049936966992,3.119991184514,7.129425166873
    ));
#4603 = CARTESIAN_POINT('',(5.152702919822,3.126594039767,7.123584128346
    ));
#4604 = CARTESIAN_POINT('',(5.253575326173,3.13956180264,7.112143721046)
  );
#4605 = CARTESIAN_POINT('',(5.417198385363,3.170774570499,7.084713346468
    ));
#4606 = CARTESIAN_POINT('',(5.481628047907,3.185912618609,7.071429770224
    ));
#4607 = CARTESIAN_POINT('',(5.544488455325,3.203457919185,7.056065798934
    ));
#4608 = CARTESIAN_POINT('',(5.605650349166,3.223231522577,7.038797750119
    ));
#4609 = CARTESIAN_POINT('',(5.664996189726,3.245042584978,7.019815069284
    ));
#4610 = CARTESIAN_POINT('',(5.722420636084,3.268687793886,6.999319572465
    ));
#4611 = CARTESIAN_POINT('',(5.928923137828,3.362837512561,6.918094769689
    ));
#4612 = CARTESIAN_POINT('',(6.06542942576,3.44392973237,6.848849935647)
  );
#4613 = CARTESIAN_POINT('',(6.187871358313,3.534115819088,6.773027989008
    ));
#4614 = CARTESIAN_POINT('',(6.297200659789,3.631231398895,6.6931101293)
  );
#4615 = CARTESIAN_POINT('',(6.394545521604,3.734009065638,6.610984913794
    ));
#4616 = CARTESIAN_POINT('',(6.480944496716,3.841936759894,6.5280540308)
  );
#4617 = CARTESIAN_POINT('',(6.598807766935,4.017632222629,6.401141328361
    ));
#4618 = CARTESIAN_POINT('',(6.637299376484,4.08127341828,6.356661931012)
  );
#4619 = CARTESIAN_POINT('',(6.67279705904,4.146539190885,6.312823915516)
  );
#4620 = CARTESIAN_POINT('',(6.70537759685,4.213571856078,6.269940582437)
  );
#4621 = CARTESIAN_POINT('',(6.735016668488,4.282481053911,6.228498398302
    ));
#4622 = CARTESIAN_POINT('',(6.761620294239,4.353338219025,6.189193451013
    ));
#4623 = CARTESIAN_POINT('',(6.809047855977,4.500872607999,6.115764290832
    ));
#4624 = CARTESIAN_POINT('',(6.830221823946,4.579257284737,6.080999692955
    ));
#4625 = CARTESIAN_POINT('',(6.847706925556,4.660201415532,6.050538611729
    ));
#4626 = CARTESIAN_POINT('',(6.861107407457,4.742942800728,6.026047816308
    ));
#4627 = CARTESIAN_POINT('',(6.870264644884,4.827130372221,6.008878968137
    ));
#4628 = CARTESIAN_POINT('',(6.875,4.912761731023,6.));
#4629 = CARTESIAN_POINT('',(6.875,5.,6.));
#4630 = PCURVE('',#1269,#4631);
#4631 = DEFINITIONAL_REPRESENTATION('',(#4632),#4749);
#4632 = B_SPLINE_CURVE_WITH_KNOTS('',7,(#4633,#4634,#4635,#4636,#4637,
    #4638,#4639,#4640,#4641,#4642,#4643,#4644,#4645,#4646,#4647,#4648,
    #4649,#4650,#4651,#4652,#4653,#4654,#4655,#4656,#4657,#4658,#4659,
    #4660,#4661,#4662,#4663,#4664,#4665,#4666,#4667,#4668,#4669,#4670,
    #4671,#4672,#4673,#4674,#4675,#4676,#4677,#4678,#4679,#4680,#4681,
    #4682,#4683,#4684,#4685,#4686,#4687,#4688,#4689,#4690,#4691,#4692,
    #4693,#4694,#4695,#4696,#4697,#4698,#4699,#4700,#4701,#4702,#4703,
    #4704,#4705,#4706,#4707,#4708,#4709,#4710,#4711,#4712,#4713,#4714,
    #4715,#4716,#4717,#4718,#4719,#4720,#4721,#4722,#4723,#4724,#4725,
    #4726,#4727,#4728,#4729,#4730,#4731,#4732,#4733,#4734,#4735,#4736,
    #4737,#4738,#4739,#4740,#4741,#4742,#4743,#4744,#4745,#4746,#4747,
    #4748),.UNSPECIFIED.,.T.,.F.,(8,6,6,6,6,6,6,6,6,6,6,6,6,6,6,6,6,6,6,
    8),(0.,3.611219396335E-02,0.100418121647,0.192617343911,
    0.225237752139,0.27470023881,0.308020274468,0.398876782498,
    0.448654722147,0.47820534444,0.522695806955,0.55225518401,
    0.600490741651,0.692739617197,0.72537759293,0.774866717295,
    0.808204697239,0.899110135439,0.948914882669,1.),.UNSPECIFIED.);
#4633 = CARTESIAN_POINT('',(0.489957326254,7.5));
#4634 = CARTESIAN_POINT('',(0.489957326254,7.439121346656));
#4635 = CARTESIAN_POINT('',(0.492263304019,7.378647313463));
#4636 = CARTESIAN_POINT('',(0.496820671118,7.318668833677));
#4637 = CARTESIAN_POINT('',(0.50350786836,7.259315396182));
#4638 = CARTESIAN_POINT('',(0.512132938259,7.20079667785));
#4639 = CARTESIAN_POINT('',(0.522427275074,7.143440712781));
#4640 = CARTESIAN_POINT('',(0.554709496041,6.988520580192));
#4641 = CARTESIAN_POINT('',(0.579874244867,6.892977682744));
#4642 = CARTESIAN_POINT('',(0.608439431435,6.800850819037));
#4643 = CARTESIAN_POINT('',(0.63954920061,6.712102202986));
#4644 = CARTESIAN_POINT('',(0.672705089686,6.62654348646));
#4645 = CARTESIAN_POINT('',(0.707757790029,6.54372686449));
#4646 = CARTESIAN_POINT('',(0.798092875666,6.347658813448));
#4647 = CARTESIAN_POINT('',(0.855035934389,6.237912160526));
#4648 = CARTESIAN_POINT('',(0.915541126808,6.133441730201));
#4649 = CARTESIAN_POINT('',(0.979851007567,6.034768130198));
#4650 = CARTESIAN_POINT('',(1.048257042089,5.943208831953));
#4651 = CARTESIAN_POINT('',(1.121090113141,5.861032836141));
#4652 = CARTESIAN_POINT('',(1.226246643923,5.766912907717));
#4653 = CARTESIAN_POINT('',(1.254355771824,5.743880484827));
#4654 = CARTESIAN_POINT('',(1.283054273953,5.722614611275));
#4655 = CARTESIAN_POINT('',(1.312307768904,5.703305251433));
#4656 = CARTESIAN_POINT('',(1.34208529482,5.686131204046));
#4657 = CARTESIAN_POINT('',(1.372359003174,5.671260607677));
#4658 = CARTESIAN_POINT('',(1.449722420032,5.640035373054));
#4659 = CARTESIAN_POINT('',(1.49740927149,5.626884599029));
#4660 = CARTESIAN_POINT('',(1.545714718358,5.620089092882));
#4661 = CARTESIAN_POINT('',(1.594225419862,5.619991184514));
#4662 = CARTESIAN_POINT('',(1.642540318097,5.626594039767));
#4663 = CARTESIAN_POINT('',(1.690246570193,5.63956180264));
#4664 = CARTESIAN_POINT('',(1.768320166488,5.670774570499));
#4665 = CARTESIAN_POINT('',(1.799256246501,5.685912618609));
#4666 = CARTESIAN_POINT('',(1.829676594912,5.703457919185));
#4667 = CARTESIAN_POINT('',(1.859551058191,5.723231522577));
#4668 = CARTESIAN_POINT('',(1.888846085083,5.745042584978));
#4669 = CARTESIAN_POINT('',(1.917524359713,5.768687793886));
#4670 = CARTESIAN_POINT('',(2.021949099851,5.862837512561));
#4671 = CARTESIAN_POINT('',(2.093657010656,5.94392973237));
#4672 = CARTESIAN_POINT('',(2.161066170896,6.034115819088));
#4673 = CARTESIAN_POINT('',(2.224495702113,6.131231398896));
#4674 = CARTESIAN_POINT('',(2.28422662244,6.234009065637));
#4675 = CARTESIAN_POINT('',(2.340490964664,6.341936759894));
#4676 = CARTESIAN_POINT('',(2.421997315032,6.517632222629));
#4677 = CARTESIAN_POINT('',(2.449661276322,6.58127341828));
#4678 = CARTESIAN_POINT('',(2.476184145443,6.646539190885));
#4679 = CARTESIAN_POINT('',(2.501508282905,6.713571856078));
#4680 = CARTESIAN_POINT('',(2.525471386809,6.782481053911));
#4681 = CARTESIAN_POINT('',(2.547801296165,6.853338219026));
#4682 = CARTESIAN_POINT('',(2.580163504278,6.969405317645));
#4683 = CARTESIAN_POINT('',(2.59154361261,7.013472683671));
#4684 = CARTESIAN_POINT('',(2.60214345115,7.058324289754));
#4685 = CARTESIAN_POINT('',(2.611854955835,7.103931913044));
#4686 = CARTESIAN_POINT('',(2.620566837679,7.150286406062));
#4687 = CARTESIAN_POINT('',(2.628164265333,7.19739793561));
#4688 = CARTESIAN_POINT('',(2.64411040553,7.317410334188));
#4689 = CARTESIAN_POINT('',(2.650916460537,7.391451703119));
#4690 = CARTESIAN_POINT('',(2.654374706443,7.466402467257));
#4691 = CARTESIAN_POINT('',(2.654209596036,7.541604793422));
#4692 = CARTESIAN_POINT('',(2.650429136364,7.616516261194));
#4693 = CARTESIAN_POINT('',(2.643325601168,7.690465708023));
#4694 = CARTESIAN_POINT('',(2.626955013483,7.810208873686));
#4695 = CARTESIAN_POINT('',(2.619201241585,7.857216039084));
#4696 = CARTESIAN_POINT('',(2.610347692307,7.903460985467));
#4697 = CARTESIAN_POINT('',(2.600508801185,7.948955388679));
#4698 = CARTESIAN_POINT('',(2.589794583166,7.993692875593));
#4699 = CARTESIAN_POINT('',(2.57831092397,8.037649253877));
#4700 = CARTESIAN_POINT('',(2.546331551225,8.151168793449));
#4701 = CARTESIAN_POINT('',(2.524630089241,8.219704844763));
#4702 = CARTESIAN_POINT('',(2.501403826046,8.286417084221));
#4703 = CARTESIAN_POINT('',(2.476897570566,8.351371813001));
#4704 = CARTESIAN_POINT('',(2.451259180351,8.414669175664));
#4705 = CARTESIAN_POINT('',(2.424544027953,8.476438456852));
#4706 = CARTESIAN_POINT('',(2.343499777924,8.652341186552));
#4707 = CARTESIAN_POINT('',(2.286556719201,8.762087839473));
#4708 = CARTESIAN_POINT('',(2.226051526782,8.8665582698));
#4709 = CARTESIAN_POINT('',(2.161741646023,8.965231869802));
#4710 = CARTESIAN_POINT('',(2.093335611501,9.056791168047));
#4711 = CARTESIAN_POINT('',(2.020502540449,9.138967163859));
#4712 = CARTESIAN_POINT('',(1.915346009667,9.233087092283));
#4713 = CARTESIAN_POINT('',(1.887236881766,9.256119515173));
#4714 = CARTESIAN_POINT('',(1.858538379637,9.277385388725));
#4715 = CARTESIAN_POINT('',(1.829284884686,9.296694748567));
#4716 = CARTESIAN_POINT('',(1.799507358769,9.313868795954));
#4717 = CARTESIAN_POINT('',(1.769233650416,9.328739392323));
#4718 = CARTESIAN_POINT('',(1.691870233557,9.359964626946));
#4719 = CARTESIAN_POINT('',(1.644183382099,9.373115400971));
#4720 = CARTESIAN_POINT('',(1.595877935231,9.379910907118));
#4721 = CARTESIAN_POINT('',(1.547367233728,9.380008815486));
#4722 = CARTESIAN_POINT('',(1.499052335493,9.373405960233));
#4723 = CARTESIAN_POINT('',(1.451346083397,9.36043819736));
#4724 = CARTESIAN_POINT('',(1.373272487102,9.329225429501));
#4725 = CARTESIAN_POINT('',(1.342336407089,9.314087381391));
#4726 = CARTESIAN_POINT('',(1.311916058678,9.296542080815));
#4727 = CARTESIAN_POINT('',(1.282041595399,9.276768477423));
#4728 = CARTESIAN_POINT('',(1.252746568507,9.254957415022));
#4729 = CARTESIAN_POINT('',(1.224068293877,9.231312206114));
#4730 = CARTESIAN_POINT('',(1.119643553739,9.137162487439));
#4731 = CARTESIAN_POINT('',(1.047935642935,9.05607026763));
#4732 = CARTESIAN_POINT('',(0.980526482694,8.965884180912));
#4733 = CARTESIAN_POINT('',(0.917096951477,8.868768601105));
#4734 = CARTESIAN_POINT('',(0.857366031149,8.765990934363));
#4735 = CARTESIAN_POINT('',(0.801101688926,8.658063240106));
#4736 = CARTESIAN_POINT('',(0.719595338558,8.482367777371));
#4737 = CARTESIAN_POINT('',(0.691931377267,8.41872658172));
#4738 = CARTESIAN_POINT('',(0.665408508146,8.353460809115));
#4739 = CARTESIAN_POINT('',(0.640084370685,8.286428143922));
#4740 = CARTESIAN_POINT('',(0.61612126678,8.217518946089));
#4741 = CARTESIAN_POINT('',(0.593791357425,8.146661780975));
#4742 = CARTESIAN_POINT('',(0.55265533648,7.999127392001));
#4743 = CARTESIAN_POINT('',(0.533506610709,7.920742715263));
#4744 = CARTESIAN_POINT('',(0.51698630456,7.839798584468));
#4745 = CARTESIAN_POINT('',(0.503849630306,7.757057199272));
#4746 = CARTESIAN_POINT('',(0.494692743259,7.672869627779));
#4747 = CARTESIAN_POINT('',(0.489957326254,7.587238268977));
#4748 = CARTESIAN_POINT('',(0.489957326254,7.5));
#4749 = ( GEOMETRIC_REPRESENTATION_CONTEXT(2) 
PARAMETRIC_REPRESENTATION_CONTEXT() REPRESENTATION_CONTEXT('2D SPACE',''
  ) );
#4750 = PCURVE('',#2411,#4751);
#4751 = DEFINITIONAL_REPRESENTATION('',(#4752),#4869);
#4752 = B_SPLINE_CURVE_WITH_KNOTS('',7,(#4753,#4754,#4755,#4756,#4757,
    #4758,#4759,#4760,#4761,#4762,#4763,#4764,#4765,#4766,#4767,#4768,
    #4769,#4770,#4771,#4772,#4773,#4774,#4775,#4776,#4777,#4778,#4779,
    #4780,#4781,#4782,#4783,#4784,#4785,#4786,#4787,#4788,#4789,#4790,
    #4791,#4792,#4793,#4794,#4795,#4796,#4797,#4798,#4799,#4800,#4801,
    #4802,#4803,#4804,#4805,#4806,#4807,#4808,#4809,#4810,#4811,#4812,
    #4813,#4814,#4815,#4816,#4817,#4818,#4819,#4820,#4821,#4822,#4823,
    #4824,#4825,#4826,#4827,#4828,#4829,#4830,#4831,#4832,#4833,#4834,
    #4835,#4836,#4837,#4838,#4839,#4840,#4841,#4842,#4843,#4844,#4845,
    #4846,#4847,#4848,#4849,#4850,#4851,#4852,#4853,#4854,#4855,#4856,
    #4857,#4858,#4859,#4860,#4861,#4862,#4863,#4864,#4865,#4866,#4867,
    #4868),.UNSPECIFIED.,.F.,.F.,(8,6,6,6,6,6,6,6,6,6,6,6,6,6,6,6,6,6,6,
    8),(0.,3.611219396335E-02,0.100418121647,0.192617343911,
    0.225237752139,0.27470023881,0.308020274468,0.398876782498,
    0.448654722147,0.47820534444,0.522695806955,0.55225518401,
    0.600490741651,0.692739617197,0.72537759293,0.774866717295,
    0.808204697239,0.899110135439,0.948914882669,1.),.UNSPECIFIED.);
#4753 = CARTESIAN_POINT('',(0.,-6.));
#4754 = CARTESIAN_POINT('',(-3.246861511684E-02,-6.));
#4755 = CARTESIAN_POINT('',(-6.472138980654E-02,-6.004323739941));
#4756 = CARTESIAN_POINT('',(-9.676597452537E-02,-6.012868688625));
#4757 = CARTESIAN_POINT('',(-0.128585283895,-6.025373854365));
#4758 = CARTESIAN_POINT('',(-0.160117712213,-6.041416154701));
#4759 = CARTESIAN_POINT('',(-0.19123096278,-6.060415766409));
#4760 = CARTESIAN_POINT('',(-0.275927788441,-6.11946362226));
#4761 = CARTESIAN_POINT('',(-0.328935958121,-6.164953504542));
#4762 = CARTESIAN_POINT('',(-0.381047104613,-6.21567561756));
#4763 = CARTESIAN_POINT('',(-0.432453296297,-6.26959844949));
#4764 = CARTESIAN_POINT('',(-0.483414590752,-6.325432687997));
#4765 = CARTESIAN_POINT('',(-0.534366879155,-6.382508784897));
#4766 = CARTESIAN_POINT('',(-0.659871200536,-6.523633998649));
#4767 = CARTESIAN_POINT('',(-0.734353144756,-6.607833328294));
#4768 = CARTESIAN_POINT('',(-0.810464907696,-6.691253230827));
#4769 = CARTESIAN_POINT('',(-0.888999692756,-6.772444052936));
#4770 = CARTESIAN_POINT('',(-0.970690725171,-6.849435298851));
#4771 = CARTESIAN_POINT('',(-1.05617230618,-6.919630178443));
#4772 = CARTESIAN_POINT('',(-1.178017394015,-7.000858936421));
#4773 = CARTESIAN_POINT('',(-1.210450991389,-7.020827725117));
#4774 = CARTESIAN_POINT('',(-1.243441588623,-7.039337892169));
#4775 = CARTESIAN_POINT('',(-1.276961229115,-7.056200841499));
#4776 = CARTESIAN_POINT('',(-1.310987024281,-7.071239118899));
#4777 = CARTESIAN_POINT('',(-1.345500620824,-7.084287093187));
#4778 = CARTESIAN_POINT('',(-1.433538701023,-7.111726251756));
#4779 = CARTESIAN_POINT('',(-1.487661256205,-7.123327405726));
#4780 = CARTESIAN_POINT('',(-1.542393857993,-7.129338556924));
#4781 = CARTESIAN_POINT('',(-1.597327040057,-7.129425166873));
#4782 = CARTESIAN_POINT('',(-1.652068872746,-7.123584128346));
#4783 = CARTESIAN_POINT('',(-1.706210528609,-7.112143721046));
#4784 = CARTESIAN_POINT('',(-1.795049746977,-7.084713346468));
#4785 = CARTESIAN_POINT('',(-1.830316443883,-7.071429770224));
#4786 = CARTESIAN_POINT('',(-1.865076228363,-7.056065798934));
#4787 = CARTESIAN_POINT('',(-1.899309032163,-7.038797750119));
#4788 = CARTESIAN_POINT('',(-1.932989835316,-7.019815069284));
#4789 = CARTESIAN_POINT('',(-1.966088034328,-6.999319572465));
#4790 = CARTESIAN_POINT('',(-2.08712938587,-6.918094769688));
#4791 = CARTESIAN_POINT('',(-2.171314186795,-6.848849935647));
#4792 = CARTESIAN_POINT('',(-2.25182086604,-6.773027989008));
#4793 = CARTESIAN_POINT('',(-2.32926132938,-6.693110129299));
#4794 = CARTESIAN_POINT('',(-2.4043377421,-6.610984913794));
#4795 = CARTESIAN_POINT('',(-2.477810192858,-6.5280540308));
#4796 = CARTESIAN_POINT('',(-2.590645989974,-6.401141328361));
#4797 = CARTESIAN_POINT('',(-2.630269631087,-6.356661931012));
#4798 = CARTESIAN_POINT('',(-2.669827055892,-6.312823915516));
#4799 = CARTESIAN_POINT('',(-2.709501599545,-6.269940582437));
#4800 = CARTESIAN_POINT('',(-2.74943823316,-6.228498398302));
#4801 = CARTESIAN_POINT('',(-2.78975783827,-6.189193451013));
#4802 = CARTESIAN_POINT('',(-2.854780216139,-6.131425837404));
#4803 = CARTESIAN_POINT('',(-2.879247253283,-6.110916521792));
#4804 = CARTESIAN_POINT('',(-2.903948984444,-6.091648953302));
#4805 = CARTESIAN_POINT('',(-2.928887357028,-6.07386510954));
#4806 = CARTESIAN_POINT('',(-2.95407692196,-6.057814155521));
#4807 = CARTESIAN_POINT('',(-2.979544583217,-6.043749746391));
#4808 = CARTESIAN_POINT('',(-3.044150055458,-6.014127882069));
#4809 = CARTESIAN_POINT('',(-3.083766701122,-6.001374287834));
#4810 = CARTESIAN_POINT('',(-3.123711703192,-5.994847050688));
#4811 = CARTESIAN_POINT('',(-3.163738121068,-5.995158621746));
#4812 = CARTESIAN_POINT('',(-3.203670305342,-6.002291006963));
#4813 = CARTESIAN_POINT('',(-3.243253920608,-6.015595745406));
#4814 = CARTESIAN_POINT('',(-3.307751708609,-6.045988508536));
#4815 = CARTESIAN_POINT('',(-3.33318076167,-6.060332289358));
#4816 = CARTESIAN_POINT('',(-3.358331392329,-6.076630768851));
#4817 = CARTESIAN_POINT('',(-3.383231064743,-6.094630875829));
#4818 = CARTESIAN_POINT('',(-3.407895625667,-6.114085868293));
#4819 = CARTESIAN_POINT('',(-3.432329115617,-6.134757901371));
#4820 = CARTESIAN_POINT('',(-3.496004570491,-6.19177019405));
#4821 = CARTESIAN_POINT('',(-3.535040374067,-6.229928764178));
#4822 = CARTESIAN_POINT('',(-3.573721690828,-6.270072155306));
#4823 = CARTESIAN_POINT('',(-3.612159308841,-6.311572584494));
#4824 = CARTESIAN_POINT('',(-3.650485750943,-6.353986485801));
#4825 = CARTESIAN_POINT('',(-3.688867474436,-6.397023313244));
#4826 = CARTESIAN_POINT('',(-3.801463854126,-6.523633998649));
#4827 = CARTESIAN_POINT('',(-3.875945798345,-6.607833328294));
#4828 = CARTESIAN_POINT('',(-3.952057561286,-6.691253230828));
#4829 = CARTESIAN_POINT('',(-4.030592346345,-6.772444052936));
#4830 = CARTESIAN_POINT('',(-4.112283378761,-6.849435298852));
#4831 = CARTESIAN_POINT('',(-4.19776495977,-6.919630178443));
#4832 = CARTESIAN_POINT('',(-4.319610047605,-7.000858936421));
#4833 = CARTESIAN_POINT('',(-4.352043644979,-7.020827725117));
#4834 = CARTESIAN_POINT('',(-4.385034242213,-7.039337892169));
#4835 = CARTESIAN_POINT('',(-4.418553882705,-7.056200841499));
#4836 = CARTESIAN_POINT('',(-4.452579677871,-7.071239118899));
#4837 = CARTESIAN_POINT('',(-4.487093274414,-7.084287093187));
#4838 = CARTESIAN_POINT('',(-4.575131354612,-7.111726251756));
#4839 = CARTESIAN_POINT('',(-4.629253909795,-7.123327405726));
#4840 = CARTESIAN_POINT('',(-4.683986511582,-7.129338556924));
#4841 = CARTESIAN_POINT('',(-4.738919693647,-7.129425166873));
#4842 = CARTESIAN_POINT('',(-4.793661526336,-7.123584128346));
#4843 = CARTESIAN_POINT('',(-4.847803182199,-7.112143721046));
#4844 = CARTESIAN_POINT('',(-4.936642400567,-7.084713346468));
#4845 = CARTESIAN_POINT('',(-4.971909097473,-7.071429770224));
#4846 = CARTESIAN_POINT('',(-5.006668881953,-7.056065798934));
#4847 = CARTESIAN_POINT('',(-5.040901685753,-7.038797750119));
#4848 = CARTESIAN_POINT('',(-5.074582488906,-7.019815069284));
#4849 = CARTESIAN_POINT('',(-5.107680687917,-6.999319572465));
#4850 = CARTESIAN_POINT('',(-5.228722039459,-6.918094769689));
#4851 = CARTESIAN_POINT('',(-5.312906840385,-6.848849935647));
#4852 = CARTESIAN_POINT('',(-5.39341351963,-6.773027989008));
#4853 = CARTESIAN_POINT('',(-5.47085398297,-6.6931101293));
#4854 = CARTESIAN_POINT('',(-5.545930395689,-6.610984913794));
#4855 = CARTESIAN_POINT('',(-5.619402846448,-6.5280540308));
#4856 = CARTESIAN_POINT('',(-5.732238643564,-6.401141328361));
#4857 = CARTESIAN_POINT('',(-5.771862284677,-6.356661931012));
#4858 = CARTESIAN_POINT('',(-5.811419709482,-6.312823915516));
#4859 = CARTESIAN_POINT('',(-5.851094253135,-6.269940582437));
#4860 = CARTESIAN_POINT('',(-5.891030886749,-6.228498398302));
#4861 = CARTESIAN_POINT('',(-5.93135049186,-6.189193451013));
#4862 = CARTESIAN_POINT('',(-6.014001276644,-6.115764290832));
#4863 = CARTESIAN_POINT('',(-6.057256638032,-6.080999692955));
#4864 = CARTESIAN_POINT('',(-6.101328937293,-6.050538611729));
#4865 = CARTESIAN_POINT('',(-6.145923481823,-6.026047816308));
#4866 = CARTESIAN_POINT('',(-6.19098820686,-6.008878968137));
#4867 = CARTESIAN_POINT('',(-6.236658230392,-6.));
#4868 = CARTESIAN_POINT('',(-6.28318530718,-6.));
#4869 = ( GEOMETRIC_REPRESENTATION_CONTEXT(2) 
PARAMETRIC_REPRESENTATION_CONTEXT() REPRESENTATION_CONTEXT('2D SPACE',''
  ) );
#4870 = ADVANCED_FACE('',(#4871),#1300,.F.);
#4871 = FACE_BOUND('',#4872,.T.);
#4872 = EDGE_LOOP('',(#4873,#4896,#4897,#4898));
#4873 = ORIENTED_EDGE('',*,*,#4874,.F.);
#4874 = EDGE_CURVE('',#1284,#4875,#4877,.T.);
#4875 = VERTEX_POINT('',#4876);
#4876 = CARTESIAN_POINT('',(16.875,6.,5.));
#4877 = SEAM_CURVE('',#4878,(#4882,#4889),.PCURVE_S1.);
#4878 = LINE('',#4879,#4880);
#4879 = CARTESIAN_POINT('',(16.875,10.,5.));
#4880 = VECTOR('',#4881,1.);
#4881 = DIRECTION('',(0.,-1.,1.110223024625E-16));
#4882 = PCURVE('',#1300,#4883);
#4883 = DEFINITIONAL_REPRESENTATION('',(#4884),#4888);
#4884 = LINE('',#4885,#4886);
#4885 = CARTESIAN_POINT('',(-6.28318530718,0.));
#4886 = VECTOR('',#4887,1.);
#4887 = DIRECTION('',(-0.,-1.));
#4888 = ( GEOMETRIC_REPRESENTATION_CONTEXT(2) 
PARAMETRIC_REPRESENTATION_CONTEXT() REPRESENTATION_CONTEXT('2D SPACE',''
  ) );
#4889 = PCURVE('',#1300,#4890);
#4890 = DEFINITIONAL_REPRESENTATION('',(#4891),#4895);
#4891 = LINE('',#4892,#4893);
#4892 = CARTESIAN_POINT('',(-0.,0.));
#4893 = VECTOR('',#4894,1.);
#4894 = DIRECTION('',(-0.,-1.));
#4895 = ( GEOMETRIC_REPRESENTATION_CONTEXT(2) 
PARAMETRIC_REPRESENTATION_CONTEXT() REPRESENTATION_CONTEXT('2D SPACE',''
  ) );
#4896 = ORIENTED_EDGE('',*,*,#1283,.F.);
#4897 = ORIENTED_EDGE('',*,*,#4874,.T.);
#4898 = ORIENTED_EDGE('',*,*,#4899,.T.);
#4899 = EDGE_CURVE('',#4875,#4875,#4900,.T.);
#4900 = SURFACE_CURVE('',#4901,(#5018,#5138),.PCURVE_S1.);
#4901 = B_SPLINE_CURVE_WITH_KNOTS('',7,(#4902,#4903,#4904,#4905,#4906,
    #4907,#4908,#4909,#4910,#4911,#4912,#4913,#4914,#4915,#4916,#4917,
    #4918,#4919,#4920,#4921,#4922,#4923,#4924,#4925,#4926,#4927,#4928,
    #4929,#4930,#4931,#4932,#4933,#4934,#4935,#4936,#4937,#4938,#4939,
    #4940,#4941,#4942,#4943,#4944,#4945,#4946,#4947,#4948,#4949,#4950,
    #4951,#4952,#4953,#4954,#4955,#4956,#4957,#4958,#4959,#4960,#4961,
    #4962,#4963,#4964,#4965,#4966,#4967,#4968,#4969,#4970,#4971,#4972,
    #4973,#4974,#4975,#4976,#4977,#4978,#4979,#4980,#4981,#4982,#4983,
    #4984,#4985,#4986,#4987,#4988,#4989,#4990,#4991,#4992,#4993,#4994,
    #4995,#4996,#4997,#4998,#4999,#5000,#5001,#5002,#5003,#5004,#5005,
    #5006,#5007,#5008,#5009,#5010,#5011,#5012,#5013,#5014,#5015,#5016,
    #5017),.UNSPECIFIED.,.T.,.F.,(8,6,6,6,6,6,6,6,6,6,6,6,6,6,6,6,6,6,6,
    8),(0.,3.611219396811E-02,0.10041812166,0.192617343936,
    0.225237752169,0.274700238846,0.308020274509,0.398876782551,
    0.448654722207,0.478205344509,0.522695807044,0.552255184103,
    0.600490741734,0.69273961726,0.725377592987,0.774866717342,
    0.808204697279,0.899110135461,0.948914882679,1.),.UNSPECIFIED.);
#4902 = CARTESIAN_POINT('',(16.875,6.,5.));
#4903 = CARTESIAN_POINT('',(16.875,6.,5.060878653344));
#4904 = CARTESIAN_POINT('',(16.872693894842,6.004323739941,
    5.121352686537));
#4905 = CARTESIAN_POINT('',(16.868136953559,6.012868688625,
    5.181331166323));
#4906 = CARTESIAN_POINT('',(16.861386430739,6.025373854365,
    5.240684603818));
#4907 = CARTESIAN_POINT('',(16.852518407183,6.0414161547,5.29920332215)
  );
#4908 = CARTESIAN_POINT('',(16.841670979615,6.060415766409,
    5.356559287219));
#4909 = CARTESIAN_POINT('',(16.806752900591,6.119463622259,
    5.511479419807));
#4910 = CARTESIAN_POINT('',(16.778621582543,6.164953504543,
    5.607022317258));
#4911 = CARTESIAN_POINT('',(16.745201615734,6.21567561756,5.699149180961
    ));
#4912 = CARTESIAN_POINT('',(16.706811740009,6.269598449491,
    5.787897797016));
#4913 = CARTESIAN_POINT('',(16.663691443517,6.325432687996,
    5.873456513539));
#4914 = CARTESIAN_POINT('',(16.615709033024,6.382508784898,
    5.956273135511));
#4915 = CARTESIAN_POINT('',(16.485581766999,6.523633998649,
    6.152341186553));
#4916 = CARTESIAN_POINT('',(16.398393460438,6.607833328294,
    6.262087839473));
#4917 = CARTESIAN_POINT('',(16.299967385669,6.691253230828,6.3665582698)
  );
#4918 = CARTESIAN_POINT('',(16.189219319765,6.772444052935,
    6.465231869801));
#4919 = CARTESIAN_POINT('',(16.06496812613,6.849435298852,6.556791168047
    ));
#4920 = CARTESIAN_POINT('',(15.926223242046,6.919630178443,
    6.638967163859));
#4921 = CARTESIAN_POINT('',(15.718052157721,7.000858936421,
    6.733087092283));
#4922 = CARTESIAN_POINT('',(15.661725869338,7.020827725117,
    6.756119515173));
#4923 = CARTESIAN_POINT('',(15.60356331117,7.039337892169,6.777385388725
    ));
#4924 = CARTESIAN_POINT('',(15.543662634834,7.056200841499,
    6.796694748567));
#4925 = CARTESIAN_POINT('',(15.48213319024,7.071239118899,6.813868795954
    ));
#4926 = CARTESIAN_POINT('',(15.419095082972,7.084287093187,
    6.828739392323));
#4927 = CARTESIAN_POINT('',(15.257003898932,7.111726251756,
    6.859964626946));
#4928 = CARTESIAN_POINT('',(15.156191669677,7.123327405726,
    6.873115400971));
#4929 = CARTESIAN_POINT('',(15.053455904445,7.129338556924,
    6.879910907118));
#4930 = CARTESIAN_POINT('',(14.950063033008,7.129425166873,
    6.880008815486));
#4931 = CARTESIAN_POINT('',(14.847297080178,7.123584128346,
    6.873405960233));
#4932 = CARTESIAN_POINT('',(14.746424673827,7.112143721046,6.86043819736
    ));
#4933 = CARTESIAN_POINT('',(14.582801614637,7.084713346468,
    6.829225429501));
#4934 = CARTESIAN_POINT('',(14.518371952093,7.071429770224,
    6.814087381391));
#4935 = CARTESIAN_POINT('',(14.455511544675,7.056065798934,
    6.796542080815));
#4936 = CARTESIAN_POINT('',(14.394349650834,7.038797750119,
    6.776768477423));
#4937 = CARTESIAN_POINT('',(14.335003810274,7.019815069284,
    6.754957415022));
#4938 = CARTESIAN_POINT('',(14.277579363916,6.999319572465,
    6.731312206114));
#4939 = CARTESIAN_POINT('',(14.071076862172,6.918094769688,
    6.637162487438));
#4940 = CARTESIAN_POINT('',(13.93457057424,6.848849935647,6.556070267631
    ));
#4941 = CARTESIAN_POINT('',(13.812128641687,6.773027989008,
    6.465884180911));
#4942 = CARTESIAN_POINT('',(13.702799340211,6.6931101293,6.368768601105)
  );
#4943 = CARTESIAN_POINT('',(13.605454478396,6.610984913793,
    6.265990934362));
#4944 = CARTESIAN_POINT('',(13.519055503284,6.5280540308,6.158063240107)
  );
#4945 = CARTESIAN_POINT('',(13.401192233065,6.401141328361,
    5.982367777371));
#4946 = CARTESIAN_POINT('',(13.362700623516,6.356661931012,5.91872658172
    ));
#4947 = CARTESIAN_POINT('',(13.32720294096,6.312823915516,5.853460809115
    ));
#4948 = CARTESIAN_POINT('',(13.29462240315,6.269940582437,5.786428143922
    ));
#4949 = CARTESIAN_POINT('',(13.264983331512,6.228498398302,
    5.717518946089));
#4950 = CARTESIAN_POINT('',(13.238379705761,6.189193451013,
    5.646661780975));
#4951 = CARTESIAN_POINT('',(13.201067865964,6.131425837401,
    5.530594682348));
#4952 = CARTESIAN_POINT('',(13.188249655647,6.110916521792,
    5.486527316328));
#4953 = CARTESIAN_POINT('',(13.176576617001,6.091648953305,
    5.441675710252));
#4954 = CARTESIAN_POINT('',(13.166102130465,6.073865109542,
    5.396068086963));
#4955 = CARTESIAN_POINT('',(13.156875315703,6.05781415552,5.349713593937
    ));
#4956 = CARTESIAN_POINT('',(13.148947767298,6.043749746389,
    5.302602064382));
#4957 = CARTESIAN_POINT('',(13.132492509419,6.014127882069,
    5.182589665812));
#4958 = CARTESIAN_POINT('',(13.125667959297,6.001374287834,
    5.108548296881));
#4959 = CARTESIAN_POINT('',(13.122292203903,5.994847050688,
    5.033597532743));
#4960 = CARTESIAN_POINT('',(13.122453515643,5.995158621746,
    4.958395206578));
#4961 = CARTESIAN_POINT('',(13.126149687531,6.002291006963,
    4.883483738806));
#4962 = CARTESIAN_POINT('',(13.133284399921,6.015595745406,
    4.809534291977));
#4963 = CARTESIAN_POINT('',(13.150209234457,6.045988508532,4.68979112633
    ));
#4964 = CARTESIAN_POINT('',(13.158317781224,6.060332289356,
    4.642783960918));
#4965 = CARTESIAN_POINT('',(13.167718155374,6.076630768854,4.59653901452
    ));
#4966 = CARTESIAN_POINT('',(13.178358993289,6.094630875834,
    4.551044611309));
#4967 = CARTESIAN_POINT('',(13.190191864435,6.114085868294,
    4.506307124409));
#4968 = CARTESIAN_POINT('',(13.20316494117,6.134757901364,4.462350746137
    ));
#4969 = CARTESIAN_POINT('',(13.240146546439,6.19177019405,4.348831206551
    ));
#4970 = CARTESIAN_POINT('',(13.266060058741,6.229928764178,
    4.280295155237));
#4971 = CARTESIAN_POINT('',(13.294819177864,6.270072155306,
    4.213582915779));
#4972 = CARTESIAN_POINT('',(13.326340472634,6.311572584494,
    4.148628186999));
#4973 = CARTESIAN_POINT('',(13.3606028301,6.353986485801,4.085330824336)
  );
#4974 = CARTESIAN_POINT('',(13.397674371976,6.397023313244,
    4.023561543148));
#4975 = CARTESIAN_POINT('',(13.514418233001,6.523633998649,
    3.847658813448));
#4976 = CARTESIAN_POINT('',(13.601606539562,6.607833328294,
    3.737912160527));
#4977 = CARTESIAN_POINT('',(13.700032614332,6.691253230828,3.6334417302)
  );
#4978 = CARTESIAN_POINT('',(13.810780680234,6.772444052935,
    3.534768130199));
#4979 = CARTESIAN_POINT('',(13.93503187387,6.849435298852,3.443208831953
    ));
#4980 = CARTESIAN_POINT('',(14.073776757954,6.919630178443,
    3.361032836141));
#4981 = CARTESIAN_POINT('',(14.281947842279,7.000858936421,
    3.266912907717));
#4982 = CARTESIAN_POINT('',(14.338274130662,7.020827725117,
    3.243880484827));
#4983 = CARTESIAN_POINT('',(14.39643668883,7.039337892169,3.222614611275
    ));
#4984 = CARTESIAN_POINT('',(14.456337365166,7.056200841499,
    3.203305251433));
#4985 = CARTESIAN_POINT('',(14.51786680976,7.071239118899,3.186131204046
    ));
#4986 = CARTESIAN_POINT('',(14.580904917028,7.084287093187,
    3.171260607677));
#4987 = CARTESIAN_POINT('',(14.742996101068,7.111726251756,
    3.140035373054));
#4988 = CARTESIAN_POINT('',(14.843808330323,7.123327405726,
    3.126884599029));
#4989 = CARTESIAN_POINT('',(14.946544095555,7.129338556924,
    3.120089092882));
#4990 = CARTESIAN_POINT('',(15.049936966991,7.129425166873,
    3.119991184514));
#4991 = CARTESIAN_POINT('',(15.152702919822,7.123584128346,
    3.126594039767));
#4992 = CARTESIAN_POINT('',(15.253575326173,7.112143721046,3.13956180264
    ));
#4993 = CARTESIAN_POINT('',(15.417198385363,7.084713346468,
    3.170774570499));
#4994 = CARTESIAN_POINT('',(15.481628047907,7.071429770224,
    3.185912618609));
#4995 = CARTESIAN_POINT('',(15.544488455325,7.056065798934,
    3.203457919185));
#4996 = CARTESIAN_POINT('',(15.605650349166,7.038797750119,
    3.223231522577));
#4997 = CARTESIAN_POINT('',(15.664996189726,7.019815069284,
    3.245042584978));
#4998 = CARTESIAN_POINT('',(15.722420636084,6.999319572465,
    3.268687793886));
#4999 = CARTESIAN_POINT('',(15.928923137828,6.918094769688,
    3.362837512562));
#5000 = CARTESIAN_POINT('',(16.065429425761,6.848849935647,3.44392973237
    ));
#5001 = CARTESIAN_POINT('',(16.187871358312,6.773027989008,
    3.534115819088));
#5002 = CARTESIAN_POINT('',(16.29720065979,6.6931101293,3.631231398895)
  );
#5003 = CARTESIAN_POINT('',(16.394545521604,6.610984913793,
    3.734009065638));
#5004 = CARTESIAN_POINT('',(16.480944496716,6.5280540308,3.841936759893)
  );
#5005 = CARTESIAN_POINT('',(16.598807766935,6.401141328361,
    4.017632222629));
#5006 = CARTESIAN_POINT('',(16.637299376484,6.356661931012,
    4.081273418279));
#5007 = CARTESIAN_POINT('',(16.67279705904,6.312823915516,4.146539190885
    ));
#5008 = CARTESIAN_POINT('',(16.70537759685,6.269940582437,4.213571856078
    ));
#5009 = CARTESIAN_POINT('',(16.735016668488,6.228498398302,
    4.282481053911));
#5010 = CARTESIAN_POINT('',(16.761620294239,6.189193451013,
    4.353338219026));
#5011 = CARTESIAN_POINT('',(16.809047855977,6.115764290832,
    4.500872607999));
#5012 = CARTESIAN_POINT('',(16.830221823946,6.080999692955,
    4.579257284737));
#5013 = CARTESIAN_POINT('',(16.847706925556,6.050538611729,
    4.660201415532));
#5014 = CARTESIAN_POINT('',(16.861107407457,6.026047816308,
    4.742942800729));
#5015 = CARTESIAN_POINT('',(16.870264644884,6.008878968137,4.82713037222
    ));
#5016 = CARTESIAN_POINT('',(16.875,6.,4.912761731023));
#5017 = CARTESIAN_POINT('',(16.875,6.,5.));
#5018 = PCURVE('',#1300,#5019);
#5019 = DEFINITIONAL_REPRESENTATION('',(#5020),#5137);
#5020 = B_SPLINE_CURVE_WITH_KNOTS('',7,(#5021,#5022,#5023,#5024,#5025,
    #5026,#5027,#5028,#5029,#5030,#5031,#5032,#5033,#5034,#5035,#5036,
    #5037,#5038,#5039,#5040,#5041,#5042,#5043,#5044,#5045,#5046,#5047,
    #5048,#5049,#5050,#5051,#5052,#5053,#5054,#5055,#5056,#5057,#5058,
    #5059,#5060,#5061,#5062,#5063,#5064,#5065,#5066,#5067,#5068,#5069,
    #5070,#5071,#5072,#5073,#5074,#5075,#5076,#5077,#5078,#5079,#5080,
    #5081,#5082,#5083,#5084,#5085,#5086,#5087,#5088,#5089,#5090,#5091,
    #5092,#5093,#5094,#5095,#5096,#5097,#5098,#5099,#5100,#5101,#5102,
    #5103,#5104,#5105,#5106,#5107,#5108,#5109,#5110,#5111,#5112,#5113,
    #5114,#5115,#5116,#5117,#5118,#5119,#5120,#5121,#5122,#5123,#5124,
    #5125,#5126,#5127,#5128,#5129,#5130,#5131,#5132,#5133,#5134,#5135,
    #5136),.UNSPECIFIED.,.F.,.F.,(8,6,6,6,6,6,6,6,6,6,6,6,6,6,6,6,6,6,6,
    8),(0.,3.611219396811E-02,0.10041812166,0.192617343936,
    0.225237752169,0.274700238846,0.308020274509,0.398876782551,
    0.448654722207,0.478205344509,0.522695807044,0.552255184103,
    0.600490741734,0.69273961726,0.725377592987,0.774866717342,
    0.808204697279,0.899110135461,0.948914882679,1.),.UNSPECIFIED.);
#5021 = CARTESIAN_POINT('',(0.,-4.));
#5022 = CARTESIAN_POINT('',(-3.246861511684E-02,-4.));
#5023 = CARTESIAN_POINT('',(-6.472138980652E-02,-3.995676260059));
#5024 = CARTESIAN_POINT('',(-9.676597452537E-02,-3.987131311375));
#5025 = CARTESIAN_POINT('',(-0.128585283895,-3.974626145635));
#5026 = CARTESIAN_POINT('',(-0.160117712213,-3.9585838453));
#5027 = CARTESIAN_POINT('',(-0.19123096278,-3.939584233591));
#5028 = CARTESIAN_POINT('',(-0.275927788441,-3.880536377741));
#5029 = CARTESIAN_POINT('',(-0.328935958121,-3.835046495457));
#5030 = CARTESIAN_POINT('',(-0.381047104612,-3.78432438244));
#5031 = CARTESIAN_POINT('',(-0.432453296297,-3.730401550509));
#5032 = CARTESIAN_POINT('',(-0.483414590751,-3.674567312004));
#5033 = CARTESIAN_POINT('',(-0.534366879156,-3.617491215102));
#5034 = CARTESIAN_POINT('',(-0.659871200536,-3.476366001351));
#5035 = CARTESIAN_POINT('',(-0.734353144755,-3.392166671706));
#5036 = CARTESIAN_POINT('',(-0.810464907696,-3.308746769172));
#5037 = CARTESIAN_POINT('',(-0.888999692756,-3.227555947064));
#5038 = CARTESIAN_POINT('',(-0.970690725171,-3.150564701148));
#5039 = CARTESIAN_POINT('',(-1.05617230618,-3.080369821557));
#5040 = CARTESIAN_POINT('',(-1.178017394015,-2.999141063579));
#5041 = CARTESIAN_POINT('',(-1.210450991389,-2.979172274883));
#5042 = CARTESIAN_POINT('',(-1.243441588623,-2.960662107831));
#5043 = CARTESIAN_POINT('',(-1.276961229115,-2.943799158501));
#5044 = CARTESIAN_POINT('',(-1.310987024281,-2.928760881101));
#5045 = CARTESIAN_POINT('',(-1.345500620824,-2.915712906813));
#5046 = CARTESIAN_POINT('',(-1.433538701023,-2.888273748244));
#5047 = CARTESIAN_POINT('',(-1.487661256205,-2.876672594274));
#5048 = CARTESIAN_POINT('',(-1.542393857993,-2.870661443076));
#5049 = CARTESIAN_POINT('',(-1.597327040057,-2.870574833127));
#5050 = CARTESIAN_POINT('',(-1.652068872746,-2.876415871654));
#5051 = CARTESIAN_POINT('',(-1.706210528609,-2.887856278954));
#5052 = CARTESIAN_POINT('',(-1.795049746977,-2.915286653532));
#5053 = CARTESIAN_POINT('',(-1.830316443883,-2.928570229776));
#5054 = CARTESIAN_POINT('',(-1.865076228363,-2.943934201066));
#5055 = CARTESIAN_POINT('',(-1.899309032163,-2.961202249881));
#5056 = CARTESIAN_POINT('',(-1.932989835316,-2.980184930716));
#5057 = CARTESIAN_POINT('',(-1.966088034328,-3.000680427535));
#5058 = CARTESIAN_POINT('',(-2.08712938587,-3.081905230312));
#5059 = CARTESIAN_POINT('',(-2.171314186794,-3.151150064353));
#5060 = CARTESIAN_POINT('',(-2.251820866041,-3.226972010992));
#5061 = CARTESIAN_POINT('',(-2.329261329379,-3.3068898707));
#5062 = CARTESIAN_POINT('',(-2.4043377421,-3.389015086207));
#5063 = CARTESIAN_POINT('',(-2.477810192858,-3.4719459692));
#5064 = CARTESIAN_POINT('',(-2.590645989974,-3.598858671639));
#5065 = CARTESIAN_POINT('',(-2.630269631087,-3.643338068988));
#5066 = CARTESIAN_POINT('',(-2.669827055892,-3.687176084484));
#5067 = CARTESIAN_POINT('',(-2.709501599545,-3.730059417563));
#5068 = CARTESIAN_POINT('',(-2.74943823316,-3.771501601698));
#5069 = CARTESIAN_POINT('',(-2.78975783827,-3.810806548987));
#5070 = CARTESIAN_POINT('',(-2.854780216143,-3.868574162599));
#5071 = CARTESIAN_POINT('',(-2.879247253284,-3.889083478208));
#5072 = CARTESIAN_POINT('',(-2.903948984441,-3.908351046695));
#5073 = CARTESIAN_POINT('',(-2.928887357024,-3.926134890458));
#5074 = CARTESIAN_POINT('',(-2.95407692196,-3.94218584448));
#5075 = CARTESIAN_POINT('',(-2.979544583222,-3.956250253611));
#5076 = CARTESIAN_POINT('',(-3.044150055458,-3.985872117931));
#5077 = CARTESIAN_POINT('',(-3.083766701122,-3.998625712166));
#5078 = CARTESIAN_POINT('',(-3.123711703192,-4.005152949312));
#5079 = CARTESIAN_POINT('',(-3.163738121068,-4.004841378254));
#5080 = CARTESIAN_POINT('',(-3.203670305342,-3.997708993037));
#5081 = CARTESIAN_POINT('',(-3.243253920608,-3.984404254594));
#5082 = CARTESIAN_POINT('',(-3.3077517086,-3.954011491468));
#5083 = CARTESIAN_POINT('',(-3.333180761669,-3.939667710644));
#5084 = CARTESIAN_POINT('',(-3.358331392335,-3.923369231146));
#5085 = CARTESIAN_POINT('',(-3.38323106475,-3.905369124166));
#5086 = CARTESIAN_POINT('',(-3.407895625666,-3.885914131706));
#5087 = CARTESIAN_POINT('',(-3.432329115609,-3.865242098636));
#5088 = CARTESIAN_POINT('',(-3.496004570491,-3.80822980595));
#5089 = CARTESIAN_POINT('',(-3.535040374067,-3.770071235822));
#5090 = CARTESIAN_POINT('',(-3.573721690828,-3.729927844694));
#5091 = CARTESIAN_POINT('',(-3.612159308841,-3.688427415506));
#5092 = CARTESIAN_POINT('',(-3.650485750943,-3.646013514199));
#5093 = CARTESIAN_POINT('',(-3.688867474436,-3.602976686756));
#5094 = CARTESIAN_POINT('',(-3.801463854126,-3.476366001351));
#5095 = CARTESIAN_POINT('',(-3.875945798345,-3.392166671706));
#5096 = CARTESIAN_POINT('',(-3.952057561287,-3.308746769172));
#5097 = CARTESIAN_POINT('',(-4.030592346345,-3.227555947065));
#5098 = CARTESIAN_POINT('',(-4.112283378761,-3.150564701148));
#5099 = CARTESIAN_POINT('',(-4.19776495977,-3.080369821557));
#5100 = CARTESIAN_POINT('',(-4.319610047605,-2.999141063579));
#5101 = CARTESIAN_POINT('',(-4.352043644979,-2.979172274883));
#5102 = CARTESIAN_POINT('',(-4.385034242213,-2.960662107831));
#5103 = CARTESIAN_POINT('',(-4.418553882705,-2.943799158501));
#5104 = CARTESIAN_POINT('',(-4.452579677871,-2.928760881101));
#5105 = CARTESIAN_POINT('',(-4.487093274414,-2.915712906813));
#5106 = CARTESIAN_POINT('',(-4.575131354612,-2.888273748244));
#5107 = CARTESIAN_POINT('',(-4.629253909795,-2.876672594274));
#5108 = CARTESIAN_POINT('',(-4.683986511582,-2.870661443076));
#5109 = CARTESIAN_POINT('',(-4.738919693647,-2.870574833127));
#5110 = CARTESIAN_POINT('',(-4.793661526336,-2.876415871654));
#5111 = CARTESIAN_POINT('',(-4.847803182198,-2.887856278954));
#5112 = CARTESIAN_POINT('',(-4.936642400567,-2.915286653532));
#5113 = CARTESIAN_POINT('',(-4.971909097473,-2.928570229776));
#5114 = CARTESIAN_POINT('',(-5.006668881953,-2.943934201066));
#5115 = CARTESIAN_POINT('',(-5.040901685753,-2.961202249881));
#5116 = CARTESIAN_POINT('',(-5.074582488906,-2.980184930716));
#5117 = CARTESIAN_POINT('',(-5.107680687917,-3.000680427535));
#5118 = CARTESIAN_POINT('',(-5.228722039459,-3.081905230312));
#5119 = CARTESIAN_POINT('',(-5.312906840385,-3.151150064353));
#5120 = CARTESIAN_POINT('',(-5.393413519631,-3.226972010992));
#5121 = CARTESIAN_POINT('',(-5.470853982969,-3.3068898707));
#5122 = CARTESIAN_POINT('',(-5.54593039569,-3.389015086207));
#5123 = CARTESIAN_POINT('',(-5.619402846448,-3.4719459692));
#5124 = CARTESIAN_POINT('',(-5.732238643564,-3.598858671639));
#5125 = CARTESIAN_POINT('',(-5.771862284677,-3.643338068988));
#5126 = CARTESIAN_POINT('',(-5.811419709482,-3.687176084484));
#5127 = CARTESIAN_POINT('',(-5.851094253135,-3.730059417563));
#5128 = CARTESIAN_POINT('',(-5.891030886749,-3.771501601698));
#5129 = CARTESIAN_POINT('',(-5.93135049186,-3.810806548987));
#5130 = CARTESIAN_POINT('',(-6.014001276644,-3.884235709168));
#5131 = CARTESIAN_POINT('',(-6.057256638032,-3.919000307045));
#5132 = CARTESIAN_POINT('',(-6.101328937292,-3.949461388271));
#5133 = CARTESIAN_POINT('',(-6.145923481824,-3.973952183692));
#5134 = CARTESIAN_POINT('',(-6.190988206859,-3.991121031863));
#5135 = CARTESIAN_POINT('',(-6.236658230392,-4.));
#5136 = CARTESIAN_POINT('',(-6.28318530718,-4.));
#5137 = ( GEOMETRIC_REPRESENTATION_CONTEXT(2) 
PARAMETRIC_REPRESENTATION_CONTEXT() REPRESENTATION_CONTEXT('2D SPACE',''
  ) );
#5138 = PCURVE('',#2442,#5139);
#5139 = DEFINITIONAL_REPRESENTATION('',(#5140),#5257);
#5140 = B_SPLINE_CURVE_WITH_KNOTS('',7,(#5141,#5142,#5143,#5144,#5145,
    #5146,#5147,#5148,#5149,#5150,#5151,#5152,#5153,#5154,#5155,#5156,
    #5157,#5158,#5159,#5160,#5161,#5162,#5163,#5164,#5165,#5166,#5167,
    #5168,#5169,#5170,#5171,#5172,#5173,#5174,#5175,#5176,#5177,#5178,
    #5179,#5180,#5181,#5182,#5183,#5184,#5185,#5186,#5187,#5188,#5189,
    #5190,#5191,#5192,#5193,#5194,#5195,#5196,#5197,#5198,#5199,#5200,
    #5201,#5202,#5203,#5204,#5205,#5206,#5207,#5208,#5209,#5210,#5211,
    #5212,#5213,#5214,#5215,#5216,#5217,#5218,#5219,#5220,#5221,#5222,
    #5223,#5224,#5225,#5226,#5227,#5228,#5229,#5230,#5231,#5232,#5233,
    #5234,#5235,#5236,#5237,#5238,#5239,#5240,#5241,#5242,#5243,#5244,
    #5245,#5246,#5247,#5248,#5249,#5250,#5251,#5252,#5253,#5254,#5255,
    #5256),.UNSPECIFIED.,.T.,.F.,(8,6,6,6,6,6,6,6,6,6,6,6,6,6,6,6,6,6,6,
    8),(0.,3.611219396811E-02,0.10041812166,0.192617343936,
    0.225237752169,0.274700238846,0.308020274509,0.398876782551,
    0.448654722207,0.478205344509,0.522695807044,0.552255184103,
    0.600490741734,0.69273961726,0.725377592987,0.774866717342,
    0.808204697279,0.899110135461,0.948914882679,1.),.UNSPECIFIED.);
#5141 = CARTESIAN_POINT('',(0.489957326254,7.5));
#5142 = CARTESIAN_POINT('',(0.489957326254,7.560878653344));
#5143 = CARTESIAN_POINT('',(0.492263304019,7.621352686537));
#5144 = CARTESIAN_POINT('',(0.496820671118,7.681331166323));
#5145 = CARTESIAN_POINT('',(0.50350786836,7.740684603818));
#5146 = CARTESIAN_POINT('',(0.512132938259,7.79920332215));
#5147 = CARTESIAN_POINT('',(0.522427275074,7.856559287219));
#5148 = CARTESIAN_POINT('',(0.554709496041,8.011479419807));
#5149 = CARTESIAN_POINT('',(0.579874244867,8.107022317258));
#5150 = CARTESIAN_POINT('',(0.608439431434,8.199149180961));
#5151 = CARTESIAN_POINT('',(0.639549200611,8.287897797016));
#5152 = CARTESIAN_POINT('',(0.672705089686,8.373456513539));
#5153 = CARTESIAN_POINT('',(0.707757790029,8.456273135511));
#5154 = CARTESIAN_POINT('',(0.798092875666,8.652341186553));
#5155 = CARTESIAN_POINT('',(0.855035934389,8.762087839473));
#5156 = CARTESIAN_POINT('',(0.915541126808,8.8665582698));
#5157 = CARTESIAN_POINT('',(0.979851007567,8.965231869801));
#5158 = CARTESIAN_POINT('',(1.048257042089,9.056791168047));
#5159 = CARTESIAN_POINT('',(1.121090113141,9.138967163859));
#5160 = CARTESIAN_POINT('',(1.226246643923,9.233087092283));
#5161 = CARTESIAN_POINT('',(1.254355771824,9.256119515173));
#5162 = CARTESIAN_POINT('',(1.283054273953,9.277385388725));
#5163 = CARTESIAN_POINT('',(1.312307768904,9.296694748567));
#5164 = CARTESIAN_POINT('',(1.34208529482,9.313868795954));
#5165 = CARTESIAN_POINT('',(1.372359003174,9.328739392323));
#5166 = CARTESIAN_POINT('',(1.449722420032,9.359964626946));
#5167 = CARTESIAN_POINT('',(1.49740927149,9.373115400971));
#5168 = CARTESIAN_POINT('',(1.545714718358,9.379910907118));
#5169 = CARTESIAN_POINT('',(1.594225419862,9.380008815486));
#5170 = CARTESIAN_POINT('',(1.642540318097,9.373405960233));
#5171 = CARTESIAN_POINT('',(1.690246570193,9.36043819736));
#5172 = CARTESIAN_POINT('',(1.768320166488,9.329225429501));
#5173 = CARTESIAN_POINT('',(1.799256246501,9.314087381391));
#5174 = CARTESIAN_POINT('',(1.829676594912,9.296542080815));
#5175 = CARTESIAN_POINT('',(1.859551058191,9.276768477423));
#5176 = CARTESIAN_POINT('',(1.888846085083,9.254957415022));
#5177 = CARTESIAN_POINT('',(1.917524359713,9.231312206114));
#5178 = CARTESIAN_POINT('',(2.021949099851,9.137162487438));
#5179 = CARTESIAN_POINT('',(2.093657010655,9.056070267631));
#5180 = CARTESIAN_POINT('',(2.161066170896,8.965884180911));
#5181 = CARTESIAN_POINT('',(2.224495702112,8.868768601105));
#5182 = CARTESIAN_POINT('',(2.284226622441,8.765990934362));
#5183 = CARTESIAN_POINT('',(2.340490964664,8.658063240107));
#5184 = CARTESIAN_POINT('',(2.421997315032,8.482367777371));
#5185 = CARTESIAN_POINT('',(2.449661276322,8.41872658172));
#5186 = CARTESIAN_POINT('',(2.476184145443,8.353460809115));
#5187 = CARTESIAN_POINT('',(2.501508282905,8.286428143922));
#5188 = CARTESIAN_POINT('',(2.525471386809,8.217518946089));
#5189 = CARTESIAN_POINT('',(2.547801296165,8.146661780975));
#5190 = CARTESIAN_POINT('',(2.58016350428,8.030594682348));
#5191 = CARTESIAN_POINT('',(2.59154361261,7.986527316328));
#5192 = CARTESIAN_POINT('',(2.602143451148,7.941675710252));
#5193 = CARTESIAN_POINT('',(2.611854955834,7.896068086963));
#5194 = CARTESIAN_POINT('',(2.620566837679,7.849713593937));
#5195 = CARTESIAN_POINT('',(2.628164265334,7.802602064382));
#5196 = CARTESIAN_POINT('',(2.64411040553,7.682589665812));
#5197 = CARTESIAN_POINT('',(2.650916460537,7.608548296881));
#5198 = CARTESIAN_POINT('',(2.654374706443,7.533597532743));
#5199 = CARTESIAN_POINT('',(2.654209596036,7.458395206578));
#5200 = CARTESIAN_POINT('',(2.650429136364,7.383483738806));
#5201 = CARTESIAN_POINT('',(2.643325601168,7.309534291977));
#5202 = CARTESIAN_POINT('',(2.626955013485,7.18979112633));
#5203 = CARTESIAN_POINT('',(2.619201241586,7.142783960918));
#5204 = CARTESIAN_POINT('',(2.610347692305,7.09653901452));
#5205 = CARTESIAN_POINT('',(2.600508801182,7.051044611309));
#5206 = CARTESIAN_POINT('',(2.589794583166,7.006307124409));
#5207 = CARTESIAN_POINT('',(2.578310923974,6.962350746137));
#5208 = CARTESIAN_POINT('',(2.546331551225,6.848831206551));
#5209 = CARTESIAN_POINT('',(2.524630089241,6.780295155237));
#5210 = CARTESIAN_POINT('',(2.501403826046,6.713582915779));
#5211 = CARTESIAN_POINT('',(2.476897570566,6.648628186999));
#5212 = CARTESIAN_POINT('',(2.451259180351,6.585330824336));
#5213 = CARTESIAN_POINT('',(2.424544027953,6.523561543148));
#5214 = CARTESIAN_POINT('',(2.343499777924,6.347658813448));
#5215 = CARTESIAN_POINT('',(2.286556719201,6.237912160527));
#5216 = CARTESIAN_POINT('',(2.226051526781,6.1334417302));
#5217 = CARTESIAN_POINT('',(2.161741646023,6.034768130199));
#5218 = CARTESIAN_POINT('',(2.0933356115,5.943208831953));
#5219 = CARTESIAN_POINT('',(2.020502540449,5.861032836141));
#5220 = CARTESIAN_POINT('',(1.915346009667,5.766912907717));
#5221 = CARTESIAN_POINT('',(1.887236881766,5.743880484827));
#5222 = CARTESIAN_POINT('',(1.858538379637,5.722614611275));
#5223 = CARTESIAN_POINT('',(1.829284884686,5.703305251433));
#5224 = CARTESIAN_POINT('',(1.799507358769,5.686131204046));
#5225 = CARTESIAN_POINT('',(1.769233650416,5.671260607677));
#5226 = CARTESIAN_POINT('',(1.691870233557,5.640035373054));
#5227 = CARTESIAN_POINT('',(1.644183382099,5.626884599029));
#5228 = CARTESIAN_POINT('',(1.595877935232,5.620089092882));
#5229 = CARTESIAN_POINT('',(1.547367233728,5.619991184514));
#5230 = CARTESIAN_POINT('',(1.499052335493,5.626594039767));
#5231 = CARTESIAN_POINT('',(1.451346083397,5.63956180264));
#5232 = CARTESIAN_POINT('',(1.373272487102,5.670774570499));
#5233 = CARTESIAN_POINT('',(1.342336407089,5.685912618609));
#5234 = CARTESIAN_POINT('',(1.311916058678,5.703457919185));
#5235 = CARTESIAN_POINT('',(1.282041595399,5.723231522577));
#5236 = CARTESIAN_POINT('',(1.252746568507,5.745042584978));
#5237 = CARTESIAN_POINT('',(1.224068293877,5.768687793886));
#5238 = CARTESIAN_POINT('',(1.119643553739,5.862837512562));
#5239 = CARTESIAN_POINT('',(1.047935642934,5.94392973237));
#5240 = CARTESIAN_POINT('',(0.980526482694,6.034115819088));
#5241 = CARTESIAN_POINT('',(0.917096951477,6.131231398895));
#5242 = CARTESIAN_POINT('',(0.857366031149,6.234009065638));
#5243 = CARTESIAN_POINT('',(0.801101688926,6.341936759893));
#5244 = CARTESIAN_POINT('',(0.719595338558,6.517632222629));
#5245 = CARTESIAN_POINT('',(0.691931377267,6.581273418279));
#5246 = CARTESIAN_POINT('',(0.665408508146,6.646539190885));
#5247 = CARTESIAN_POINT('',(0.640084370685,6.713571856078));
#5248 = CARTESIAN_POINT('',(0.61612126678,6.782481053911));
#5249 = CARTESIAN_POINT('',(0.593791357425,6.853338219026));
#5250 = CARTESIAN_POINT('',(0.55265533648,7.000872607999));
#5251 = CARTESIAN_POINT('',(0.533506610709,7.079257284737));
#5252 = CARTESIAN_POINT('',(0.51698630456,7.160201415532));
#5253 = CARTESIAN_POINT('',(0.503849630306,7.242942800728));
#5254 = CARTESIAN_POINT('',(0.494692743259,7.32713037222));
#5255 = CARTESIAN_POINT('',(0.489957326254,7.412761731023));
#5256 = CARTESIAN_POINT('',(0.489957326254,7.5));
#5257 = ( GEOMETRIC_REPRESENTATION_CONTEXT(2) 
PARAMETRIC_REPRESENTATION_CONTEXT() REPRESENTATION_CONTEXT('2D SPACE',''
  ) );
#5258 = ADVANCED_FACE('',(#5259),#1439,.T.);
#5259 = FACE_BOUND('',#5260,.T.);
#5260 = EDGE_LOOP('',(#5261,#5317,#5318,#5319));
#5261 = ORIENTED_EDGE('',*,*,#5262,.F.);
#5262 = EDGE_CURVE('',#2667,#5263,#5265,.T.);
#5263 = VERTEX_POINT('',#5264);
#5264 = CARTESIAN_POINT('',(24.38195360982,3.229789939136,2.5));
#5265 = SURFACE_CURVE('',#5266,(#5281,#5299),.PCURVE_S1.);
#5266 = B_SPLINE_CURVE_WITH_KNOTS('',7,(#5267,#5268,#5269,#5270,#5271,
    #5272,#5273,#5274,#5275,#5276,#5277,#5278,#5279,#5280),
  .UNSPECIFIED.,.F.,.F.,(8,6,8),(0.,0.34797605779,1.),.UNSPECIFIED.);
#5267 = CARTESIAN_POINT('',(23.563020582721,3.79554362706,4.75));
#5268 = CARTESIAN_POINT('',(23.602518623768,3.748420399285,
    4.641480024112));
#5269 = CARTESIAN_POINT('',(23.642301143377,3.704619388738,
    4.532178449797));
#5270 = CARTESIAN_POINT('',(23.682309604077,3.663706325429,
    4.422256107435));
#5271 = CARTESIAN_POINT('',(23.722501927401,3.625381714456,
    4.311828606667));
#5272 = CARTESIAN_POINT('',(23.762847191028,3.589415622801,
    4.200980905869));
#5273 = CARTESIAN_POINT('',(23.803323026192,3.555615137224,
    4.089774462724));
#5274 = CARTESIAN_POINT('',(23.919976710388,3.464256426537,3.7692710995)
  );
#5275 = CARTESIAN_POINT('',(23.996432535013,3.411755475547,
    3.559210447756));
#5276 = CARTESIAN_POINT('',(24.073179618889,3.365292929831,
    3.348349567799));
#5277 = CARTESIAN_POINT('',(24.150148064377,3.324268491893,
    3.136880501809));
#5278 = CARTESIAN_POINT('',(24.227286285537,3.288218533808,
    2.924944980995));
#5279 = CARTESIAN_POINT('',(24.304560913092,3.256810617583,
    2.712634686692));
#5280 = CARTESIAN_POINT('',(24.38195360982,3.229789939136,2.5));
#5281 = PCURVE('',#1439,#5282);
#5282 = DEFINITIONAL_REPRESENTATION('',(#5283),#5298);
#5283 = B_SPLINE_CURVE_WITH_KNOTS('',7,(#5284,#5285,#5286,#5287,#5288,
    #5289,#5290,#5291,#5292,#5293,#5294,#5295,#5296,#5297),
  .UNSPECIFIED.,.F.,.F.,(8,6,8),(0.,0.34797605779,1.),.UNSPECIFIED.);
#5284 = CARTESIAN_POINT('',(0.620445637294,0.));
#5285 = CARTESIAN_POINT('',(0.625157960072,4.823110039471E-02));
#5286 = CARTESIAN_POINT('',(0.629538061126,9.680957786787E-02));
#5287 = CARTESIAN_POINT('',(0.633629367457,0.145663952251));
#5288 = CARTESIAN_POINT('',(0.637461828554,0.194742841482));
#5289 = CARTESIAN_POINT('',(0.64105843772,0.24400848628));
#5290 = CARTESIAN_POINT('',(0.644438486278,0.293433572122));
#5291 = CARTESIAN_POINT('',(0.653574357346,0.435879511333));
#5292 = CARTESIAN_POINT('',(0.658824452445,0.529239800997));
#5293 = CARTESIAN_POINT('',(0.663470707017,0.622955747645));
#5294 = CARTESIAN_POINT('',(0.667573150811,0.716941999196));
#5295 = CARTESIAN_POINT('',(0.671178146619,0.811135564002));
#5296 = CARTESIAN_POINT('',(0.674318938242,0.905495694804));
#5297 = CARTESIAN_POINT('',(0.677021006086,1.));
#5298 = ( GEOMETRIC_REPRESENTATION_CONTEXT(2) 
PARAMETRIC_REPRESENTATION_CONTEXT() REPRESENTATION_CONTEXT('2D SPACE',''
  ) );
#5299 = PCURVE('',#2648,#5300);
#5300 = DEFINITIONAL_REPRESENTATION('',(#5301),#5316);
#5301 = B_SPLINE_CURVE_WITH_KNOTS('',7,(#5302,#5303,#5304,#5305,#5306,
    #5307,#5308,#5309,#5310,#5311,#5312,#5313,#5314,#5315),
  .UNSPECIFIED.,.F.,.F.,(8,6,8),(0.,0.34797605779,1.),.UNSPECIFIED.);
#5302 = CARTESIAN_POINT('',(-3.839188112585,-4.75));
#5303 = CARTESIAN_POINT('',(-3.871981364324,-4.641480024112));
#5304 = CARTESIAN_POINT('',(-3.903514211676,-4.532178449797));
#5305 = CARTESIAN_POINT('',(-3.934001361095,-4.422256107435));
#5306 = CARTESIAN_POINT('',(-3.963589405299,-4.311828606667));
#5307 = CARTESIAN_POINT('',(-3.992390857619,-4.200980905869));
#5308 = CARTESIAN_POINT('',(-4.020501334589,-4.089774462724));
#5309 = CARTESIAN_POINT('',(-4.099525599428,-3.7692710995));
#5310 = CARTESIAN_POINT('',(-4.148893198381,-3.559210447756));
#5311 = CARTESIAN_POINT('',(-4.196620406681,-3.348349567799));
#5312 = CARTESIAN_POINT('',(-4.243016550042,-3.136880501809));
#5313 = CARTESIAN_POINT('',(-4.288332163299,-2.924944980995));
#5314 = CARTESIAN_POINT('',(-4.33276340647,-2.712634686692));
#5315 = CARTESIAN_POINT('',(-4.376482905325,-2.5));
#5316 = ( GEOMETRIC_REPRESENTATION_CONTEXT(2) 
PARAMETRIC_REPRESENTATION_CONTEXT() REPRESENTATION_CONTEXT('2D SPACE',''
  ) );
#5317 = ORIENTED_EDGE('',*,*,#2666,.T.);
#5318 = ORIENTED_EDGE('',*,*,#1425,.T.);
#5319 = ORIENTED_EDGE('',*,*,#5320,.F.);
#5320 = EDGE_CURVE('',#5263,#1426,#5321,.T.);
#5321 = SURFACE_CURVE('',#5322,(#5325,#5332),.PCURVE_S1.);
#5322 = B_SPLINE_CURVE_WITH_KNOTS('',1,(#5323,#5324),.UNSPECIFIED.,.F.,
  .F.,(2,2),(0.,1.),.PIECEWISE_BEZIER_KNOTS.);
#5323 = CARTESIAN_POINT('',(24.38195360982,10.,2.5));
#5324 = CARTESIAN_POINT('',(24.38195360982,0.,2.5));
#5325 = PCURVE('',#1439,#5326);
#5326 = DEFINITIONAL_REPRESENTATION('',(#5327),#5331);
#5327 = LINE('',#5328,#5329);
#5328 = CARTESIAN_POINT('',(0.,1.));
#5329 = VECTOR('',#5330,1.);
#5330 = DIRECTION('',(1.,0.));
#5331 = ( GEOMETRIC_REPRESENTATION_CONTEXT(2) 
PARAMETRIC_REPRESENTATION_CONTEXT() REPRESENTATION_CONTEXT('2D SPACE',''
  ) );
#5332 = PCURVE('',#1465,#5333);
#5333 = DEFINITIONAL_REPRESENTATION('',(#5334),#5338);
#5334 = LINE('',#5335,#5336);
#5335 = CARTESIAN_POINT('',(0.,0.));
#5336 = VECTOR('',#5337,1.);
#5337 = DIRECTION('',(1.,0.));
#5338 = ( GEOMETRIC_REPRESENTATION_CONTEXT(2) 
PARAMETRIC_REPRESENTATION_CONTEXT() REPRESENTATION_CONTEXT('2D SPACE',''
  ) );
#5339 = ADVANCED_FACE('',(#5340),#1465,.T.);
#5340 = FACE_BOUND('',#5341,.T.);
#5341 = EDGE_LOOP('',(#5342,#5392,#5393,#5394));
#5342 = ORIENTED_EDGE('',*,*,#5343,.F.);
#5343 = EDGE_CURVE('',#5263,#5344,#5346,.T.);
#5344 = VERTEX_POINT('',#5345);
#5345 = CARTESIAN_POINT('',(25.042824350949,3.12548911047,2.5));
#5346 = SURFACE_CURVE('',#5347,(#5360,#5376),.PCURVE_S1.);
#5347 = B_SPLINE_CURVE_WITH_KNOTS('',6,(#5348,#5349,#5350,#5351,#5352,
    #5353,#5354,#5355,#5356,#5357,#5358,#5359),.UNSPECIFIED.,.F.,.F.,(7,
    5,7),(0.,0.936414769863,1.),.UNSPECIFIED.);
#5348 = CARTESIAN_POINT('',(24.38195360982,3.229789939136,2.5));
#5349 = CARTESIAN_POINT('',(24.483551798004,3.194318220358,2.5));
#5350 = CARTESIAN_POINT('',(24.586092622075,3.166367500959,2.5));
#5351 = CARTESIAN_POINT('',(24.689290978157,3.145603346068,2.5));
#5352 = CARTESIAN_POINT('',(24.792902406733,3.131839556115,2.5));
#5353 = CARTESIAN_POINT('',(24.896711299723,3.124970800171,2.5));
#5354 = CARTESIAN_POINT('',(25.007578209324,3.125002062356,2.5));
#5355 = CARTESIAN_POINT('',(25.014627704039,3.125035855242,2.5));
#5356 = CARTESIAN_POINT('',(25.021677130564,3.125101453279,2.5));
#5357 = CARTESIAN_POINT('',(25.028726423915,3.125198858638,2.5));
#5358 = CARTESIAN_POINT('',(25.035775519066,3.125328075583,2.5));
#5359 = CARTESIAN_POINT('',(25.042824350949,3.12548911047,2.5));
#5360 = PCURVE('',#1465,#5361);
#5361 = DEFINITIONAL_REPRESENTATION('',(#5362),#5375);
#5362 = B_SPLINE_CURVE_WITH_KNOTS('',6,(#5363,#5364,#5365,#5366,#5367,
    #5368,#5369,#5370,#5371,#5372,#5373,#5374),.UNSPECIFIED.,.F.,.F.,(7,
    5,7),(0.,0.936414769863,1.),.UNSPECIFIED.);
#5363 = CARTESIAN_POINT('',(0.677021006086,0.));
#5364 = CARTESIAN_POINT('',(0.680568177964,0.153733826997));
#5365 = CARTESIAN_POINT('',(0.683363249904,0.30889400839));
#5366 = CARTESIAN_POINT('',(0.685439665393,0.465049137766));
#5367 = CARTESIAN_POINT('',(0.686816044389,0.621829309936));
#5368 = CARTESIAN_POINT('',(0.687502919983,0.77890827641));
#5369 = CARTESIAN_POINT('',(0.687499793764,0.946667117438));
#5370 = CARTESIAN_POINT('',(0.687496414476,0.957334097039));
#5371 = CARTESIAN_POINT('',(0.687489854672,0.968000973459));
#5372 = CARTESIAN_POINT('',(0.687480114136,0.978667648366));
#5373 = CARTESIAN_POINT('',(0.687467192442,0.989334023366));
#5374 = CARTESIAN_POINT('',(0.687451088953,1.));
#5375 = ( GEOMETRIC_REPRESENTATION_CONTEXT(2) 
PARAMETRIC_REPRESENTATION_CONTEXT() REPRESENTATION_CONTEXT('2D SPACE',''
  ) );
#5376 = PCURVE('',#2648,#5377);
#5377 = DEFINITIONAL_REPRESENTATION('',(#5378),#5391);
#5378 = B_SPLINE_CURVE_WITH_KNOTS('',6,(#5379,#5380,#5381,#5382,#5383,
    #5384,#5385,#5386,#5387,#5388,#5389,#5390),.UNSPECIFIED.,.F.,.F.,(7,
    5,7),(0.,0.936414769863,1.),.UNSPECIFIED.);
#5379 = CARTESIAN_POINT('',(-4.376482905325,-2.5));
#5380 = CARTESIAN_POINT('',(-4.433876200296,-2.5));
#5381 = CARTESIAN_POINT('',(-4.490422019516,-2.5));
#5382 = CARTESIAN_POINT('',(-4.546375375773,-2.5));
#5383 = CARTESIAN_POINT('',(-4.601937875554,-2.5));
#5384 = CARTESIAN_POINT('',(-4.657301671373,-2.5));
#5385 = CARTESIAN_POINT('',(-4.716430692177,-2.5));
#5386 = CARTESIAN_POINT('',(-4.720190427633,-2.5));
#5387 = CARTESIAN_POINT('',(-4.72395022715,-2.5));
#5388 = CARTESIAN_POINT('',(-4.72771015175,-2.5));
#5389 = CARTESIAN_POINT('',(-4.73147026248,-2.5));
#5390 = CARTESIAN_POINT('',(-4.735230620407,-2.5));
#5391 = ( GEOMETRIC_REPRESENTATION_CONTEXT(2) 
PARAMETRIC_REPRESENTATION_CONTEXT() REPRESENTATION_CONTEXT('2D SPACE',''
  ) );
#5392 = ORIENTED_EDGE('',*,*,#5320,.T.);
#5393 = ORIENTED_EDGE('',*,*,#1451,.T.);
#5394 = ORIENTED_EDGE('',*,*,#5395,.F.);
#5395 = EDGE_CURVE('',#5344,#1452,#5396,.T.);
#5396 = SURFACE_CURVE('',#5397,(#5400,#5407),.PCURVE_S1.);
#5397 = B_SPLINE_CURVE_WITH_KNOTS('',1,(#5398,#5399),.UNSPECIFIED.,.F.,
  .F.,(2,2),(0.,1.),.PIECEWISE_BEZIER_KNOTS.);
#5398 = CARTESIAN_POINT('',(25.042824350949,10.,2.5));
#5399 = CARTESIAN_POINT('',(25.042824350949,0.,2.5));
#5400 = PCURVE('',#1465,#5401);
#5401 = DEFINITIONAL_REPRESENTATION('',(#5402),#5406);
#5402 = LINE('',#5403,#5404);
#5403 = CARTESIAN_POINT('',(0.,1.));
#5404 = VECTOR('',#5405,1.);
#5405 = DIRECTION('',(1.,0.));
#5406 = ( GEOMETRIC_REPRESENTATION_CONTEXT(2) 
PARAMETRIC_REPRESENTATION_CONTEXT() REPRESENTATION_CONTEXT('2D SPACE',''
  ) );
#5407 = PCURVE('',#1491,#5408);
#5408 = DEFINITIONAL_REPRESENTATION('',(#5409),#5413);
#5409 = LINE('',#5410,#5411);
#5410 = CARTESIAN_POINT('',(0.,0.));
#5411 = VECTOR('',#5412,1.);
#5412 = DIRECTION('',(1.,0.));
#5413 = ( GEOMETRIC_REPRESENTATION_CONTEXT(2) 
PARAMETRIC_REPRESENTATION_CONTEXT() REPRESENTATION_CONTEXT('2D SPACE',''
  ) );
#5414 = ADVANCED_FACE('',(#5415),#1491,.T.);
#5415 = FACE_BOUND('',#5416,.T.);
#5416 = EDGE_LOOP('',(#5417,#5467,#5468,#5469));
#5417 = ORIENTED_EDGE('',*,*,#5418,.F.);
#5418 = EDGE_CURVE('',#5344,#5419,#5421,.T.);
#5419 = VERTEX_POINT('',#5420);
#5420 = CARTESIAN_POINT('',(25.861757378048,3.334767517318,4.75));
#5421 = SURFACE_CURVE('',#5422,(#5435,#5451),.PCURVE_S1.);
#5422 = B_SPLINE_CURVE_WITH_KNOTS('',6,(#5423,#5424,#5425,#5426,#5427,
    #5428,#5429,#5430,#5431,#5432,#5433,#5434),.UNSPECIFIED.,.F.,.F.,(7,
    5,7),(0.,0.49886610784,1.),.UNSPECIFIED.);
#5423 = CARTESIAN_POINT('',(25.042824350949,3.12548911047,2.5));
#5424 = CARTESIAN_POINT('',(25.111122355315,3.127049420269,
    2.687647224788));
#5425 = CARTESIAN_POINT('',(25.179415095656,3.131597087279,
    2.875279986787));
#5426 = CARTESIAN_POINT('',(25.247691368558,3.139143196727,
    3.062867504871));
#5427 = CARTESIAN_POINT('',(25.315938849361,3.149728410438,
    3.250375917311));
#5428 = CARTESIAN_POINT('',(25.384143800567,3.163429970832,
    3.437767480646));
#5429 = CARTESIAN_POINT('',(25.5207475478,3.197384440393,3.813083191579)
  );
#5430 = CARTESIAN_POINT('',(25.589144552968,3.21766685157,4.001002418838
    ));
#5431 = CARTESIAN_POINT('',(25.657467219122,3.2413391517,4.188717401333)
  );
#5432 = CARTESIAN_POINT('',(25.725695504785,3.268574215737,
    4.376173075559));
#5433 = CARTESIAN_POINT('',(25.79380357928,3.299601444074,4.563298472318
    ));
#5434 = CARTESIAN_POINT('',(25.861757378048,3.334767517318,4.75));
#5435 = PCURVE('',#1491,#5436);
#5436 = DEFINITIONAL_REPRESENTATION('',(#5437),#5450);
#5437 = B_SPLINE_CURVE_WITH_KNOTS('',6,(#5438,#5439,#5440,#5441,#5442,
    #5443,#5444,#5445,#5446,#5447,#5448,#5449),.UNSPECIFIED.,.F.,.F.,(7,
    5,7),(0.,0.49886610784,1.),.UNSPECIFIED.);
#5438 = CARTESIAN_POINT('',(0.687451088953,0.));
#5439 = CARTESIAN_POINT('',(0.687295057973,8.339876657249E-02));
#5440 = CARTESIAN_POINT('',(0.686840291272,0.166791105239));
#5441 = CARTESIAN_POINT('',(0.686085680327,0.250163335498));
#5442 = CARTESIAN_POINT('',(0.685027158956,0.333500407694));
#5443 = CARTESIAN_POINT('',(0.683657002917,0.416785546954));
#5444 = CARTESIAN_POINT('',(0.680261555961,0.583592529591));
#5445 = CARTESIAN_POINT('',(0.678233314843,0.66711218615));
#5446 = CARTESIAN_POINT('',(0.67586608483,0.750541067259));
#5447 = CARTESIAN_POINT('',(0.673142578426,0.833854700249));
#5448 = CARTESIAN_POINT('',(0.670039855593,0.917021543252));
#5449 = CARTESIAN_POINT('',(0.666523248268,1.));
#5450 = ( GEOMETRIC_REPRESENTATION_CONTEXT(2) 
PARAMETRIC_REPRESENTATION_CONTEXT() REPRESENTATION_CONTEXT('2D SPACE',''
  ) );
#5451 = PCURVE('',#2648,#5452);
#5452 = DEFINITIONAL_REPRESENTATION('',(#5453),#5466);
#5453 = B_SPLINE_CURVE_WITH_KNOTS('',6,(#5454,#5455,#5456,#5457,#5458,
    #5459,#5460,#5461,#5462,#5463,#5464,#5465),.UNSPECIFIED.,.F.,.F.,(7,
    5,7),(0.,0.49886610784,1.),.UNSPECIFIED.);
#5454 = CARTESIAN_POINT('',(-4.735230620407,-2.5));
#5455 = CARTESIAN_POINT('',(-4.771665727158,-2.687647224788));
#5456 = CARTESIAN_POINT('',(-4.808134360685,-2.875279986787));
#5457 = CARTESIAN_POINT('',(-4.84471799729,-3.062867504871));
#5458 = CARTESIAN_POINT('',(-4.881498012345,-3.250375917311));
#5459 = CARTESIAN_POINT('',(-4.918562577911,-3.437767480646));
#5460 = CARTESIAN_POINT('',(-4.993634790397,-3.813083191579));
#5461 = CARTESIAN_POINT('',(-5.031645382628,-4.001002418838));
#5462 = CARTESIAN_POINT('',(-5.070149280999,-4.188717401333));
#5463 = CARTESIAN_POINT('',(-5.109264801474,-4.376173075559));
#5464 = CARTESIAN_POINT('',(-5.149130776048,-4.563298472318));
#5465 = CARTESIAN_POINT('',(-5.189938170496,-4.75));
#5466 = ( GEOMETRIC_REPRESENTATION_CONTEXT(2) 
PARAMETRIC_REPRESENTATION_CONTEXT() REPRESENTATION_CONTEXT('2D SPACE',''
  ) );
#5467 = ORIENTED_EDGE('',*,*,#5395,.T.);
#5468 = ORIENTED_EDGE('',*,*,#1477,.T.);
#5469 = ORIENTED_EDGE('',*,*,#5470,.F.);
#5470 = EDGE_CURVE('',#5419,#1478,#5471,.T.);
#5471 = SURFACE_CURVE('',#5472,(#5475,#5482),.PCURVE_S1.);
#5472 = B_SPLINE_CURVE_WITH_KNOTS('',1,(#5473,#5474),.UNSPECIFIED.,.F.,
  .F.,(2,2),(0.,1.),.PIECEWISE_BEZIER_KNOTS.);
#5473 = CARTESIAN_POINT('',(25.861757378048,10.,4.75));
#5474 = CARTESIAN_POINT('',(25.861757378048,0.,4.75));
#5475 = PCURVE('',#1491,#5476);
#5476 = DEFINITIONAL_REPRESENTATION('',(#5477),#5481);
#5477 = LINE('',#5478,#5479);
#5478 = CARTESIAN_POINT('',(0.,1.));
#5479 = VECTOR('',#5480,1.);
#5480 = DIRECTION('',(1.,0.));
#5481 = ( GEOMETRIC_REPRESENTATION_CONTEXT(2) 
PARAMETRIC_REPRESENTATION_CONTEXT() REPRESENTATION_CONTEXT('2D SPACE',''
  ) );
#5482 = PCURVE('',#1517,#5483);
#5483 = DEFINITIONAL_REPRESENTATION('',(#5484),#5488);
#5484 = LINE('',#5485,#5486);
#5485 = CARTESIAN_POINT('',(0.,0.));
#5486 = VECTOR('',#5487,1.);
#5487 = DIRECTION('',(1.,0.));
#5488 = ( GEOMETRIC_REPRESENTATION_CONTEXT(2) 
PARAMETRIC_REPRESENTATION_CONTEXT() REPRESENTATION_CONTEXT('2D SPACE',''
  ) );
#5489 = ADVANCED_FACE('',(#5490),#1517,.T.);
#5490 = FACE_BOUND('',#5491,.T.);
#5491 = EDGE_LOOP('',(#5492,#5546,#5547,#5548));
#5492 = ORIENTED_EDGE('',*,*,#5493,.F.);
#5493 = EDGE_CURVE('',#5419,#3362,#5494,.T.);
#5494 = SURFACE_CURVE('',#5495,(#5510,#5528),.PCURVE_S1.);
#5495 = B_SPLINE_CURVE_WITH_KNOTS('',5,(#5496,#5497,#5498,#5499,#5500,
    #5501,#5502,#5503,#5504,#5505,#5506,#5507,#5508,#5509),
  .UNSPECIFIED.,.F.,.F.,(6,4,4,6),(0.,0.369870778446,0.646180857236,1.),
  .UNSPECIFIED.);
#5496 = CARTESIAN_POINT('',(25.861757378048,3.334767517318,4.75));
#5497 = CARTESIAN_POINT('',(25.935565801201,3.372963357163,4.75));
#5498 = CARTESIAN_POINT('',(26.00822743857,3.415749937185,4.75));
#5499 = CARTESIAN_POINT('',(26.079509354586,3.46328037306,4.75));
#5500 = CARTESIAN_POINT('',(26.149099666278,3.515727750689,4.75));
#5501 = CARTESIAN_POINT('',(26.267024048628,3.616285200504,4.75));
#5502 = CARTESIAN_POINT('',(26.316278732448,3.662133675702,4.75));
#5503 = CARTESIAN_POINT('',(26.364196250013,3.710912283606,4.75));
#5504 = CARTESIAN_POINT('',(26.41056395845,3.762693557611,4.75));
#5505 = CARTESIAN_POINT('',(26.512188461421,3.887750914799,4.75));
#5506 = CARTESIAN_POINT('',(26.566282696815,3.962973499335,4.75));
#5507 = CARTESIAN_POINT('',(26.616881899928,4.043315641789,4.75));
#5508 = CARTESIAN_POINT('',(26.663260294157,4.128766871969,4.75));
#5509 = CARTESIAN_POINT('',(26.704613236311,4.219027071792,4.75));
#5510 = PCURVE('',#1517,#5511);
#5511 = DEFINITIONAL_REPRESENTATION('',(#5512),#5527);
#5512 = B_SPLINE_CURVE_WITH_KNOTS('',5,(#5513,#5514,#5515,#5516,#5517,
    #5518,#5519,#5520,#5521,#5522,#5523,#5524,#5525,#5526),
  .UNSPECIFIED.,.F.,.F.,(6,4,4,6),(0.,0.369870778446,0.646180857236,1.),
  .UNSPECIFIED.);
#5513 = CARTESIAN_POINT('',(0.666523248268,0.));
#5514 = CARTESIAN_POINT('',(0.662703664284,8.756944906852E-02));
#5515 = CARTESIAN_POINT('',(0.658425006282,0.173778302762));
#5516 = CARTESIAN_POINT('',(0.653671962694,0.258350196422));
#5517 = CARTESIAN_POINT('',(0.648427224931,0.340915098843));
#5518 = CARTESIAN_POINT('',(0.63837147995,0.480825596224));
#5519 = CARTESIAN_POINT('',(0.63378663243,0.539263445753));
#5520 = CARTESIAN_POINT('',(0.628908771639,0.596114824427));
#5521 = CARTESIAN_POINT('',(0.623730644239,0.651127443704));
#5522 = CARTESIAN_POINT('',(0.61122490852,0.77169907167));
#5523 = CARTESIAN_POINT('',(0.603702650067,0.8358787708));
#5524 = CARTESIAN_POINT('',(0.595668435821,0.895911815143));
#5525 = CARTESIAN_POINT('',(0.587123312803,0.950937112498));
#5526 = CARTESIAN_POINT('',(0.578097292821,1.));
#5527 = ( GEOMETRIC_REPRESENTATION_CONTEXT(2) 
PARAMETRIC_REPRESENTATION_CONTEXT() REPRESENTATION_CONTEXT('2D SPACE',''
  ) );
#5528 = PCURVE('',#2648,#5529);
#5529 = DEFINITIONAL_REPRESENTATION('',(#5530),#5545);
#5530 = B_SPLINE_CURVE_WITH_KNOTS('',5,(#5531,#5532,#5533,#5534,#5535,
    #5536,#5537,#5538,#5539,#5540,#5541,#5542,#5543,#5544),
  .UNSPECIFIED.,.F.,.F.,(6,4,4,6),(0.,0.369870778446,0.646180857236,1.),
  .UNSPECIFIED.);
#5531 = CARTESIAN_POINT('',(-5.189938170496,-4.75));
#5532 = CARTESIAN_POINT('',(-5.234261364957,-4.75));
#5533 = CARTESIAN_POINT('',(-5.279166599475,-4.75));
#5534 = CARTESIAN_POINT('',(-5.32476282207,-4.75));
#5535 = CARTESIAN_POINT('',(-5.371153726637,-4.75));
#5536 = CARTESIAN_POINT('',(-5.453808281735,-4.75));
#5537 = CARTESIAN_POINT('',(-5.489662939638,-4.75));
#5538 = CARTESIAN_POINT('',(-5.526080922714,-4.75));
#5539 = CARTESIAN_POINT('',(-5.563108953295,-4.75));
#5540 = CARTESIAN_POINT('',(-5.649051581709,-4.75));
#5541 = CARTESIAN_POINT('',(-5.698381048135,-4.75));
#5542 = CARTESIAN_POINT('',(-5.74888688655,-4.75));
#5543 = CARTESIAN_POINT('',(-5.800621879281,-4.75));
#5544 = CARTESIAN_POINT('',(-5.853572424249,-4.75));
#5545 = ( GEOMETRIC_REPRESENTATION_CONTEXT(2) 
PARAMETRIC_REPRESENTATION_CONTEXT() REPRESENTATION_CONTEXT('2D SPACE',''
  ) );
#5546 = ORIENTED_EDGE('',*,*,#5470,.T.);
#5547 = ORIENTED_EDGE('',*,*,#1503,.T.);
#5548 = ORIENTED_EDGE('',*,*,#3444,.F.);
#5549 = ADVANCED_FACE('',(#5550),#2296,.F.);
#5550 = FACE_BOUND('',#5551,.T.);
#5551 = EDGE_LOOP('',(#5552,#5914,#5935,#5936));
#5552 = ORIENTED_EDGE('',*,*,#5553,.F.);
#5553 = EDGE_CURVE('',#5554,#5554,#5556,.T.);
#5554 = VERTEX_POINT('',#5555);
#5555 = CARTESIAN_POINT('',(16.875,4.,5.));
#5556 = SURFACE_CURVE('',#5557,(#5674,#5794),.PCURVE_S1.);
#5557 = B_SPLINE_CURVE_WITH_KNOTS('',7,(#5558,#5559,#5560,#5561,#5562,
    #5563,#5564,#5565,#5566,#5567,#5568,#5569,#5570,#5571,#5572,#5573,
    #5574,#5575,#5576,#5577,#5578,#5579,#5580,#5581,#5582,#5583,#5584,
    #5585,#5586,#5587,#5588,#5589,#5590,#5591,#5592,#5593,#5594,#5595,
    #5596,#5597,#5598,#5599,#5600,#5601,#5602,#5603,#5604,#5605,#5606,
    #5607,#5608,#5609,#5610,#5611,#5612,#5613,#5614,#5615,#5616,#5617,
    #5618,#5619,#5620,#5621,#5622,#5623,#5624,#5625,#5626,#5627,#5628,
    #5629,#5630,#5631,#5632,#5633,#5634,#5635,#5636,#5637,#5638,#5639,
    #5640,#5641,#5642,#5643,#5644,#5645,#5646,#5647,#5648,#5649,#5650,
    #5651,#5652,#5653,#5654,#5655,#5656,#5657,#5658,#5659,#5660,#5661,
    #5662,#5663,#5664,#5665,#5666,#5667,#5668,#5669,#5670,#5671,#5672,
    #5673),.UNSPECIFIED.,.T.,.F.,(8,6,6,6,6,6,6,6,6,6,6,6,6,6,6,6,6,6,6,
    8),(0.,3.611219398887E-02,0.100418121718,0.192617344046,
    0.225237752298,0.274700239003,0.308020274685,0.398876782778,
    0.448654722463,0.478205344782,0.522695807342,0.552255184399,
    0.600490741999,0.692739617464,0.725377593169,0.774866717491,
    0.808204697406,0.899110135527,0.948914882713,1.),.UNSPECIFIED.);
#5558 = CARTESIAN_POINT('',(16.875,4.,5.));
#5559 = CARTESIAN_POINT('',(16.875,4.,5.060878653344));
#5560 = CARTESIAN_POINT('',(16.872693894842,3.995676260059,
    5.121352686537));
#5561 = CARTESIAN_POINT('',(16.868136953559,3.987131311375,
    5.181331166323));
#5562 = CARTESIAN_POINT('',(16.861386430739,3.974626145635,
    5.240684603818));
#5563 = CARTESIAN_POINT('',(16.852518407183,3.958583845299,5.29920332215
    ));
#5564 = CARTESIAN_POINT('',(16.841670979615,3.939584233591,
    5.356559287219));
#5565 = CARTESIAN_POINT('',(16.806752900591,3.880536377741,
    5.511479419808));
#5566 = CARTESIAN_POINT('',(16.778621582543,3.835046495458,
    5.607022317257));
#5567 = CARTESIAN_POINT('',(16.745201615734,3.78432438244,5.699149180961
    ));
#5568 = CARTESIAN_POINT('',(16.70681174001,3.73040155051,5.787897797015)
  );
#5569 = CARTESIAN_POINT('',(16.663691443517,3.674567312003,
    5.873456513539));
#5570 = CARTESIAN_POINT('',(16.615709033024,3.617491215103,
    5.956273135511));
#5571 = CARTESIAN_POINT('',(16.485581767,3.476366001351,6.152341186552)
  );
#5572 = CARTESIAN_POINT('',(16.398393460437,3.392166671705,
    6.262087839475));
#5573 = CARTESIAN_POINT('',(16.299967385669,3.308746769173,
    6.366558269798));
#5574 = CARTESIAN_POINT('',(16.189219319765,3.227555947064,
    6.465231869803));
#5575 = CARTESIAN_POINT('',(16.064968126131,3.150564701149,
    6.556791168046));
#5576 = CARTESIAN_POINT('',(15.926223242046,3.080369821557,
    6.638967163859));
#5577 = CARTESIAN_POINT('',(15.718052157721,2.999141063579,
    6.733087092283));
#5578 = CARTESIAN_POINT('',(15.661725869338,2.979172274883,
    6.756119515173));
#5579 = CARTESIAN_POINT('',(15.60356331117,2.960662107831,6.777385388725
    ));
#5580 = CARTESIAN_POINT('',(15.543662634834,2.943799158501,
    6.796694748567));
#5581 = CARTESIAN_POINT('',(15.48213319024,2.928760881101,6.813868795954
    ));
#5582 = CARTESIAN_POINT('',(15.419095082972,2.915712906813,
    6.828739392323));
#5583 = CARTESIAN_POINT('',(15.257003898932,2.888273748244,
    6.859964626946));
#5584 = CARTESIAN_POINT('',(15.156191669677,2.876672594274,
    6.873115400971));
#5585 = CARTESIAN_POINT('',(15.053455904445,2.870661443076,
    6.879910907118));
#5586 = CARTESIAN_POINT('',(14.950063033008,2.870574833127,
    6.880008815486));
#5587 = CARTESIAN_POINT('',(14.847297080178,2.876415871654,
    6.873405960233));
#5588 = CARTESIAN_POINT('',(14.746424673827,2.887856278954,6.86043819736
    ));
#5589 = CARTESIAN_POINT('',(14.582801614637,2.915286653532,
    6.829225429501));
#5590 = CARTESIAN_POINT('',(14.518371952093,2.928570229776,
    6.814087381391));
#5591 = CARTESIAN_POINT('',(14.455511544675,2.943934201066,
    6.796542080815));
#5592 = CARTESIAN_POINT('',(14.394349650834,2.961202249881,
    6.776768477423));
#5593 = CARTESIAN_POINT('',(14.335003810274,2.980184930716,
    6.754957415022));
#5594 = CARTESIAN_POINT('',(14.277579363916,3.000680427535,
    6.731312206114));
#5595 = CARTESIAN_POINT('',(14.071076862172,3.081905230312,
    6.637162487438));
#5596 = CARTESIAN_POINT('',(13.93457057424,3.151150064353,6.55607026763)
  );
#5597 = CARTESIAN_POINT('',(13.812128641688,3.226972010992,
    6.465884180912));
#5598 = CARTESIAN_POINT('',(13.702799340211,3.3068898707,6.368768601105)
  );
#5599 = CARTESIAN_POINT('',(13.605454478396,3.389015086206,
    6.265990934362));
#5600 = CARTESIAN_POINT('',(13.519055503284,3.4719459692,6.158063240107)
  );
#5601 = CARTESIAN_POINT('',(13.401192233065,3.598858671639,
    5.982367777371));
#5602 = CARTESIAN_POINT('',(13.362700623516,3.643338068988,5.91872658172
    ));
#5603 = CARTESIAN_POINT('',(13.327202940961,3.687176084484,
    5.853460809115));
#5604 = CARTESIAN_POINT('',(13.29462240315,3.730059417563,5.786428143922
    ));
#5605 = CARTESIAN_POINT('',(13.264983331512,3.771501601698,
    5.717518946088));
#5606 = CARTESIAN_POINT('',(13.238379705761,3.810806548987,
    5.646661780974));
#5607 = CARTESIAN_POINT('',(13.201067865964,3.868574162599,
    5.530594682348));
#5608 = CARTESIAN_POINT('',(13.188249655647,3.889083478208,
    5.486527316328));
#5609 = CARTESIAN_POINT('',(13.176576617001,3.908351046695,
    5.441675710252));
#5610 = CARTESIAN_POINT('',(13.166102130465,3.926134890459,
    5.396068086962));
#5611 = CARTESIAN_POINT('',(13.156875315703,3.94218584448,5.349713593937
    ));
#5612 = CARTESIAN_POINT('',(13.148947767298,3.956250253611,
    5.302602064382));
#5613 = CARTESIAN_POINT('',(13.132492509419,3.985872117931,
    5.182589665812));
#5614 = CARTESIAN_POINT('',(13.125667959297,3.998625712166,
    5.108548296881));
#5615 = CARTESIAN_POINT('',(13.122292203903,4.005152949312,
    5.033597532743));
#5616 = CARTESIAN_POINT('',(13.122453515643,4.004841378254,
    4.958395206579));
#5617 = CARTESIAN_POINT('',(13.126149687531,3.997708993037,
    4.883483738805));
#5618 = CARTESIAN_POINT('',(13.133284399921,3.984404254594,
    4.809534291977));
#5619 = CARTESIAN_POINT('',(13.150209234453,3.954011491476,4.68979112636
    ));
#5620 = CARTESIAN_POINT('',(13.158317781222,3.939667710647,
    4.642783960921));
#5621 = CARTESIAN_POINT('',(13.167718155378,3.923369231139,
    4.596539014498));
#5622 = CARTESIAN_POINT('',(13.178358993296,3.905369124156,
    4.551044611287));
#5623 = CARTESIAN_POINT('',(13.190191864436,3.885914131706,
    4.506307124412));
#5624 = CARTESIAN_POINT('',(13.203164941161,3.865242098649,
    4.462350746163));
#5625 = CARTESIAN_POINT('',(13.240146546439,3.80822980595,4.348831206551
    ));
#5626 = CARTESIAN_POINT('',(13.266060058741,3.770071235822,
    4.280295155237));
#5627 = CARTESIAN_POINT('',(13.294819177864,3.729927844694,
    4.213582915779));
#5628 = CARTESIAN_POINT('',(13.326340472634,3.688427415506,
    4.148628186999));
#5629 = CARTESIAN_POINT('',(13.3606028301,3.646013514199,4.085330824336)
  );
#5630 = CARTESIAN_POINT('',(13.397674371976,3.602976686756,
    4.023561543148));
#5631 = CARTESIAN_POINT('',(13.514418233001,3.476366001351,
    3.847658813448));
#5632 = CARTESIAN_POINT('',(13.601606539563,3.392166671706,
    3.737912160526));
#5633 = CARTESIAN_POINT('',(13.700032614331,3.308746769172,
    3.633441730201));
#5634 = CARTESIAN_POINT('',(13.810780680235,3.227555947064,
    3.534768130198));
#5635 = CARTESIAN_POINT('',(13.93503187387,3.150564701149,3.443208831953
    ));
#5636 = CARTESIAN_POINT('',(14.073776757954,3.080369821557,
    3.361032836141));
#5637 = CARTESIAN_POINT('',(14.281947842279,2.999141063579,
    3.266912907717));
#5638 = CARTESIAN_POINT('',(14.338274130662,2.979172274883,
    3.243880484827));
#5639 = CARTESIAN_POINT('',(14.39643668883,2.960662107831,3.222614611275
    ));
#5640 = CARTESIAN_POINT('',(14.456337365166,2.943799158501,
    3.203305251433));
#5641 = CARTESIAN_POINT('',(14.51786680976,2.928760881101,3.186131204046
    ));
#5642 = CARTESIAN_POINT('',(14.580904917028,2.915712906813,
    3.171260607677));
#5643 = CARTESIAN_POINT('',(14.742996101068,2.888273748244,
    3.140035373054));
#5644 = CARTESIAN_POINT('',(14.843808330323,2.876672594274,
    3.126884599029));
#5645 = CARTESIAN_POINT('',(14.946544095555,2.870661443076,
    3.120089092882));
#5646 = CARTESIAN_POINT('',(15.049936966992,2.870574833127,
    3.119991184514));
#5647 = CARTESIAN_POINT('',(15.152702919822,2.876415871654,
    3.126594039767));
#5648 = CARTESIAN_POINT('',(15.253575326173,2.887856278954,3.13956180264
    ));
#5649 = CARTESIAN_POINT('',(15.417198385363,2.915286653532,
    3.170774570499));
#5650 = CARTESIAN_POINT('',(15.481628047907,2.928570229776,
    3.185912618609));
#5651 = CARTESIAN_POINT('',(15.544488455325,2.943934201066,
    3.203457919185));
#5652 = CARTESIAN_POINT('',(15.605650349166,2.961202249881,
    3.223231522577));
#5653 = CARTESIAN_POINT('',(15.664996189726,2.980184930716,
    3.245042584978));
#5654 = CARTESIAN_POINT('',(15.722420636084,3.000680427535,
    3.268687793886));
#5655 = CARTESIAN_POINT('',(15.928923137828,3.081905230312,
    3.362837512562));
#5656 = CARTESIAN_POINT('',(16.06542942576,3.151150064353,3.443929732369
    ));
#5657 = CARTESIAN_POINT('',(16.187871358314,3.226972010993,
    3.534115819089));
#5658 = CARTESIAN_POINT('',(16.297200659788,3.3068898707,3.631231398894)
  );
#5659 = CARTESIAN_POINT('',(16.394545521604,3.389015086207,
    3.734009065638));
#5660 = CARTESIAN_POINT('',(16.480944496716,3.4719459692,3.841936759893)
  );
#5661 = CARTESIAN_POINT('',(16.598807766935,3.598858671639,
    4.017632222629));
#5662 = CARTESIAN_POINT('',(16.637299376484,3.643338068988,
    4.081273418279));
#5663 = CARTESIAN_POINT('',(16.672797059039,3.687176084484,
    4.146539190885));
#5664 = CARTESIAN_POINT('',(16.70537759685,3.730059417563,4.213571856078
    ));
#5665 = CARTESIAN_POINT('',(16.735016668488,3.771501601698,
    4.282481053911));
#5666 = CARTESIAN_POINT('',(16.761620294239,3.810806548987,
    4.353338219026));
#5667 = CARTESIAN_POINT('',(16.809047855977,3.884235709168,
    4.500872607999));
#5668 = CARTESIAN_POINT('',(16.830221823946,3.919000307045,
    4.579257284737));
#5669 = CARTESIAN_POINT('',(16.847706925556,3.949461388271,
    4.660201415533));
#5670 = CARTESIAN_POINT('',(16.861107407457,3.973952183692,
    4.742942800727));
#5671 = CARTESIAN_POINT('',(16.870264644884,3.991121031863,
    4.827130372221));
#5672 = CARTESIAN_POINT('',(16.875,4.,4.912761731022));
#5673 = CARTESIAN_POINT('',(16.875,4.,5.));
#5674 = PCURVE('',#2296,#5675);
#5675 = DEFINITIONAL_REPRESENTATION('',(#5676),#5793);
#5676 = B_SPLINE_CURVE_WITH_KNOTS('',7,(#5677,#5678,#5679,#5680,#5681,
    #5682,#5683,#5684,#5685,#5686,#5687,#5688,#5689,#5690,#5691,#5692,
    #5693,#5694,#5695,#5696,#5697,#5698,#5699,#5700,#5701,#5702,#5703,
    #5704,#5705,#5706,#5707,#5708,#5709,#5710,#5711,#5712,#5713,#5714,
    #5715,#5716,#5717,#5718,#5719,#5720,#5721,#5722,#5723,#5724,#5725,
    #5726,#5727,#5728,#5729,#5730,#5731,#5732,#5733,#5734,#5735,#5736,
    #5737,#5738,#5739,#5740,#5741,#5742,#5743,#5744,#5745,#5746,#5747,
    #5748,#5749,#5750,#5751,#5752,#5753,#5754,#5755,#5756,#5757,#5758,
    #5759,#5760,#5761,#5762,#5763,#5764,#5765,#5766,#5767,#5768,#5769,
    #5770,#5771,#5772,#5773,#5774,#5775,#5776,#5777,#5778,#5779,#5780,
    #5781,#5782,#5783,#5784,#5785,#5786,#5787,#5788,#5789,#5790,#5791,
    #5792),.UNSPECIFIED.,.F.,.F.,(8,6,6,6,6,6,6,6,6,6,6,6,6,6,6,6,6,6,6,
    8),(0.,3.611219398887E-02,0.100418121718,0.192617344046,
    0.225237752298,0.274700239003,0.308020274685,0.398876782778,
    0.448654722463,0.478205344782,0.522695807342,0.552255184399,
    0.600490741999,0.692739617464,0.725377593169,0.774866717491,
    0.808204697406,0.899110135527,0.948914882713,1.),.UNSPECIFIED.);
#5677 = CARTESIAN_POINT('',(0.,-6.));
#5678 = CARTESIAN_POINT('',(-3.246861511681E-02,-6.));
#5679 = CARTESIAN_POINT('',(-6.472138980658E-02,-6.004323739941));
#5680 = CARTESIAN_POINT('',(-9.676597452535E-02,-6.012868688625));
#5681 = CARTESIAN_POINT('',(-0.128585283895,-6.025373854365));
#5682 = CARTESIAN_POINT('',(-0.160117712213,-6.041416154701));
#5683 = CARTESIAN_POINT('',(-0.19123096278,-6.060415766409));
#5684 = CARTESIAN_POINT('',(-0.275927788441,-6.119463622259));
#5685 = CARTESIAN_POINT('',(-0.328935958121,-6.164953504542));
#5686 = CARTESIAN_POINT('',(-0.381047104612,-6.21567561756));
#5687 = CARTESIAN_POINT('',(-0.432453296297,-6.26959844949));
#5688 = CARTESIAN_POINT('',(-0.483414590751,-6.325432687997));
#5689 = CARTESIAN_POINT('',(-0.534366879155,-6.382508784897));
#5690 = CARTESIAN_POINT('',(-0.659871200536,-6.523633998649));
#5691 = CARTESIAN_POINT('',(-0.734353144756,-6.607833328295));
#5692 = CARTESIAN_POINT('',(-0.810464907695,-6.691253230827));
#5693 = CARTESIAN_POINT('',(-0.888999692757,-6.772444052936));
#5694 = CARTESIAN_POINT('',(-0.97069072517,-6.849435298851));
#5695 = CARTESIAN_POINT('',(-1.05617230618,-6.919630178443));
#5696 = CARTESIAN_POINT('',(-1.178017394015,-7.000858936421));
#5697 = CARTESIAN_POINT('',(-1.210450991389,-7.020827725117));
#5698 = CARTESIAN_POINT('',(-1.243441588623,-7.039337892169));
#5699 = CARTESIAN_POINT('',(-1.276961229115,-7.056200841499));
#5700 = CARTESIAN_POINT('',(-1.310987024281,-7.071239118899));
#5701 = CARTESIAN_POINT('',(-1.345500620824,-7.084287093187));
#5702 = CARTESIAN_POINT('',(-1.433538701023,-7.111726251756));
#5703 = CARTESIAN_POINT('',(-1.487661256205,-7.123327405726));
#5704 = CARTESIAN_POINT('',(-1.542393857993,-7.129338556924));
#5705 = CARTESIAN_POINT('',(-1.597327040057,-7.129425166873));
#5706 = CARTESIAN_POINT('',(-1.652068872746,-7.123584128346));
#5707 = CARTESIAN_POINT('',(-1.706210528609,-7.112143721046));
#5708 = CARTESIAN_POINT('',(-1.795049746977,-7.084713346468));
#5709 = CARTESIAN_POINT('',(-1.830316443883,-7.071429770224));
#5710 = CARTESIAN_POINT('',(-1.865076228363,-7.056065798934));
#5711 = CARTESIAN_POINT('',(-1.899309032163,-7.038797750119));
#5712 = CARTESIAN_POINT('',(-1.932989835316,-7.019815069284));
#5713 = CARTESIAN_POINT('',(-1.966088034328,-6.999319572465));
#5714 = CARTESIAN_POINT('',(-2.08712938587,-6.918094769688));
#5715 = CARTESIAN_POINT('',(-2.171314186795,-6.848849935647));
#5716 = CARTESIAN_POINT('',(-2.251820866041,-6.773027989008));
#5717 = CARTESIAN_POINT('',(-2.32926132938,-6.6931101293));
#5718 = CARTESIAN_POINT('',(-2.4043377421,-6.610984913794));
#5719 = CARTESIAN_POINT('',(-2.477810192858,-6.5280540308));
#5720 = CARTESIAN_POINT('',(-2.590645989974,-6.401141328361));
#5721 = CARTESIAN_POINT('',(-2.630269631087,-6.356661931012));
#5722 = CARTESIAN_POINT('',(-2.669827055892,-6.312823915516));
#5723 = CARTESIAN_POINT('',(-2.709501599545,-6.269940582437));
#5724 = CARTESIAN_POINT('',(-2.74943823316,-6.228498398302));
#5725 = CARTESIAN_POINT('',(-2.78975783827,-6.189193451013));
#5726 = CARTESIAN_POINT('',(-2.854780216143,-6.131425837401));
#5727 = CARTESIAN_POINT('',(-2.879247253284,-6.110916521792));
#5728 = CARTESIAN_POINT('',(-2.903948984441,-6.091648953305));
#5729 = CARTESIAN_POINT('',(-2.928887357025,-6.073865109541));
#5730 = CARTESIAN_POINT('',(-2.954076921961,-6.05781415552));
#5731 = CARTESIAN_POINT('',(-2.979544583222,-6.043749746389));
#5732 = CARTESIAN_POINT('',(-3.044150055458,-6.014127882069));
#5733 = CARTESIAN_POINT('',(-3.083766701122,-6.001374287834));
#5734 = CARTESIAN_POINT('',(-3.123711703192,-5.994847050688));
#5735 = CARTESIAN_POINT('',(-3.163738121068,-5.995158621746));
#5736 = CARTESIAN_POINT('',(-3.203670305343,-6.002291006963));
#5737 = CARTESIAN_POINT('',(-3.243253920608,-6.015595745406));
#5738 = CARTESIAN_POINT('',(-3.307751708584,-6.045988508524));
#5739 = CARTESIAN_POINT('',(-3.333180761668,-6.060332289353));
#5740 = CARTESIAN_POINT('',(-3.358331392348,-6.076630768861));
#5741 = CARTESIAN_POINT('',(-3.383231064762,-6.094630875844));
#5742 = CARTESIAN_POINT('',(-3.407895625665,-6.114085868294));
#5743 = CARTESIAN_POINT('',(-3.432329115594,-6.134757901351));
#5744 = CARTESIAN_POINT('',(-3.496004570491,-6.19177019405));
#5745 = CARTESIAN_POINT('',(-3.535040374067,-6.229928764178));
#5746 = CARTESIAN_POINT('',(-3.573721690827,-6.270072155306));
#5747 = CARTESIAN_POINT('',(-3.612159308841,-6.311572584494));
#5748 = CARTESIAN_POINT('',(-3.650485750943,-6.353986485801));
#5749 = CARTESIAN_POINT('',(-3.688867474436,-6.397023313244));
#5750 = CARTESIAN_POINT('',(-3.801463854126,-6.523633998649));
#5751 = CARTESIAN_POINT('',(-3.875945798346,-6.607833328294));
#5752 = CARTESIAN_POINT('',(-3.952057561285,-6.691253230828));
#5753 = CARTESIAN_POINT('',(-4.030592346347,-6.772444052936));
#5754 = CARTESIAN_POINT('',(-4.11228337876,-6.849435298851));
#5755 = CARTESIAN_POINT('',(-4.19776495977,-6.919630178443));
#5756 = CARTESIAN_POINT('',(-4.319610047605,-7.000858936421));
#5757 = CARTESIAN_POINT('',(-4.352043644979,-7.020827725117));
#5758 = CARTESIAN_POINT('',(-4.385034242213,-7.039337892169));
#5759 = CARTESIAN_POINT('',(-4.418553882705,-7.056200841499));
#5760 = CARTESIAN_POINT('',(-4.452579677871,-7.071239118899));
#5761 = CARTESIAN_POINT('',(-4.487093274414,-7.084287093187));
#5762 = CARTESIAN_POINT('',(-4.575131354612,-7.111726251756));
#5763 = CARTESIAN_POINT('',(-4.629253909795,-7.123327405726));
#5764 = CARTESIAN_POINT('',(-4.683986511582,-7.129338556924));
#5765 = CARTESIAN_POINT('',(-4.738919693647,-7.129425166873));
#5766 = CARTESIAN_POINT('',(-4.793661526336,-7.123584128346));
#5767 = CARTESIAN_POINT('',(-4.847803182198,-7.112143721046));
#5768 = CARTESIAN_POINT('',(-4.936642400567,-7.084713346468));
#5769 = CARTESIAN_POINT('',(-4.971909097473,-7.071429770224));
#5770 = CARTESIAN_POINT('',(-5.006668881953,-7.056065798934));
#5771 = CARTESIAN_POINT('',(-5.040901685753,-7.038797750119));
#5772 = CARTESIAN_POINT('',(-5.074582488906,-7.019815069284));
#5773 = CARTESIAN_POINT('',(-5.107680687917,-6.999319572465));
#5774 = CARTESIAN_POINT('',(-5.22872203946,-6.918094769688));
#5775 = CARTESIAN_POINT('',(-5.312906840384,-6.848849935647));
#5776 = CARTESIAN_POINT('',(-5.393413519631,-6.773027989007));
#5777 = CARTESIAN_POINT('',(-5.470853982968,-6.6931101293));
#5778 = CARTESIAN_POINT('',(-5.54593039569,-6.610984913793));
#5779 = CARTESIAN_POINT('',(-5.619402846448,-6.5280540308));
#5780 = CARTESIAN_POINT('',(-5.732238643564,-6.401141328361));
#5781 = CARTESIAN_POINT('',(-5.771862284677,-6.356661931012));
#5782 = CARTESIAN_POINT('',(-5.811419709482,-6.312823915516));
#5783 = CARTESIAN_POINT('',(-5.851094253135,-6.269940582437));
#5784 = CARTESIAN_POINT('',(-5.891030886749,-6.228498398302));
#5785 = CARTESIAN_POINT('',(-5.93135049186,-6.189193451013));
#5786 = CARTESIAN_POINT('',(-6.014001276644,-6.115764290832));
#5787 = CARTESIAN_POINT('',(-6.057256638032,-6.080999692955));
#5788 = CARTESIAN_POINT('',(-6.101328937293,-6.050538611729));
#5789 = CARTESIAN_POINT('',(-6.145923481823,-6.026047816308));
#5790 = CARTESIAN_POINT('',(-6.19098820686,-6.008878968137));
#5791 = CARTESIAN_POINT('',(-6.236658230392,-6.));
#5792 = CARTESIAN_POINT('',(-6.28318530718,-6.));
#5793 = ( GEOMETRIC_REPRESENTATION_CONTEXT(2) 
PARAMETRIC_REPRESENTATION_CONTEXT() REPRESENTATION_CONTEXT('2D SPACE',''
  ) );
#5794 = PCURVE('',#2442,#5795);
#5795 = DEFINITIONAL_REPRESENTATION('',(#5796),#5913);
#5796 = B_SPLINE_CURVE_WITH_KNOTS('',7,(#5797,#5798,#5799,#5800,#5801,
    #5802,#5803,#5804,#5805,#5806,#5807,#5808,#5809,#5810,#5811,#5812,
    #5813,#5814,#5815,#5816,#5817,#5818,#5819,#5820,#5821,#5822,#5823,
    #5824,#5825,#5826,#5827,#5828,#5829,#5830,#5831,#5832,#5833,#5834,
    #5835,#5836,#5837,#5838,#5839,#5840,#5841,#5842,#5843,#5844,#5845,
    #5846,#5847,#5848,#5849,#5850,#5851,#5852,#5853,#5854,#5855,#5856,
    #5857,#5858,#5859,#5860,#5861,#5862,#5863,#5864,#5865,#5866,#5867,
    #5868,#5869,#5870,#5871,#5872,#5873,#5874,#5875,#5876,#5877,#5878,
    #5879,#5880,#5881,#5882,#5883,#5884,#5885,#5886,#5887,#5888,#5889,
    #5890,#5891,#5892,#5893,#5894,#5895,#5896,#5897,#5898,#5899,#5900,
    #5901,#5902,#5903,#5904,#5905,#5906,#5907,#5908,#5909,#5910,#5911,
    #5912),.UNSPECIFIED.,.F.,.F.,(8,6,6,6,6,6,6,6,6,6,6,6,6,6,6,6,6,6,6,
    8),(0.,3.611219398887E-02,0.100418121718,0.192617344046,
    0.225237752298,0.274700239003,0.308020274685,0.398876782778,
    0.448654722463,0.478205344782,0.522695807342,0.552255184399,
    0.600490741999,0.692739617464,0.725377593169,0.774866717491,
    0.808204697406,0.899110135527,0.948914882713,1.),.UNSPECIFIED.);
#5797 = CARTESIAN_POINT('',(5.793227980926,7.5));
#5798 = CARTESIAN_POINT('',(5.793227980926,7.560878653344));
#5799 = CARTESIAN_POINT('',(5.790922003161,7.621352686537));
#5800 = CARTESIAN_POINT('',(5.786364636061,7.681331166323));
#5801 = CARTESIAN_POINT('',(5.779677438819,7.740684603818));
#5802 = CARTESIAN_POINT('',(5.771052368921,7.79920332215));
#5803 = CARTESIAN_POINT('',(5.760758032106,7.856559287219));
#5804 = CARTESIAN_POINT('',(5.728475811138,8.011479419808));
#5805 = CARTESIAN_POINT('',(5.703311062313,8.107022317257));
#5806 = CARTESIAN_POINT('',(5.674745875745,8.199149180961));
#5807 = CARTESIAN_POINT('',(5.643636106569,8.287897797015));
#5808 = CARTESIAN_POINT('',(5.610480217493,8.373456513539));
#5809 = CARTESIAN_POINT('',(5.575427517151,8.456273135511));
#5810 = CARTESIAN_POINT('',(5.485092431514,8.652341186552));
#5811 = CARTESIAN_POINT('',(5.42814937279,8.762087839475));
#5812 = CARTESIAN_POINT('',(5.367644180372,8.866558269798));
#5813 = CARTESIAN_POINT('',(5.303334299612,8.965231869803));
#5814 = CARTESIAN_POINT('',(5.234928265091,9.056791168046));
#5815 = CARTESIAN_POINT('',(5.162095194039,9.138967163859));
#5816 = CARTESIAN_POINT('',(5.056938663257,9.233087092283));
#5817 = CARTESIAN_POINT('',(5.028829535355,9.256119515173));
#5818 = CARTESIAN_POINT('',(5.000131033227,9.277385388725));
#5819 = CARTESIAN_POINT('',(4.970877538276,9.296694748567));
#5820 = CARTESIAN_POINT('',(4.941100012359,9.313868795954));
#5821 = CARTESIAN_POINT('',(4.910826304006,9.328739392323));
#5822 = CARTESIAN_POINT('',(4.833462887147,9.359964626946));
#5823 = CARTESIAN_POINT('',(4.785776035689,9.373115400971));
#5824 = CARTESIAN_POINT('',(4.737470588821,9.379910907118));
#5825 = CARTESIAN_POINT('',(4.688959887317,9.380008815486));
#5826 = CARTESIAN_POINT('',(4.640644989082,9.373405960233));
#5827 = CARTESIAN_POINT('',(4.592938736987,9.36043819736));
#5828 = CARTESIAN_POINT('',(4.514865140692,9.329225429501));
#5829 = CARTESIAN_POINT('',(4.483929060679,9.314087381391));
#5830 = CARTESIAN_POINT('',(4.453508712268,9.296542080815));
#5831 = CARTESIAN_POINT('',(4.423634248989,9.276768477423));
#5832 = CARTESIAN_POINT('',(4.394339222097,9.254957415022));
#5833 = CARTESIAN_POINT('',(4.365660947467,9.231312206114));
#5834 = CARTESIAN_POINT('',(4.261236207329,9.137162487438));
#5835 = CARTESIAN_POINT('',(4.189528296524,9.05607026763));
#5836 = CARTESIAN_POINT('',(4.122119136284,8.965884180912));
#5837 = CARTESIAN_POINT('',(4.058689605067,8.868768601105));
#5838 = CARTESIAN_POINT('',(3.998958684739,8.765990934362));
#5839 = CARTESIAN_POINT('',(3.942694342516,8.658063240107));
#5840 = CARTESIAN_POINT('',(3.861187992148,8.482367777371));
#5841 = CARTESIAN_POINT('',(3.833524030857,8.41872658172));
#5842 = CARTESIAN_POINT('',(3.807001161736,8.353460809115));
#5843 = CARTESIAN_POINT('',(3.781677024275,8.286428143922));
#5844 = CARTESIAN_POINT('',(3.75771392037,8.217518946088));
#5845 = CARTESIAN_POINT('',(3.735384011015,8.146661780974));
#5846 = CARTESIAN_POINT('',(3.703021802899,8.030594682348));
#5847 = CARTESIAN_POINT('',(3.69164169457,7.986527316328));
#5848 = CARTESIAN_POINT('',(3.681041856031,7.941675710252));
#5849 = CARTESIAN_POINT('',(3.671330351346,7.896068086962));
#5850 = CARTESIAN_POINT('',(3.6626184695,7.849713593937));
#5851 = CARTESIAN_POINT('',(3.655021041845,7.802602064382));
#5852 = CARTESIAN_POINT('',(3.639074901649,7.682589665812));
#5853 = CARTESIAN_POINT('',(3.632268846642,7.608548296881));
#5854 = CARTESIAN_POINT('',(3.628810600737,7.533597532743));
#5855 = CARTESIAN_POINT('',(3.628975711143,7.458395206579));
#5856 = CARTESIAN_POINT('',(3.632756170816,7.383483738805));
#5857 = CARTESIAN_POINT('',(3.639859706012,7.309534291977));
#5858 = CARTESIAN_POINT('',(3.65623029369,7.18979112636));
#5859 = CARTESIAN_POINT('',(3.663984065592,7.142783960921));
#5860 = CARTESIAN_POINT('',(3.672837614878,7.096539014498));
#5861 = CARTESIAN_POINT('',(3.682676506003,7.051044611287));
#5862 = CARTESIAN_POINT('',(3.693390724014,7.006307124412));
#5863 = CARTESIAN_POINT('',(3.704874383198,6.962350746163));
#5864 = CARTESIAN_POINT('',(3.736853755954,6.848831206551));
#5865 = CARTESIAN_POINT('',(3.758555217939,6.780295155237));
#5866 = CARTESIAN_POINT('',(3.781781481134,6.713582915779));
#5867 = CARTESIAN_POINT('',(3.806287736613,6.648628186999));
#5868 = CARTESIAN_POINT('',(3.831926126829,6.585330824336));
#5869 = CARTESIAN_POINT('',(3.858641279227,6.523561543148));
#5870 = CARTESIAN_POINT('',(3.939685529256,6.347658813448));
#5871 = CARTESIAN_POINT('',(3.996628587979,6.237912160526));
#5872 = CARTESIAN_POINT('',(4.057133780398,6.133441730201));
#5873 = CARTESIAN_POINT('',(4.121443661157,6.034768130198));
#5874 = CARTESIAN_POINT('',(4.189849695679,5.943208831953));
#5875 = CARTESIAN_POINT('',(4.262682766731,5.861032836141));
#5876 = CARTESIAN_POINT('',(4.367839297512,5.766912907717));
#5877 = CARTESIAN_POINT('',(4.395948425414,5.743880484827));
#5878 = CARTESIAN_POINT('',(4.424646927543,5.722614611275));
#5879 = CARTESIAN_POINT('',(4.453900422494,5.703305251433));
#5880 = CARTESIAN_POINT('',(4.48367794841,5.686131204046));
#5881 = CARTESIAN_POINT('',(4.513951656764,5.671260607677));
#5882 = CARTESIAN_POINT('',(4.591315073622,5.640035373054));
#5883 = CARTESIAN_POINT('',(4.63900192508,5.626884599029));
#5884 = CARTESIAN_POINT('',(4.687307371948,5.620089092882));
#5885 = CARTESIAN_POINT('',(4.735818073452,5.619991184514));
#5886 = CARTESIAN_POINT('',(4.784132971687,5.626594039767));
#5887 = CARTESIAN_POINT('',(4.831839223783,5.63956180264));
#5888 = CARTESIAN_POINT('',(4.909912820077,5.670774570499));
#5889 = CARTESIAN_POINT('',(4.940848900091,5.685912618609));
#5890 = CARTESIAN_POINT('',(4.971269248501,5.703457919185));
#5891 = CARTESIAN_POINT('',(5.001143711781,5.723231522577));
#5892 = CARTESIAN_POINT('',(5.030438738673,5.745042584978));
#5893 = CARTESIAN_POINT('',(5.059117013302,5.768687793886));
#5894 = CARTESIAN_POINT('',(5.163541753441,5.862837512562));
#5895 = CARTESIAN_POINT('',(5.235249664245,5.943929732369));
#5896 = CARTESIAN_POINT('',(5.302658824486,6.034115819089));
#5897 = CARTESIAN_POINT('',(5.366088355702,6.131231398894));
#5898 = CARTESIAN_POINT('',(5.425819276031,6.234009065638));
#5899 = CARTESIAN_POINT('',(5.482083618253,6.341936759893));
#5900 = CARTESIAN_POINT('',(5.563589968622,6.517632222629));
#5901 = CARTESIAN_POINT('',(5.591253929912,6.581273418279));
#5902 = CARTESIAN_POINT('',(5.617776799033,6.646539190885));
#5903 = CARTESIAN_POINT('',(5.643100936495,6.713571856078));
#5904 = CARTESIAN_POINT('',(5.667064040399,6.782481053911));
#5905 = CARTESIAN_POINT('',(5.689393949755,6.853338219026));
#5906 = CARTESIAN_POINT('',(5.7305299707,7.000872607999));
#5907 = CARTESIAN_POINT('',(5.749678696471,7.079257284737));
#5908 = CARTESIAN_POINT('',(5.76619900262,7.160201415533));
#5909 = CARTESIAN_POINT('',(5.779335676874,7.242942800727));
#5910 = CARTESIAN_POINT('',(5.788492563921,7.327130372221));
#5911 = CARTESIAN_POINT('',(5.793227980926,7.412761731022));
#5912 = CARTESIAN_POINT('',(5.793227980926,7.5));
#5913 = ( GEOMETRIC_REPRESENTATION_CONTEXT(2) 
PARAMETRIC_REPRESENTATION_CONTEXT() REPRESENTATION_CONTEXT('2D SPACE',''
  ) );
#5914 = ORIENTED_EDGE('',*,*,#5915,.T.);
#5915 = EDGE_CURVE('',#5554,#2276,#5916,.T.);
#5916 = SEAM_CURVE('',#5917,(#5921,#5928),.PCURVE_S1.);
#5917 = LINE('',#5918,#5919);
#5918 = CARTESIAN_POINT('',(16.875,10.,5.));
#5919 = VECTOR('',#5920,1.);
#5920 = DIRECTION('',(0.,-1.,1.110223024625E-16));
#5921 = PCURVE('',#2296,#5922);
#5922 = DEFINITIONAL_REPRESENTATION('',(#5923),#5927);
#5923 = LINE('',#5924,#5925);
#5924 = CARTESIAN_POINT('',(-6.28318530718,0.));
#5925 = VECTOR('',#5926,1.);
#5926 = DIRECTION('',(-0.,-1.));
#5927 = ( GEOMETRIC_REPRESENTATION_CONTEXT(2) 
PARAMETRIC_REPRESENTATION_CONTEXT() REPRESENTATION_CONTEXT('2D SPACE',''
  ) );
#5928 = PCURVE('',#2296,#5929);
#5929 = DEFINITIONAL_REPRESENTATION('',(#5930),#5934);
#5930 = LINE('',#5931,#5932);
#5931 = CARTESIAN_POINT('',(-0.,0.));
#5932 = VECTOR('',#5933,1.);
#5933 = DIRECTION('',(-0.,-1.));
#5934 = ( GEOMETRIC_REPRESENTATION_CONTEXT(2) 
PARAMETRIC_REPRESENTATION_CONTEXT() REPRESENTATION_CONTEXT('2D SPACE',''
  ) );
#5935 = ORIENTED_EDGE('',*,*,#2275,.T.);
#5936 = ORIENTED_EDGE('',*,*,#5915,.F.);
#5937 = ADVANCED_FACE('',(#5938),#2411,.F.);
#5938 = FACE_BOUND('',#5939,.T.);
#5939 = EDGE_LOOP('',(#5940,#5941,#5962,#5963));
#5940 = ORIENTED_EDGE('',*,*,#4509,.F.);
#5941 = ORIENTED_EDGE('',*,*,#5942,.T.);
#5942 = EDGE_CURVE('',#4510,#2395,#5943,.T.);
#5943 = SEAM_CURVE('',#5944,(#5948,#5955),.PCURVE_S1.);
#5944 = LINE('',#5945,#5946);
#5945 = CARTESIAN_POINT('',(6.875,5.,0.));
#5946 = VECTOR('',#5947,1.);
#5947 = DIRECTION('',(0.,0.,1.));
#5948 = PCURVE('',#2411,#5949);
#5949 = DEFINITIONAL_REPRESENTATION('',(#5950),#5954);
#5950 = LINE('',#5951,#5952);
#5951 = CARTESIAN_POINT('',(-6.28318530718,0.));
#5952 = VECTOR('',#5953,1.);
#5953 = DIRECTION('',(-0.,-1.));
#5954 = ( GEOMETRIC_REPRESENTATION_CONTEXT(2) 
PARAMETRIC_REPRESENTATION_CONTEXT() REPRESENTATION_CONTEXT('2D SPACE',''
  ) );
#5955 = PCURVE('',#2411,#5956);
#5956 = DEFINITIONAL_REPRESENTATION('',(#5957),#5961);
#5957 = LINE('',#5958,#5959);
#5958 = CARTESIAN_POINT('',(-0.,0.));
#5959 = VECTOR('',#5960,1.);
#5960 = DIRECTION('',(-0.,-1.));
#5961 = ( GEOMETRIC_REPRESENTATION_CONTEXT(2) 
PARAMETRIC_REPRESENTATION_CONTEXT() REPRESENTATION_CONTEXT('2D SPACE',''
  ) );
#5962 = ORIENTED_EDGE('',*,*,#2394,.T.);
#5963 = ORIENTED_EDGE('',*,*,#5942,.F.);
#5964 = ADVANCED_FACE('',(#5965,#5991,#5994),#2442,.F.);
#5965 = FACE_BOUND('',#5966,.F.);
#5966 = EDGE_LOOP('',(#5967,#5968,#5989,#5990));
#5967 = ORIENTED_EDGE('',*,*,#2425,.F.);
#5968 = ORIENTED_EDGE('',*,*,#5969,.F.);
#5969 = EDGE_CURVE('',#2598,#2426,#5970,.T.);
#5970 = SEAM_CURVE('',#5971,(#5975,#5982),.PCURVE_S1.);
#5971 = LINE('',#5972,#5973);
#5972 = CARTESIAN_POINT('',(17.125,5.,-2.5));
#5973 = VECTOR('',#5974,1.);
#5974 = DIRECTION('',(0.,0.,1.));
#5975 = PCURVE('',#2442,#5976);
#5976 = DEFINITIONAL_REPRESENTATION('',(#5977),#5981);
#5977 = LINE('',#5978,#5979);
#5978 = CARTESIAN_POINT('',(6.28318530718,-0.));
#5979 = VECTOR('',#5980,1.);
#5980 = DIRECTION('',(0.,1.));
#5981 = ( GEOMETRIC_REPRESENTATION_CONTEXT(2) 
PARAMETRIC_REPRESENTATION_CONTEXT() REPRESENTATION_CONTEXT('2D SPACE',''
  ) );
#5982 = PCURVE('',#2442,#5983);
#5983 = DEFINITIONAL_REPRESENTATION('',(#5984),#5988);
#5984 = LINE('',#5985,#5986);
#5985 = CARTESIAN_POINT('',(0.,-0.));
#5986 = VECTOR('',#5987,1.);
#5987 = DIRECTION('',(0.,1.));
#5988 = ( GEOMETRIC_REPRESENTATION_CONTEXT(2) 
PARAMETRIC_REPRESENTATION_CONTEXT() REPRESENTATION_CONTEXT('2D SPACE',''
  ) );
#5989 = ORIENTED_EDGE('',*,*,#2597,.T.);
#5990 = ORIENTED_EDGE('',*,*,#5969,.T.);
#5991 = FACE_BOUND('',#5992,.F.);
#5992 = EDGE_LOOP('',(#5993));
#5993 = ORIENTED_EDGE('',*,*,#4899,.T.);
#5994 = FACE_BOUND('',#5995,.F.);
#5995 = EDGE_LOOP('',(#5996));
#5996 = ORIENTED_EDGE('',*,*,#5553,.F.);
#5997 = ADVANCED_FACE('',(#5998),#2583,.F.);
#5998 = FACE_BOUND('',#5999,.T.);
#5999 = EDGE_LOOP('',(#6000,#6021,#6022,#6023));
#6000 = ORIENTED_EDGE('',*,*,#6001,.F.);
#6001 = EDGE_CURVE('',#2563,#4146,#6002,.T.);
#6002 = SEAM_CURVE('',#6003,(#6007,#6014),.PCURVE_S1.);
#6003 = LINE('',#6004,#6005);
#6004 = CARTESIAN_POINT('',(6.875,5.,0.));
#6005 = VECTOR('',#6006,1.);
#6006 = DIRECTION('',(0.,0.,1.));
#6007 = PCURVE('',#2583,#6008);
#6008 = DEFINITIONAL_REPRESENTATION('',(#6009),#6013);
#6009 = LINE('',#6010,#6011);
#6010 = CARTESIAN_POINT('',(-6.28318530718,0.));
#6011 = VECTOR('',#6012,1.);
#6012 = DIRECTION('',(-0.,-1.));
#6013 = ( GEOMETRIC_REPRESENTATION_CONTEXT(2) 
PARAMETRIC_REPRESENTATION_CONTEXT() REPRESENTATION_CONTEXT('2D SPACE',''
  ) );
#6014 = PCURVE('',#2583,#6015);
#6015 = DEFINITIONAL_REPRESENTATION('',(#6016),#6020);
#6016 = LINE('',#6017,#6018);
#6017 = CARTESIAN_POINT('',(-0.,0.));
#6018 = VECTOR('',#6019,1.);
#6019 = DIRECTION('',(-0.,-1.));
#6020 = ( GEOMETRIC_REPRESENTATION_CONTEXT(2) 
PARAMETRIC_REPRESENTATION_CONTEXT() REPRESENTATION_CONTEXT('2D SPACE',''
  ) );
#6021 = ORIENTED_EDGE('',*,*,#2562,.F.);
#6022 = ORIENTED_EDGE('',*,*,#6001,.T.);
#6023 = ORIENTED_EDGE('',*,*,#4145,.T.);
#6024 = ADVANCED_FACE('',(#6025),#2648,.F.);
#6025 = FACE_BOUND('',#6026,.T.);
#6026 = EDGE_LOOP('',(#6027,#6028,#6049,#6050,#6051,#6052,#6053,#6054,
    #6055,#6056,#6057,#6058,#6059,#6060));
#6027 = ORIENTED_EDGE('',*,*,#2627,.F.);
#6028 = ORIENTED_EDGE('',*,*,#6029,.T.);
#6029 = EDGE_CURVE('',#2628,#3279,#6030,.T.);
#6030 = SEAM_CURVE('',#6031,(#6035,#6042),.PCURVE_S1.);
#6031 = LINE('',#6032,#6033);
#6032 = CARTESIAN_POINT('',(26.875,5.,0.));
#6033 = VECTOR('',#6034,1.);
#6034 = DIRECTION('',(0.,0.,1.));
#6035 = PCURVE('',#2648,#6036);
#6036 = DEFINITIONAL_REPRESENTATION('',(#6037),#6041);
#6037 = LINE('',#6038,#6039);
#6038 = CARTESIAN_POINT('',(-6.28318530718,0.));
#6039 = VECTOR('',#6040,1.);
#6040 = DIRECTION('',(-0.,-1.));
#6041 = ( GEOMETRIC_REPRESENTATION_CONTEXT(2) 
PARAMETRIC_REPRESENTATION_CONTEXT() REPRESENTATION_CONTEXT('2D SPACE',''
  ) );
#6042 = PCURVE('',#2648,#6043);
#6043 = DEFINITIONAL_REPRESENTATION('',(#6044),#6048);
#6044 = LINE('',#6045,#6046);
#6045 = CARTESIAN_POINT('',(-0.,0.));
#6046 = VECTOR('',#6047,1.);
#6047 = DIRECTION('',(-0.,-1.));
#6048 = ( GEOMETRIC_REPRESENTATION_CONTEXT(2) 
PARAMETRIC_REPRESENTATION_CONTEXT() REPRESENTATION_CONTEXT('2D SPACE',''
  ) );
#6049 = ORIENTED_EDGE('',*,*,#3278,.F.);
#6050 = ORIENTED_EDGE('',*,*,#3171,.F.);
#6051 = ORIENTED_EDGE('',*,*,#3070,.F.);
#6052 = ORIENTED_EDGE('',*,*,#2969,.F.);
#6053 = ORIENTED_EDGE('',*,*,#2862,.F.);
#6054 = ORIENTED_EDGE('',*,*,#2688,.F.);
#6055 = ORIENTED_EDGE('',*,*,#5262,.T.);
#6056 = ORIENTED_EDGE('',*,*,#5343,.T.);
#6057 = ORIENTED_EDGE('',*,*,#5418,.T.);
#6058 = ORIENTED_EDGE('',*,*,#5493,.T.);
#6059 = ORIENTED_EDGE('',*,*,#3361,.F.);
#6060 = ORIENTED_EDGE('',*,*,#6029,.F.);
#6061 = ( GEOMETRIC_REPRESENTATION_CONTEXT(3) 
GLOBAL_UNCERTAINTY_ASSIGNED_CONTEXT((#6065)) 
GLOBAL_UNIT_ASSIGNED_CONTEXT((#6062,#6063,#6064)) REPRESENTATION_CONTEXT
('Context #1','3D Context with UNIT and UNCERTAINTY') );
#6062 = ( LENGTH_UNIT() NAMED_UNIT(*) SI_UNIT(.MILLI.,.METRE.) );
#6063 = ( NAMED_UNIT(*) PLANE_ANGLE_UNIT() SI_UNIT($,.RADIAN.) );
#6064 = ( NAMED_UNIT(*) SI_UNIT($,.STERADIAN.) SOLID_ANGLE_UNIT() );
#6065 = UNCERTAINTY_MEASURE_WITH_UNIT(LENGTH_MEASURE(5.E-06),#6062,
  'distance_accuracy_value','confusion accuracy');
#6066 = PRODUCT_RELATED_PRODUCT_CATEGORY('part',$,(#7));
ENDSEC;
END-ISO-10303-21;
