ISO-10303-21;
HEADER;
FILE_DESCRIPTION(('Open CASCADE Model'),'2;1');
FILE_NAME('Open CASCADE Shape Model','2026-07-28T20:41:09',('Author'),(
    'Open CASCADE'),'Open CASCADE STEP processor 7.9','Open CASCADE 7.9'
  ,'Unknown');
FILE_SCHEMA(('AUTOMOTIVE_DESIGN { 1 0 10303 214 1 1 1 1 }'));
ENDSEC;
DATA;
#1 = APPLICATION_PROTOCOL_DEFINITION('international standard',
  'automotive_design',2000,#2);
#2 = APPLICATION_CONTEXT(
  'core data for automotive mechanical design processes');
#3 = SHAPE_DEFINITION_REPRESENTATION(#4,#10);
#4 = PRODUCT_DEFINITION_SHAPE('','',#5);
#5 = PRODUCT_DEFINITION('design','',#6,#9);
#6 = PRODUCT_DEFINITION_FORMATION('','',#7);
#7 = PRODUCT('Open CASCADE STEP translator 7.9 4',
  'Open CASCADE STEP translator 7.9 4','',(#8));
#8 = PRODUCT_CONTEXT('',#2,'mechanical');
#9 = PRODUCT_DEFINITION_CONTEXT('part definition',#2,'design');
#10 = ADVANCED_BREP_SHAPE_REPRESENTATION('',(#11,#15),#8195);
#11 = AXIS2_PLACEMENT_3D('',#12,#13,#14);
#12 = CARTESIAN_POINT('',(0.,0.,0.));
#13 = DIRECTION('',(0.,0.,1.));
#14 = DIRECTION('',(1.,0.,-0.));
#15 = MANIFOLD_SOLID_BREP('',#16);
#16 = CLOSED_SHELL('',(#17,#207,#388,#623,#858,#990,#1243,#1491,#1568,
    #1770,#2251,#2499,#2670,#3232,#3478,#3703,#4430,#4722,#4892,#5447,
    #5666,#5885,#6605,#6875,#6976,#7122,#7270,#7443,#7545,#7647,#7732,
    #7885,#8035,#8119,#8157));
#17 = ADVANCED_FACE('',(#18,#137,#172),#32,.F.);
#18 = FACE_BOUND('',#19,.F.);
#19 = EDGE_LOOP('',(#20,#55,#83,#111));
#20 = ORIENTED_EDGE('',*,*,#21,.F.);
#21 = EDGE_CURVE('',#22,#24,#26,.T.);
#22 = VERTEX_POINT('',#23);
#23 = CARTESIAN_POINT('',(0.,0.,0.));
#24 = VERTEX_POINT('',#25);
#25 = CARTESIAN_POINT('',(0.,0.,10.));
#26 = SURFACE_CURVE('',#27,(#31,#43),.PCURVE_S1.);
#27 = LINE('',#28,#29);
#28 = CARTESIAN_POINT('',(0.,0.,0.));
#29 = VECTOR('',#30,1.);
#30 = DIRECTION('',(0.,0.,1.));
#31 = PCURVE('',#32,#37);
#32 = PLANE('',#33);
#33 = AXIS2_PLACEMENT_3D('',#34,#35,#36);
#34 = CARTESIAN_POINT('',(0.,0.,0.));
#35 = DIRECTION('',(1.,0.,0.));
#36 = DIRECTION('',(0.,0.,1.));
#37 = DEFINITIONAL_REPRESENTATION('',(#38),#42);
#38 = LINE('',#39,#40);
#39 = CARTESIAN_POINT('',(0.,0.));
#40 = VECTOR('',#41,1.);
#41 = DIRECTION('',(1.,0.));
#42 = ( GEOMETRIC_REPRESENTATION_CONTEXT(2) 
PARAMETRIC_REPRESENTATION_CONTEXT() REPRESENTATION_CONTEXT('2D SPACE',''
  ) );
#43 = PCURVE('',#44,#49);
#44 = PLANE('',#45);
#45 = AXIS2_PLACEMENT_3D('',#46,#47,#48);
#46 = CARTESIAN_POINT('',(0.,0.,0.));
#47 = DIRECTION('',(0.,1.,0.));
#48 = DIRECTION('',(0.,0.,1.));
#49 = DEFINITIONAL_REPRESENTATION('',(#50),#54);
#50 = LINE('',#51,#52);
#51 = CARTESIAN_POINT('',(0.,0.));
#52 = VECTOR('',#53,1.);
#53 = DIRECTION('',(1.,0.));
#54 = ( GEOMETRIC_REPRESENTATION_CONTEXT(2) 
PARAMETRIC_REPRESENTATION_CONTEXT() REPRESENTATION_CONTEXT('2D SPACE',''
  ) );
#55 = ORIENTED_EDGE('',*,*,#56,.T.);
#56 = EDGE_CURVE('',#22,#57,#59,.T.);
#57 = VERTEX_POINT('',#58);
#58 = CARTESIAN_POINT('',(0.,20.,0.));
#59 = SURFACE_CURVE('',#60,(#64,#71),.PCURVE_S1.);
#60 = LINE('',#61,#62);
#61 = CARTESIAN_POINT('',(0.,0.,0.));
#62 = VECTOR('',#63,1.);
#63 = DIRECTION('',(0.,1.,0.));
#64 = PCURVE('',#32,#65);
#65 = DEFINITIONAL_REPRESENTATION('',(#66),#70);
#66 = LINE('',#67,#68);
#67 = CARTESIAN_POINT('',(0.,0.));
#68 = VECTOR('',#69,1.);
#69 = DIRECTION('',(0.,-1.));
#70 = ( GEOMETRIC_REPRESENTATION_CONTEXT(2) 
PARAMETRIC_REPRESENTATION_CONTEXT() REPRESENTATION_CONTEXT('2D SPACE',''
  ) );
#71 = PCURVE('',#72,#77);
#72 = PLANE('',#73);
#73 = AXIS2_PLACEMENT_3D('',#74,#75,#76);
#74 = CARTESIAN_POINT('',(0.,0.,0.));
#75 = DIRECTION('',(0.,0.,1.));
#76 = DIRECTION('',(1.,0.,0.));
#77 = DEFINITIONAL_REPRESENTATION('',(#78),#82);
#78 = LINE('',#79,#80);
#79 = CARTESIAN_POINT('',(0.,0.));
#80 = VECTOR('',#81,1.);
#81 = DIRECTION('',(0.,1.));
#82 = ( GEOMETRIC_REPRESENTATION_CONTEXT(2) 
PARAMETRIC_REPRESENTATION_CONTEXT() REPRESENTATION_CONTEXT('2D SPACE',''
  ) );
#83 = ORIENTED_EDGE('',*,*,#84,.T.);
#84 = EDGE_CURVE('',#57,#85,#87,.T.);
#85 = VERTEX_POINT('',#86);
#86 = CARTESIAN_POINT('',(0.,20.,10.));
#87 = SURFACE_CURVE('',#88,(#92,#99),.PCURVE_S1.);
#88 = LINE('',#89,#90);
#89 = CARTESIAN_POINT('',(0.,20.,0.));
#90 = VECTOR('',#91,1.);
#91 = DIRECTION('',(0.,0.,1.));
#92 = PCURVE('',#32,#93);
#93 = DEFINITIONAL_REPRESENTATION('',(#94),#98);
#94 = LINE('',#95,#96);
#95 = CARTESIAN_POINT('',(0.,-20.));
#96 = VECTOR('',#97,1.);
#97 = DIRECTION('',(1.,0.));
#98 = ( GEOMETRIC_REPRESENTATION_CONTEXT(2) 
PARAMETRIC_REPRESENTATION_CONTEXT() REPRESENTATION_CONTEXT('2D SPACE',''
  ) );
#99 = PCURVE('',#100,#105);
#100 = PLANE('',#101);
#101 = AXIS2_PLACEMENT_3D('',#102,#103,#104);
#102 = CARTESIAN_POINT('',(0.,20.,0.));
#103 = DIRECTION('',(0.,1.,0.));
#104 = DIRECTION('',(0.,0.,1.));
#105 = DEFINITIONAL_REPRESENTATION('',(#106),#110);
#106 = LINE('',#107,#108);
#107 = CARTESIAN_POINT('',(0.,0.));
#108 = VECTOR('',#109,1.);
#109 = DIRECTION('',(1.,0.));
#110 = ( GEOMETRIC_REPRESENTATION_CONTEXT(2) 
PARAMETRIC_REPRESENTATION_CONTEXT() REPRESENTATION_CONTEXT('2D SPACE',''
  ) );
#111 = ORIENTED_EDGE('',*,*,#112,.F.);
#112 = EDGE_CURVE('',#24,#85,#113,.T.);
#113 = SURFACE_CURVE('',#114,(#118,#125),.PCURVE_S1.);
#114 = LINE('',#115,#116);
#115 = CARTESIAN_POINT('',(0.,0.,10.));
#116 = VECTOR('',#117,1.);
#117 = DIRECTION('',(0.,1.,0.));
#118 = PCURVE('',#32,#119);
#119 = DEFINITIONAL_REPRESENTATION('',(#120),#124);
#120 = LINE('',#121,#122);
#121 = CARTESIAN_POINT('',(10.,0.));
#122 = VECTOR('',#123,1.);
#123 = DIRECTION('',(0.,-1.));
#124 = ( GEOMETRIC_REPRESENTATION_CONTEXT(2) 
PARAMETRIC_REPRESENTATION_CONTEXT() REPRESENTATION_CONTEXT('2D SPACE',''
  ) );
#125 = PCURVE('',#126,#131);
#126 = PLANE('',#127);
#127 = AXIS2_PLACEMENT_3D('',#128,#129,#130);
#128 = CARTESIAN_POINT('',(0.,0.,10.));
#129 = DIRECTION('',(0.,0.,1.));
#130 = DIRECTION('',(1.,0.,0.));
#131 = DEFINITIONAL_REPRESENTATION('',(#132),#136);
#132 = LINE('',#133,#134);
#133 = CARTESIAN_POINT('',(0.,0.));
#134 = VECTOR('',#135,1.);
#135 = DIRECTION('',(0.,1.));
#136 = ( GEOMETRIC_REPRESENTATION_CONTEXT(2) 
PARAMETRIC_REPRESENTATION_CONTEXT() REPRESENTATION_CONTEXT('2D SPACE',''
  ) );
#137 = FACE_BOUND('',#138,.F.);
#138 = EDGE_LOOP('',(#139));
#139 = ORIENTED_EDGE('',*,*,#140,.T.);
#140 = EDGE_CURVE('',#141,#141,#143,.T.);
#141 = VERTEX_POINT('',#142);
#142 = CARTESIAN_POINT('',(0.,15.,6.875));
#143 = SURFACE_CURVE('',#144,(#149,#160),.PCURVE_S1.);
#144 = CIRCLE('',#145,1.875);
#145 = AXIS2_PLACEMENT_3D('',#146,#147,#148);
#146 = CARTESIAN_POINT('',(0.,15.,5.));
#147 = DIRECTION('',(-1.,0.,1.110223024625E-16));
#148 = DIRECTION('',(1.110223024625E-16,0.,1.));
#149 = PCURVE('',#32,#150);
#150 = DEFINITIONAL_REPRESENTATION('',(#151),#159);
#151 = ( BOUNDED_CURVE() B_SPLINE_CURVE(2,(#152,#153,#154,#155,#156,#157
,#158),.UNSPECIFIED.,.T.,.F.) B_SPLINE_CURVE_WITH_KNOTS((1,2,2,2,2,1),(
    -2.094395102393,0.,2.094395102393,4.188790204786,6.28318530718,
8.377580409573),.UNSPECIFIED.) CURVE() GEOMETRIC_REPRESENTATION_ITEM() 
RATIONAL_B_SPLINE_CURVE((1.,0.5,1.,0.5,1.,0.5,1.)) REPRESENTATION_ITEM(
  '') );
#152 = CARTESIAN_POINT('',(6.875,-15.));
#153 = CARTESIAN_POINT('',(6.875,-18.24759526419));
#154 = CARTESIAN_POINT('',(4.0625,-16.62379763209));
#155 = CARTESIAN_POINT('',(1.25,-15.));
#156 = CARTESIAN_POINT('',(4.0625,-13.3762023679));
#157 = CARTESIAN_POINT('',(6.875,-11.7524047358));
#158 = CARTESIAN_POINT('',(6.875,-15.));
#159 = ( GEOMETRIC_REPRESENTATION_CONTEXT(2) 
PARAMETRIC_REPRESENTATION_CONTEXT() REPRESENTATION_CONTEXT('2D SPACE',''
  ) );
#160 = PCURVE('',#161,#166);
#161 = CYLINDRICAL_SURFACE('',#162,1.875);
#162 = AXIS2_PLACEMENT_3D('',#163,#164,#165);
#163 = CARTESIAN_POINT('',(30.,15.,5.));
#164 = DIRECTION('',(1.,-0.,-1.110223024625E-16));
#165 = DIRECTION('',(1.110223024625E-16,0.,1.));
#166 = DEFINITIONAL_REPRESENTATION('',(#167),#171);
#167 = LINE('',#168,#169);
#168 = CARTESIAN_POINT('',(-0.,-30.));
#169 = VECTOR('',#170,1.);
#170 = DIRECTION('',(-1.,0.));
#171 = ( GEOMETRIC_REPRESENTATION_CONTEXT(2) 
PARAMETRIC_REPRESENTATION_CONTEXT() REPRESENTATION_CONTEXT('2D SPACE',''
  ) );
#172 = FACE_BOUND('',#173,.F.);
#173 = EDGE_LOOP('',(#174));
#174 = ORIENTED_EDGE('',*,*,#175,.T.);
#175 = EDGE_CURVE('',#176,#176,#178,.T.);
#176 = VERTEX_POINT('',#177);
#177 = CARTESIAN_POINT('',(0.,5.,6.875));
#178 = SURFACE_CURVE('',#179,(#184,#195),.PCURVE_S1.);
#179 = CIRCLE('',#180,1.875);
#180 = AXIS2_PLACEMENT_3D('',#181,#182,#183);
#181 = CARTESIAN_POINT('',(0.,5.,5.));
#182 = DIRECTION('',(-1.,0.,1.110223024625E-16));
#183 = DIRECTION('',(1.110223024625E-16,0.,1.));
#184 = PCURVE('',#32,#185);
#185 = DEFINITIONAL_REPRESENTATION('',(#186),#194);
#186 = ( BOUNDED_CURVE() B_SPLINE_CURVE(2,(#187,#188,#189,#190,#191,#192
,#193),.UNSPECIFIED.,.T.,.F.) B_SPLINE_CURVE_WITH_KNOTS((1,2,2,2,2,1),(
    -2.094395102393,0.,2.094395102393,4.188790204786,6.28318530718,
8.377580409573),.UNSPECIFIED.) CURVE() GEOMETRIC_REPRESENTATION_ITEM() 
RATIONAL_B_SPLINE_CURVE((1.,0.5,1.,0.5,1.,0.5,1.)) REPRESENTATION_ITEM(
  '') );
#187 = CARTESIAN_POINT('',(6.875,-5.));
#188 = CARTESIAN_POINT('',(6.875,-8.247595264192));
#189 = CARTESIAN_POINT('',(4.0625,-6.623797632096));
#190 = CARTESIAN_POINT('',(1.25,-5.));
#191 = CARTESIAN_POINT('',(4.0625,-3.376202367904));
#192 = CARTESIAN_POINT('',(6.875,-1.752404735808));
#193 = CARTESIAN_POINT('',(6.875,-5.));
#194 = ( GEOMETRIC_REPRESENTATION_CONTEXT(2) 
PARAMETRIC_REPRESENTATION_CONTEXT() REPRESENTATION_CONTEXT('2D SPACE',''
  ) );
#195 = PCURVE('',#196,#201);
#196 = CYLINDRICAL_SURFACE('',#197,1.875);
#197 = AXIS2_PLACEMENT_3D('',#198,#199,#200);
#198 = CARTESIAN_POINT('',(30.,5.,5.));
#199 = DIRECTION('',(1.,-0.,-1.110223024625E-16));
#200 = DIRECTION('',(1.110223024625E-16,0.,1.));
#201 = DEFINITIONAL_REPRESENTATION('',(#202),#206);
#202 = LINE('',#203,#204);
#203 = CARTESIAN_POINT('',(-0.,-30.));
#204 = VECTOR('',#205,1.);
#205 = DIRECTION('',(-1.,0.));
#206 = ( GEOMETRIC_REPRESENTATION_CONTEXT(2) 
PARAMETRIC_REPRESENTATION_CONTEXT() REPRESENTATION_CONTEXT('2D SPACE',''
  ) );
#207 = ADVANCED_FACE('',(#208,#283,#318,#353),#44,.F.);
#208 = FACE_BOUND('',#209,.F.);
#209 = EDGE_LOOP('',(#210,#233,#234,#257));
#210 = ORIENTED_EDGE('',*,*,#211,.F.);
#211 = EDGE_CURVE('',#22,#212,#214,.T.);
#212 = VERTEX_POINT('',#213);
#213 = CARTESIAN_POINT('',(30.,0.,0.));
#214 = SURFACE_CURVE('',#215,(#219,#226),.PCURVE_S1.);
#215 = LINE('',#216,#217);
#216 = CARTESIAN_POINT('',(0.,0.,0.));
#217 = VECTOR('',#218,1.);
#218 = DIRECTION('',(1.,0.,0.));
#219 = PCURVE('',#44,#220);
#220 = DEFINITIONAL_REPRESENTATION('',(#221),#225);
#221 = LINE('',#222,#223);
#222 = CARTESIAN_POINT('',(0.,0.));
#223 = VECTOR('',#224,1.);
#224 = DIRECTION('',(0.,1.));
#225 = ( GEOMETRIC_REPRESENTATION_CONTEXT(2) 
PARAMETRIC_REPRESENTATION_CONTEXT() REPRESENTATION_CONTEXT('2D SPACE',''
  ) );
#226 = PCURVE('',#72,#227);
#227 = DEFINITIONAL_REPRESENTATION('',(#228),#232);
#228 = LINE('',#229,#230);
#229 = CARTESIAN_POINT('',(0.,0.));
#230 = VECTOR('',#231,1.);
#231 = DIRECTION('',(1.,0.));
#232 = ( GEOMETRIC_REPRESENTATION_CONTEXT(2) 
PARAMETRIC_REPRESENTATION_CONTEXT() REPRESENTATION_CONTEXT('2D SPACE',''
  ) );
#233 = ORIENTED_EDGE('',*,*,#21,.T.);
#234 = ORIENTED_EDGE('',*,*,#235,.T.);
#235 = EDGE_CURVE('',#24,#236,#238,.T.);
#236 = VERTEX_POINT('',#237);
#237 = CARTESIAN_POINT('',(30.,0.,10.));
#238 = SURFACE_CURVE('',#239,(#243,#250),.PCURVE_S1.);
#239 = LINE('',#240,#241);
#240 = CARTESIAN_POINT('',(0.,0.,10.));
#241 = VECTOR('',#242,1.);
#242 = DIRECTION('',(1.,0.,0.));
#243 = PCURVE('',#44,#244);
#244 = DEFINITIONAL_REPRESENTATION('',(#245),#249);
#245 = LINE('',#246,#247);
#246 = CARTESIAN_POINT('',(10.,0.));
#247 = VECTOR('',#248,1.);
#248 = DIRECTION('',(0.,1.));
#249 = ( GEOMETRIC_REPRESENTATION_CONTEXT(2) 
PARAMETRIC_REPRESENTATION_CONTEXT() REPRESENTATION_CONTEXT('2D SPACE',''
  ) );
#250 = PCURVE('',#126,#251);
#251 = DEFINITIONAL_REPRESENTATION('',(#252),#256);
#252 = LINE('',#253,#254);
#253 = CARTESIAN_POINT('',(0.,0.));
#254 = VECTOR('',#255,1.);
#255 = DIRECTION('',(1.,0.));
#256 = ( GEOMETRIC_REPRESENTATION_CONTEXT(2) 
PARAMETRIC_REPRESENTATION_CONTEXT() REPRESENTATION_CONTEXT('2D SPACE',''
  ) );
#257 = ORIENTED_EDGE('',*,*,#258,.F.);
#258 = EDGE_CURVE('',#212,#236,#259,.T.);
#259 = SURFACE_CURVE('',#260,(#264,#271),.PCURVE_S1.);
#260 = LINE('',#261,#262);
#261 = CARTESIAN_POINT('',(30.,0.,0.));
#262 = VECTOR('',#263,1.);
#263 = DIRECTION('',(0.,0.,1.));
#264 = PCURVE('',#44,#265);
#265 = DEFINITIONAL_REPRESENTATION('',(#266),#270);
#266 = LINE('',#267,#268);
#267 = CARTESIAN_POINT('',(0.,30.));
#268 = VECTOR('',#269,1.);
#269 = DIRECTION('',(1.,0.));
#270 = ( GEOMETRIC_REPRESENTATION_CONTEXT(2) 
PARAMETRIC_REPRESENTATION_CONTEXT() REPRESENTATION_CONTEXT('2D SPACE',''
  ) );
#271 = PCURVE('',#272,#277);
#272 = PLANE('',#273);
#273 = AXIS2_PLACEMENT_3D('',#274,#275,#276);
#274 = CARTESIAN_POINT('',(30.,0.,0.));
#275 = DIRECTION('',(1.,0.,0.));
#276 = DIRECTION('',(0.,0.,1.));
#277 = DEFINITIONAL_REPRESENTATION('',(#278),#282);
#278 = LINE('',#279,#280);
#279 = CARTESIAN_POINT('',(0.,0.));
#280 = VECTOR('',#281,1.);
#281 = DIRECTION('',(1.,0.));
#282 = ( GEOMETRIC_REPRESENTATION_CONTEXT(2) 
PARAMETRIC_REPRESENTATION_CONTEXT() REPRESENTATION_CONTEXT('2D SPACE',''
  ) );
#283 = FACE_BOUND('',#284,.F.);
#284 = EDGE_LOOP('',(#285));
#285 = ORIENTED_EDGE('',*,*,#286,.T.);
#286 = EDGE_CURVE('',#287,#287,#289,.T.);
#287 = VERTEX_POINT('',#288);
#288 = CARTESIAN_POINT('',(6.875,0.,5.));
#289 = SURFACE_CURVE('',#290,(#295,#306),.PCURVE_S1.);
#290 = CIRCLE('',#291,1.875);
#291 = AXIS2_PLACEMENT_3D('',#292,#293,#294);
#292 = CARTESIAN_POINT('',(5.,0.,5.));
#293 = DIRECTION('',(0.,-1.,1.110223024625E-16));
#294 = DIRECTION('',(1.,0.,0.));
#295 = PCURVE('',#44,#296);
#296 = DEFINITIONAL_REPRESENTATION('',(#297),#305);
#297 = ( BOUNDED_CURVE() B_SPLINE_CURVE(2,(#298,#299,#300,#301,#302,#303
,#304),.UNSPECIFIED.,.T.,.F.) B_SPLINE_CURVE_WITH_KNOTS((1,2,2,2,2,1),(
    -2.094395102393,0.,2.094395102393,4.188790204786,6.28318530718,
8.377580409573),.UNSPECIFIED.) CURVE() GEOMETRIC_REPRESENTATION_ITEM() 
RATIONAL_B_SPLINE_CURVE((1.,0.5,1.,0.5,1.,0.5,1.)) REPRESENTATION_ITEM(
  '') );
#298 = CARTESIAN_POINT('',(5.,6.875));
#299 = CARTESIAN_POINT('',(8.247595264192,6.875));
#300 = CARTESIAN_POINT('',(6.623797632096,4.0625));
#301 = CARTESIAN_POINT('',(5.,1.25));
#302 = CARTESIAN_POINT('',(3.376202367904,4.0625));
#303 = CARTESIAN_POINT('',(1.752404735808,6.875));
#304 = CARTESIAN_POINT('',(5.,6.875));
#305 = ( GEOMETRIC_REPRESENTATION_CONTEXT(2) 
PARAMETRIC_REPRESENTATION_CONTEXT() REPRESENTATION_CONTEXT('2D SPACE',''
  ) );
#306 = PCURVE('',#307,#312);
#307 = CYLINDRICAL_SURFACE('',#308,1.875);
#308 = AXIS2_PLACEMENT_3D('',#309,#310,#311);
#309 = CARTESIAN_POINT('',(5.,20.,5.));
#310 = DIRECTION('',(-0.,1.,-1.110223024625E-16));
#311 = DIRECTION('',(1.,0.,0.));
#312 = DEFINITIONAL_REPRESENTATION('',(#313),#317);
#313 = LINE('',#314,#315);
#314 = CARTESIAN_POINT('',(-0.,-20.));
#315 = VECTOR('',#316,1.);
#316 = DIRECTION('',(-1.,0.));
#317 = ( GEOMETRIC_REPRESENTATION_CONTEXT(2) 
PARAMETRIC_REPRESENTATION_CONTEXT() REPRESENTATION_CONTEXT('2D SPACE',''
  ) );
#318 = FACE_BOUND('',#319,.F.);
#319 = EDGE_LOOP('',(#320));
#320 = ORIENTED_EDGE('',*,*,#321,.T.);
#321 = EDGE_CURVE('',#322,#322,#324,.T.);
#322 = VERTEX_POINT('',#323);
#323 = CARTESIAN_POINT('',(16.875,0.,5.));
#324 = SURFACE_CURVE('',#325,(#330,#341),.PCURVE_S1.);
#325 = CIRCLE('',#326,1.875);
#326 = AXIS2_PLACEMENT_3D('',#327,#328,#329);
#327 = CARTESIAN_POINT('',(15.,0.,5.));
#328 = DIRECTION('',(0.,-1.,1.110223024625E-16));
#329 = DIRECTION('',(1.,0.,0.));
#330 = PCURVE('',#44,#331);
#331 = DEFINITIONAL_REPRESENTATION('',(#332),#340);
#332 = ( BOUNDED_CURVE() B_SPLINE_CURVE(2,(#333,#334,#335,#336,#337,#338
,#339),.UNSPECIFIED.,.T.,.F.) B_SPLINE_CURVE_WITH_KNOTS((1,2,2,2,2,1),(
    -2.094395102393,0.,2.094395102393,4.188790204786,6.28318530718,
8.377580409573),.UNSPECIFIED.) CURVE() GEOMETRIC_REPRESENTATION_ITEM() 
RATIONAL_B_SPLINE_CURVE((1.,0.5,1.,0.5,1.,0.5,1.)) REPRESENTATION_ITEM(
  '') );
#333 = CARTESIAN_POINT('',(5.,16.875));
#334 = CARTESIAN_POINT('',(8.247595264192,16.875));
#335 = CARTESIAN_POINT('',(6.623797632096,14.0625));
#336 = CARTESIAN_POINT('',(5.,11.25));
#337 = CARTESIAN_POINT('',(3.376202367904,14.0625));
#338 = CARTESIAN_POINT('',(1.752404735808,16.875));
#339 = CARTESIAN_POINT('',(5.,16.875));
#340 = ( GEOMETRIC_REPRESENTATION_CONTEXT(2) 
PARAMETRIC_REPRESENTATION_CONTEXT() REPRESENTATION_CONTEXT('2D SPACE',''
  ) );
#341 = PCURVE('',#342,#347);
#342 = CYLINDRICAL_SURFACE('',#343,1.875);
#343 = AXIS2_PLACEMENT_3D('',#344,#345,#346);
#344 = CARTESIAN_POINT('',(15.,20.,5.));
#345 = DIRECTION('',(-0.,1.,-1.110223024625E-16));
#346 = DIRECTION('',(1.,0.,0.));
#347 = DEFINITIONAL_REPRESENTATION('',(#348),#352);
#348 = LINE('',#349,#350);
#349 = CARTESIAN_POINT('',(-0.,-20.));
#350 = VECTOR('',#351,1.);
#351 = DIRECTION('',(-1.,0.));
#352 = ( GEOMETRIC_REPRESENTATION_CONTEXT(2) 
PARAMETRIC_REPRESENTATION_CONTEXT() REPRESENTATION_CONTEXT('2D SPACE',''
  ) );
#353 = FACE_BOUND('',#354,.F.);
#354 = EDGE_LOOP('',(#355));
#355 = ORIENTED_EDGE('',*,*,#356,.T.);
#356 = EDGE_CURVE('',#357,#357,#359,.T.);
#357 = VERTEX_POINT('',#358);
#358 = CARTESIAN_POINT('',(26.875,0.,5.));
#359 = SURFACE_CURVE('',#360,(#365,#376),.PCURVE_S1.);
#360 = CIRCLE('',#361,1.875);
#361 = AXIS2_PLACEMENT_3D('',#362,#363,#364);
#362 = CARTESIAN_POINT('',(25.,0.,5.));
#363 = DIRECTION('',(0.,-1.,1.110223024625E-16));
#364 = DIRECTION('',(1.,0.,0.));
#365 = PCURVE('',#44,#366);
#366 = DEFINITIONAL_REPRESENTATION('',(#367),#375);
#367 = ( BOUNDED_CURVE() B_SPLINE_CURVE(2,(#368,#369,#370,#371,#372,#373
,#374),.UNSPECIFIED.,.T.,.F.) B_SPLINE_CURVE_WITH_KNOTS((1,2,2,2,2,1),(
    -2.094395102393,0.,2.094395102393,4.188790204786,6.28318530718,
8.377580409573),.UNSPECIFIED.) CURVE() GEOMETRIC_REPRESENTATION_ITEM() 
RATIONAL_B_SPLINE_CURVE((1.,0.5,1.,0.5,1.,0.5,1.)) REPRESENTATION_ITEM(
  '') );
#368 = CARTESIAN_POINT('',(5.,26.875));
#369 = CARTESIAN_POINT('',(8.247595264192,26.875));
#370 = CARTESIAN_POINT('',(6.623797632096,24.0625));
#371 = CARTESIAN_POINT('',(5.,21.25));
#372 = CARTESIAN_POINT('',(3.376202367904,24.0625));
#373 = CARTESIAN_POINT('',(1.752404735808,26.875));
#374 = CARTESIAN_POINT('',(5.,26.875));
#375 = ( GEOMETRIC_REPRESENTATION_CONTEXT(2) 
PARAMETRIC_REPRESENTATION_CONTEXT() REPRESENTATION_CONTEXT('2D SPACE',''
  ) );
#376 = PCURVE('',#377,#382);
#377 = CYLINDRICAL_SURFACE('',#378,1.875);
#378 = AXIS2_PLACEMENT_3D('',#379,#380,#381);
#379 = CARTESIAN_POINT('',(25.,20.,5.));
#380 = DIRECTION('',(-0.,1.,-1.110223024625E-16));
#381 = DIRECTION('',(1.,0.,0.));
#382 = DEFINITIONAL_REPRESENTATION('',(#383),#387);
#383 = LINE('',#384,#385);
#384 = CARTESIAN_POINT('',(-0.,-20.));
#385 = VECTOR('',#386,1.);
#386 = DIRECTION('',(-1.,0.));
#387 = ( GEOMETRIC_REPRESENTATION_CONTEXT(2) 
PARAMETRIC_REPRESENTATION_CONTEXT() REPRESENTATION_CONTEXT('2D SPACE',''
  ) );
#388 = ADVANCED_FACE('',(#389,#437,#468,#499,#530,#561,#592),#126,.T.);
#389 = FACE_BOUND('',#390,.T.);
#390 = EDGE_LOOP('',(#391,#392,#393,#416));
#391 = ORIENTED_EDGE('',*,*,#112,.F.);
#392 = ORIENTED_EDGE('',*,*,#235,.T.);
#393 = ORIENTED_EDGE('',*,*,#394,.T.);
#394 = EDGE_CURVE('',#236,#395,#397,.T.);
#395 = VERTEX_POINT('',#396);
#396 = CARTESIAN_POINT('',(30.,20.,10.));
#397 = SURFACE_CURVE('',#398,(#402,#409),.PCURVE_S1.);
#398 = LINE('',#399,#400);
#399 = CARTESIAN_POINT('',(30.,0.,10.));
#400 = VECTOR('',#401,1.);
#401 = DIRECTION('',(0.,1.,0.));
#402 = PCURVE('',#126,#403);
#403 = DEFINITIONAL_REPRESENTATION('',(#404),#408);
#404 = LINE('',#405,#406);
#405 = CARTESIAN_POINT('',(30.,0.));
#406 = VECTOR('',#407,1.);
#407 = DIRECTION('',(0.,1.));
#408 = ( GEOMETRIC_REPRESENTATION_CONTEXT(2) 
PARAMETRIC_REPRESENTATION_CONTEXT() REPRESENTATION_CONTEXT('2D SPACE',''
  ) );
#409 = PCURVE('',#272,#410);
#410 = DEFINITIONAL_REPRESENTATION('',(#411),#415);
#411 = LINE('',#412,#413);
#412 = CARTESIAN_POINT('',(10.,0.));
#413 = VECTOR('',#414,1.);
#414 = DIRECTION('',(0.,-1.));
#415 = ( GEOMETRIC_REPRESENTATION_CONTEXT(2) 
PARAMETRIC_REPRESENTATION_CONTEXT() REPRESENTATION_CONTEXT('2D SPACE',''
  ) );
#416 = ORIENTED_EDGE('',*,*,#417,.F.);
#417 = EDGE_CURVE('',#85,#395,#418,.T.);
#418 = SURFACE_CURVE('',#419,(#423,#430),.PCURVE_S1.);
#419 = LINE('',#420,#421);
#420 = CARTESIAN_POINT('',(0.,20.,10.));
#421 = VECTOR('',#422,1.);
#422 = DIRECTION('',(1.,0.,0.));
#423 = PCURVE('',#126,#424);
#424 = DEFINITIONAL_REPRESENTATION('',(#425),#429);
#425 = LINE('',#426,#427);
#426 = CARTESIAN_POINT('',(0.,20.));
#427 = VECTOR('',#428,1.);
#428 = DIRECTION('',(1.,0.));
#429 = ( GEOMETRIC_REPRESENTATION_CONTEXT(2) 
PARAMETRIC_REPRESENTATION_CONTEXT() REPRESENTATION_CONTEXT('2D SPACE',''
  ) );
#430 = PCURVE('',#100,#431);
#431 = DEFINITIONAL_REPRESENTATION('',(#432),#436);
#432 = LINE('',#433,#434);
#433 = CARTESIAN_POINT('',(10.,0.));
#434 = VECTOR('',#435,1.);
#435 = DIRECTION('',(0.,1.));
#436 = ( GEOMETRIC_REPRESENTATION_CONTEXT(2) 
PARAMETRIC_REPRESENTATION_CONTEXT() REPRESENTATION_CONTEXT('2D SPACE',''
  ) );
#437 = FACE_BOUND('',#438,.T.);
#438 = EDGE_LOOP('',(#439));
#439 = ORIENTED_EDGE('',*,*,#440,.F.);
#440 = EDGE_CURVE('',#441,#441,#443,.T.);
#441 = VERTEX_POINT('',#442);
#442 = CARTESIAN_POINT('',(6.875,5.,10.));
#443 = SURFACE_CURVE('',#444,(#449,#456),.PCURVE_S1.);
#444 = CIRCLE('',#445,1.875);
#445 = AXIS2_PLACEMENT_3D('',#446,#447,#448);
#446 = CARTESIAN_POINT('',(5.,5.,10.));
#447 = DIRECTION('',(0.,0.,1.));
#448 = DIRECTION('',(1.,0.,0.));
#449 = PCURVE('',#126,#450);
#450 = DEFINITIONAL_REPRESENTATION('',(#451),#455);
#451 = CIRCLE('',#452,1.875);
#452 = AXIS2_PLACEMENT_2D('',#453,#454);
#453 = CARTESIAN_POINT('',(5.,5.));
#454 = DIRECTION('',(1.,0.));
#455 = ( GEOMETRIC_REPRESENTATION_CONTEXT(2) 
PARAMETRIC_REPRESENTATION_CONTEXT() REPRESENTATION_CONTEXT('2D SPACE',''
  ) );
#456 = PCURVE('',#457,#462);
#457 = CYLINDRICAL_SURFACE('',#458,1.875);
#458 = AXIS2_PLACEMENT_3D('',#459,#460,#461);
#459 = CARTESIAN_POINT('',(5.,5.,0.));
#460 = DIRECTION('',(-0.,-0.,-1.));
#461 = DIRECTION('',(1.,0.,0.));
#462 = DEFINITIONAL_REPRESENTATION('',(#463),#467);
#463 = LINE('',#464,#465);
#464 = CARTESIAN_POINT('',(-0.,-10.));
#465 = VECTOR('',#466,1.);
#466 = DIRECTION('',(-1.,0.));
#467 = ( GEOMETRIC_REPRESENTATION_CONTEXT(2) 
PARAMETRIC_REPRESENTATION_CONTEXT() REPRESENTATION_CONTEXT('2D SPACE',''
  ) );
#468 = FACE_BOUND('',#469,.T.);
#469 = EDGE_LOOP('',(#470));
#470 = ORIENTED_EDGE('',*,*,#471,.F.);
#471 = EDGE_CURVE('',#472,#472,#474,.T.);
#472 = VERTEX_POINT('',#473);
#473 = CARTESIAN_POINT('',(17.125,5.,10.));
#474 = SURFACE_CURVE('',#475,(#480,#487),.PCURVE_S1.);
#475 = CIRCLE('',#476,2.125);
#476 = AXIS2_PLACEMENT_3D('',#477,#478,#479);
#477 = CARTESIAN_POINT('',(15.,5.,10.));
#478 = DIRECTION('',(0.,0.,1.));
#479 = DIRECTION('',(1.,0.,-0.));
#480 = PCURVE('',#126,#481);
#481 = DEFINITIONAL_REPRESENTATION('',(#482),#486);
#482 = CIRCLE('',#483,2.125);
#483 = AXIS2_PLACEMENT_2D('',#484,#485);
#484 = CARTESIAN_POINT('',(15.,5.));
#485 = DIRECTION('',(1.,0.));
#486 = ( GEOMETRIC_REPRESENTATION_CONTEXT(2) 
PARAMETRIC_REPRESENTATION_CONTEXT() REPRESENTATION_CONTEXT('2D SPACE',''
  ) );
#487 = PCURVE('',#488,#493);
#488 = CYLINDRICAL_SURFACE('',#489,2.125);
#489 = AXIS2_PLACEMENT_3D('',#490,#491,#492);
#490 = CARTESIAN_POINT('',(15.,5.,-15.));
#491 = DIRECTION('',(0.,0.,1.));
#492 = DIRECTION('',(1.,0.,0.));
#493 = DEFINITIONAL_REPRESENTATION('',(#494),#498);
#494 = LINE('',#495,#496);
#495 = CARTESIAN_POINT('',(0.,25.));
#496 = VECTOR('',#497,1.);
#497 = DIRECTION('',(1.,0.));
#498 = ( GEOMETRIC_REPRESENTATION_CONTEXT(2) 
PARAMETRIC_REPRESENTATION_CONTEXT() REPRESENTATION_CONTEXT('2D SPACE',''
  ) );
#499 = FACE_BOUND('',#500,.T.);
#500 = EDGE_LOOP('',(#501));
#501 = ORIENTED_EDGE('',*,*,#502,.F.);
#502 = EDGE_CURVE('',#503,#503,#505,.T.);
#503 = VERTEX_POINT('',#504);
#504 = CARTESIAN_POINT('',(26.875,5.,10.));
#505 = SURFACE_CURVE('',#506,(#511,#518),.PCURVE_S1.);
#506 = CIRCLE('',#507,1.875);
#507 = AXIS2_PLACEMENT_3D('',#508,#509,#510);
#508 = CARTESIAN_POINT('',(25.,5.,10.));
#509 = DIRECTION('',(0.,0.,1.));
#510 = DIRECTION('',(1.,0.,0.));
#511 = PCURVE('',#126,#512);
#512 = DEFINITIONAL_REPRESENTATION('',(#513),#517);
#513 = CIRCLE('',#514,1.875);
#514 = AXIS2_PLACEMENT_2D('',#515,#516);
#515 = CARTESIAN_POINT('',(25.,5.));
#516 = DIRECTION('',(1.,0.));
#517 = ( GEOMETRIC_REPRESENTATION_CONTEXT(2) 
PARAMETRIC_REPRESENTATION_CONTEXT() REPRESENTATION_CONTEXT('2D SPACE',''
  ) );
#518 = PCURVE('',#519,#524);
#519 = CYLINDRICAL_SURFACE('',#520,1.875);
#520 = AXIS2_PLACEMENT_3D('',#521,#522,#523);
#521 = CARTESIAN_POINT('',(25.,5.,0.));
#522 = DIRECTION('',(-0.,-0.,-1.));
#523 = DIRECTION('',(1.,0.,0.));
#524 = DEFINITIONAL_REPRESENTATION('',(#525),#529);
#525 = LINE('',#526,#527);
#526 = CARTESIAN_POINT('',(-0.,-10.));
#527 = VECTOR('',#528,1.);
#528 = DIRECTION('',(-1.,0.));
#529 = ( GEOMETRIC_REPRESENTATION_CONTEXT(2) 
PARAMETRIC_REPRESENTATION_CONTEXT() REPRESENTATION_CONTEXT('2D SPACE',''
  ) );
#530 = FACE_BOUND('',#531,.T.);
#531 = EDGE_LOOP('',(#532));
#532 = ORIENTED_EDGE('',*,*,#533,.F.);
#533 = EDGE_CURVE('',#534,#534,#536,.T.);
#534 = VERTEX_POINT('',#535);
#535 = CARTESIAN_POINT('',(6.875,15.,10.));
#536 = SURFACE_CURVE('',#537,(#542,#549),.PCURVE_S1.);
#537 = CIRCLE('',#538,1.875);
#538 = AXIS2_PLACEMENT_3D('',#539,#540,#541);
#539 = CARTESIAN_POINT('',(5.,15.,10.));
#540 = DIRECTION('',(0.,0.,1.));
#541 = DIRECTION('',(1.,0.,0.));
#542 = PCURVE('',#126,#543);
#543 = DEFINITIONAL_REPRESENTATION('',(#544),#548);
#544 = CIRCLE('',#545,1.875);
#545 = AXIS2_PLACEMENT_2D('',#546,#547);
#546 = CARTESIAN_POINT('',(5.,15.));
#547 = DIRECTION('',(1.,0.));
#548 = ( GEOMETRIC_REPRESENTATION_CONTEXT(2) 
PARAMETRIC_REPRESENTATION_CONTEXT() REPRESENTATION_CONTEXT('2D SPACE',''
  ) );
#549 = PCURVE('',#550,#555);
#550 = CYLINDRICAL_SURFACE('',#551,1.875);
#551 = AXIS2_PLACEMENT_3D('',#552,#553,#554);
#552 = CARTESIAN_POINT('',(5.,15.,0.));
#553 = DIRECTION('',(-0.,-0.,-1.));
#554 = DIRECTION('',(1.,0.,0.));
#555 = DEFINITIONAL_REPRESENTATION('',(#556),#560);
#556 = LINE('',#557,#558);
#557 = CARTESIAN_POINT('',(-0.,-10.));
#558 = VECTOR('',#559,1.);
#559 = DIRECTION('',(-1.,0.));
#560 = ( GEOMETRIC_REPRESENTATION_CONTEXT(2) 
PARAMETRIC_REPRESENTATION_CONTEXT() REPRESENTATION_CONTEXT('2D SPACE',''
  ) );
#561 = FACE_BOUND('',#562,.T.);
#562 = EDGE_LOOP('',(#563));
#563 = ORIENTED_EDGE('',*,*,#564,.F.);
#564 = EDGE_CURVE('',#565,#565,#567,.T.);
#565 = VERTEX_POINT('',#566);
#566 = CARTESIAN_POINT('',(17.125,15.,10.));
#567 = SURFACE_CURVE('',#568,(#573,#580),.PCURVE_S1.);
#568 = CIRCLE('',#569,2.125);
#569 = AXIS2_PLACEMENT_3D('',#570,#571,#572);
#570 = CARTESIAN_POINT('',(15.,15.,10.));
#571 = DIRECTION('',(0.,0.,1.));
#572 = DIRECTION('',(1.,0.,-0.));
#573 = PCURVE('',#126,#574);
#574 = DEFINITIONAL_REPRESENTATION('',(#575),#579);
#575 = CIRCLE('',#576,2.125);
#576 = AXIS2_PLACEMENT_2D('',#577,#578);
#577 = CARTESIAN_POINT('',(15.,15.));
#578 = DIRECTION('',(1.,0.));
#579 = ( GEOMETRIC_REPRESENTATION_CONTEXT(2) 
PARAMETRIC_REPRESENTATION_CONTEXT() REPRESENTATION_CONTEXT('2D SPACE',''
  ) );
#580 = PCURVE('',#581,#586);
#581 = CYLINDRICAL_SURFACE('',#582,2.125);
#582 = AXIS2_PLACEMENT_3D('',#583,#584,#585);
#583 = CARTESIAN_POINT('',(15.,15.,-15.));
#584 = DIRECTION('',(0.,0.,1.));
#585 = DIRECTION('',(1.,0.,0.));
#586 = DEFINITIONAL_REPRESENTATION('',(#587),#591);
#587 = LINE('',#588,#589);
#588 = CARTESIAN_POINT('',(0.,25.));
#589 = VECTOR('',#590,1.);
#590 = DIRECTION('',(1.,0.));
#591 = ( GEOMETRIC_REPRESENTATION_CONTEXT(2) 
PARAMETRIC_REPRESENTATION_CONTEXT() REPRESENTATION_CONTEXT('2D SPACE',''
  ) );
#592 = FACE_BOUND('',#593,.T.);
#593 = EDGE_LOOP('',(#594));
#594 = ORIENTED_EDGE('',*,*,#595,.F.);
#595 = EDGE_CURVE('',#596,#596,#598,.T.);
#596 = VERTEX_POINT('',#597);
#597 = CARTESIAN_POINT('',(26.875,15.,10.));
#598 = SURFACE_CURVE('',#599,(#604,#611),.PCURVE_S1.);
#599 = CIRCLE('',#600,1.875);
#600 = AXIS2_PLACEMENT_3D('',#601,#602,#603);
#601 = CARTESIAN_POINT('',(25.,15.,10.));
#602 = DIRECTION('',(0.,0.,1.));
#603 = DIRECTION('',(1.,0.,0.));
#604 = PCURVE('',#126,#605);
#605 = DEFINITIONAL_REPRESENTATION('',(#606),#610);
#606 = CIRCLE('',#607,1.875);
#607 = AXIS2_PLACEMENT_2D('',#608,#609);
#608 = CARTESIAN_POINT('',(25.,15.));
#609 = DIRECTION('',(1.,0.));
#610 = ( GEOMETRIC_REPRESENTATION_CONTEXT(2) 
PARAMETRIC_REPRESENTATION_CONTEXT() REPRESENTATION_CONTEXT('2D SPACE',''
  ) );
#611 = PCURVE('',#612,#617);
#612 = CYLINDRICAL_SURFACE('',#613,1.875);
#613 = AXIS2_PLACEMENT_3D('',#614,#615,#616);
#614 = CARTESIAN_POINT('',(25.,15.,0.));
#615 = DIRECTION('',(-0.,-0.,-1.));
#616 = DIRECTION('',(1.,0.,0.));
#617 = DEFINITIONAL_REPRESENTATION('',(#618),#622);
#618 = LINE('',#619,#620);
#619 = CARTESIAN_POINT('',(-0.,-10.));
#620 = VECTOR('',#621,1.);
#621 = DIRECTION('',(-1.,0.));
#622 = ( GEOMETRIC_REPRESENTATION_CONTEXT(2) 
PARAMETRIC_REPRESENTATION_CONTEXT() REPRESENTATION_CONTEXT('2D SPACE',''
  ) );
#623 = ADVANCED_FACE('',(#624,#672,#703,#734,#765,#796,#827),#72,.F.);
#624 = FACE_BOUND('',#625,.F.);
#625 = EDGE_LOOP('',(#626,#627,#628,#651));
#626 = ORIENTED_EDGE('',*,*,#56,.F.);
#627 = ORIENTED_EDGE('',*,*,#211,.T.);
#628 = ORIENTED_EDGE('',*,*,#629,.T.);
#629 = EDGE_CURVE('',#212,#630,#632,.T.);
#630 = VERTEX_POINT('',#631);
#631 = CARTESIAN_POINT('',(30.,20.,0.));
#632 = SURFACE_CURVE('',#633,(#637,#644),.PCURVE_S1.);
#633 = LINE('',#634,#635);
#634 = CARTESIAN_POINT('',(30.,0.,0.));
#635 = VECTOR('',#636,1.);
#636 = DIRECTION('',(0.,1.,0.));
#637 = PCURVE('',#72,#638);
#638 = DEFINITIONAL_REPRESENTATION('',(#639),#643);
#639 = LINE('',#640,#641);
#640 = CARTESIAN_POINT('',(30.,0.));
#641 = VECTOR('',#642,1.);
#642 = DIRECTION('',(0.,1.));
#643 = ( GEOMETRIC_REPRESENTATION_CONTEXT(2) 
PARAMETRIC_REPRESENTATION_CONTEXT() REPRESENTATION_CONTEXT('2D SPACE',''
  ) );
#644 = PCURVE('',#272,#645);
#645 = DEFINITIONAL_REPRESENTATION('',(#646),#650);
#646 = LINE('',#647,#648);
#647 = CARTESIAN_POINT('',(0.,0.));
#648 = VECTOR('',#649,1.);
#649 = DIRECTION('',(0.,-1.));
#650 = ( GEOMETRIC_REPRESENTATION_CONTEXT(2) 
PARAMETRIC_REPRESENTATION_CONTEXT() REPRESENTATION_CONTEXT('2D SPACE',''
  ) );
#651 = ORIENTED_EDGE('',*,*,#652,.F.);
#652 = EDGE_CURVE('',#57,#630,#653,.T.);
#653 = SURFACE_CURVE('',#654,(#658,#665),.PCURVE_S1.);
#654 = LINE('',#655,#656);
#655 = CARTESIAN_POINT('',(0.,20.,0.));
#656 = VECTOR('',#657,1.);
#657 = DIRECTION('',(1.,0.,0.));
#658 = PCURVE('',#72,#659);
#659 = DEFINITIONAL_REPRESENTATION('',(#660),#664);
#660 = LINE('',#661,#662);
#661 = CARTESIAN_POINT('',(0.,20.));
#662 = VECTOR('',#663,1.);
#663 = DIRECTION('',(1.,0.));
#664 = ( GEOMETRIC_REPRESENTATION_CONTEXT(2) 
PARAMETRIC_REPRESENTATION_CONTEXT() REPRESENTATION_CONTEXT('2D SPACE',''
  ) );
#665 = PCURVE('',#100,#666);
#666 = DEFINITIONAL_REPRESENTATION('',(#667),#671);
#667 = LINE('',#668,#669);
#668 = CARTESIAN_POINT('',(0.,0.));
#669 = VECTOR('',#670,1.);
#670 = DIRECTION('',(0.,1.));
#671 = ( GEOMETRIC_REPRESENTATION_CONTEXT(2) 
PARAMETRIC_REPRESENTATION_CONTEXT() REPRESENTATION_CONTEXT('2D SPACE',''
  ) );
#672 = FACE_BOUND('',#673,.F.);
#673 = EDGE_LOOP('',(#674));
#674 = ORIENTED_EDGE('',*,*,#675,.F.);
#675 = EDGE_CURVE('',#676,#676,#678,.T.);
#676 = VERTEX_POINT('',#677);
#677 = CARTESIAN_POINT('',(6.875,5.,0.));
#678 = SURFACE_CURVE('',#679,(#684,#691),.PCURVE_S1.);
#679 = CIRCLE('',#680,1.875);
#680 = AXIS2_PLACEMENT_3D('',#681,#682,#683);
#681 = CARTESIAN_POINT('',(5.,5.,0.));
#682 = DIRECTION('',(0.,0.,1.));
#683 = DIRECTION('',(1.,0.,0.));
#684 = PCURVE('',#72,#685);
#685 = DEFINITIONAL_REPRESENTATION('',(#686),#690);
#686 = CIRCLE('',#687,1.875);
#687 = AXIS2_PLACEMENT_2D('',#688,#689);
#688 = CARTESIAN_POINT('',(5.,5.));
#689 = DIRECTION('',(1.,0.));
#690 = ( GEOMETRIC_REPRESENTATION_CONTEXT(2) 
PARAMETRIC_REPRESENTATION_CONTEXT() REPRESENTATION_CONTEXT('2D SPACE',''
  ) );
#691 = PCURVE('',#692,#697);
#692 = CYLINDRICAL_SURFACE('',#693,1.875);
#693 = AXIS2_PLACEMENT_3D('',#694,#695,#696);
#694 = CARTESIAN_POINT('',(5.,5.,0.));
#695 = DIRECTION('',(-0.,-0.,-1.));
#696 = DIRECTION('',(1.,0.,0.));
#697 = DEFINITIONAL_REPRESENTATION('',(#698),#702);
#698 = LINE('',#699,#700);
#699 = CARTESIAN_POINT('',(-0.,0.));
#700 = VECTOR('',#701,1.);
#701 = DIRECTION('',(-1.,0.));
#702 = ( GEOMETRIC_REPRESENTATION_CONTEXT(2) 
PARAMETRIC_REPRESENTATION_CONTEXT() REPRESENTATION_CONTEXT('2D SPACE',''
  ) );
#703 = FACE_BOUND('',#704,.F.);
#704 = EDGE_LOOP('',(#705));
#705 = ORIENTED_EDGE('',*,*,#706,.F.);
#706 = EDGE_CURVE('',#707,#707,#709,.T.);
#707 = VERTEX_POINT('',#708);
#708 = CARTESIAN_POINT('',(17.125,5.,0.));
#709 = SURFACE_CURVE('',#710,(#715,#722),.PCURVE_S1.);
#710 = CIRCLE('',#711,2.125);
#711 = AXIS2_PLACEMENT_3D('',#712,#713,#714);
#712 = CARTESIAN_POINT('',(15.,5.,0.));
#713 = DIRECTION('',(0.,0.,1.));
#714 = DIRECTION('',(1.,0.,-0.));
#715 = PCURVE('',#72,#716);
#716 = DEFINITIONAL_REPRESENTATION('',(#717),#721);
#717 = CIRCLE('',#718,2.125);
#718 = AXIS2_PLACEMENT_2D('',#719,#720);
#719 = CARTESIAN_POINT('',(15.,5.));
#720 = DIRECTION('',(1.,0.));
#721 = ( GEOMETRIC_REPRESENTATION_CONTEXT(2) 
PARAMETRIC_REPRESENTATION_CONTEXT() REPRESENTATION_CONTEXT('2D SPACE',''
  ) );
#722 = PCURVE('',#723,#728);
#723 = CYLINDRICAL_SURFACE('',#724,2.125);
#724 = AXIS2_PLACEMENT_3D('',#725,#726,#727);
#725 = CARTESIAN_POINT('',(15.,5.,-15.));
#726 = DIRECTION('',(0.,0.,1.));
#727 = DIRECTION('',(1.,0.,0.));
#728 = DEFINITIONAL_REPRESENTATION('',(#729),#733);
#729 = LINE('',#730,#731);
#730 = CARTESIAN_POINT('',(0.,15.));
#731 = VECTOR('',#732,1.);
#732 = DIRECTION('',(1.,0.));
#733 = ( GEOMETRIC_REPRESENTATION_CONTEXT(2) 
PARAMETRIC_REPRESENTATION_CONTEXT() REPRESENTATION_CONTEXT('2D SPACE',''
  ) );
#734 = FACE_BOUND('',#735,.F.);
#735 = EDGE_LOOP('',(#736));
#736 = ORIENTED_EDGE('',*,*,#737,.F.);
#737 = EDGE_CURVE('',#738,#738,#740,.T.);
#738 = VERTEX_POINT('',#739);
#739 = CARTESIAN_POINT('',(26.875,5.,0.));
#740 = SURFACE_CURVE('',#741,(#746,#753),.PCURVE_S1.);
#741 = CIRCLE('',#742,1.875);
#742 = AXIS2_PLACEMENT_3D('',#743,#744,#745);
#743 = CARTESIAN_POINT('',(25.,5.,0.));
#744 = DIRECTION('',(0.,0.,1.));
#745 = DIRECTION('',(1.,0.,0.));
#746 = PCURVE('',#72,#747);
#747 = DEFINITIONAL_REPRESENTATION('',(#748),#752);
#748 = CIRCLE('',#749,1.875);
#749 = AXIS2_PLACEMENT_2D('',#750,#751);
#750 = CARTESIAN_POINT('',(25.,5.));
#751 = DIRECTION('',(1.,0.));
#752 = ( GEOMETRIC_REPRESENTATION_CONTEXT(2) 
PARAMETRIC_REPRESENTATION_CONTEXT() REPRESENTATION_CONTEXT('2D SPACE',''
  ) );
#753 = PCURVE('',#754,#759);
#754 = CYLINDRICAL_SURFACE('',#755,1.875);
#755 = AXIS2_PLACEMENT_3D('',#756,#757,#758);
#756 = CARTESIAN_POINT('',(25.,5.,0.));
#757 = DIRECTION('',(-0.,-0.,-1.));
#758 = DIRECTION('',(1.,0.,0.));
#759 = DEFINITIONAL_REPRESENTATION('',(#760),#764);
#760 = LINE('',#761,#762);
#761 = CARTESIAN_POINT('',(-0.,0.));
#762 = VECTOR('',#763,1.);
#763 = DIRECTION('',(-1.,0.));
#764 = ( GEOMETRIC_REPRESENTATION_CONTEXT(2) 
PARAMETRIC_REPRESENTATION_CONTEXT() REPRESENTATION_CONTEXT('2D SPACE',''
  ) );
#765 = FACE_BOUND('',#766,.F.);
#766 = EDGE_LOOP('',(#767));
#767 = ORIENTED_EDGE('',*,*,#768,.F.);
#768 = EDGE_CURVE('',#769,#769,#771,.T.);
#769 = VERTEX_POINT('',#770);
#770 = CARTESIAN_POINT('',(6.875,15.,0.));
#771 = SURFACE_CURVE('',#772,(#777,#784),.PCURVE_S1.);
#772 = CIRCLE('',#773,1.875);
#773 = AXIS2_PLACEMENT_3D('',#774,#775,#776);
#774 = CARTESIAN_POINT('',(5.,15.,0.));
#775 = DIRECTION('',(0.,0.,1.));
#776 = DIRECTION('',(1.,0.,0.));
#777 = PCURVE('',#72,#778);
#778 = DEFINITIONAL_REPRESENTATION('',(#779),#783);
#779 = CIRCLE('',#780,1.875);
#780 = AXIS2_PLACEMENT_2D('',#781,#782);
#781 = CARTESIAN_POINT('',(5.,15.));
#782 = DIRECTION('',(1.,0.));
#783 = ( GEOMETRIC_REPRESENTATION_CONTEXT(2) 
PARAMETRIC_REPRESENTATION_CONTEXT() REPRESENTATION_CONTEXT('2D SPACE',''
  ) );
#784 = PCURVE('',#785,#790);
#785 = CYLINDRICAL_SURFACE('',#786,1.875);
#786 = AXIS2_PLACEMENT_3D('',#787,#788,#789);
#787 = CARTESIAN_POINT('',(5.,15.,0.));
#788 = DIRECTION('',(-0.,-0.,-1.));
#789 = DIRECTION('',(1.,0.,0.));
#790 = DEFINITIONAL_REPRESENTATION('',(#791),#795);
#791 = LINE('',#792,#793);
#792 = CARTESIAN_POINT('',(-0.,0.));
#793 = VECTOR('',#794,1.);
#794 = DIRECTION('',(-1.,0.));
#795 = ( GEOMETRIC_REPRESENTATION_CONTEXT(2) 
PARAMETRIC_REPRESENTATION_CONTEXT() REPRESENTATION_CONTEXT('2D SPACE',''
  ) );
#796 = FACE_BOUND('',#797,.F.);
#797 = EDGE_LOOP('',(#798));
#798 = ORIENTED_EDGE('',*,*,#799,.F.);
#799 = EDGE_CURVE('',#800,#800,#802,.T.);
#800 = VERTEX_POINT('',#801);
#801 = CARTESIAN_POINT('',(17.125,15.,0.));
#802 = SURFACE_CURVE('',#803,(#808,#815),.PCURVE_S1.);
#803 = CIRCLE('',#804,2.125);
#804 = AXIS2_PLACEMENT_3D('',#805,#806,#807);
#805 = CARTESIAN_POINT('',(15.,15.,0.));
#806 = DIRECTION('',(0.,0.,1.));
#807 = DIRECTION('',(1.,0.,-0.));
#808 = PCURVE('',#72,#809);
#809 = DEFINITIONAL_REPRESENTATION('',(#810),#814);
#810 = CIRCLE('',#811,2.125);
#811 = AXIS2_PLACEMENT_2D('',#812,#813);
#812 = CARTESIAN_POINT('',(15.,15.));
#813 = DIRECTION('',(1.,0.));
#814 = ( GEOMETRIC_REPRESENTATION_CONTEXT(2) 
PARAMETRIC_REPRESENTATION_CONTEXT() REPRESENTATION_CONTEXT('2D SPACE',''
  ) );
#815 = PCURVE('',#816,#821);
#816 = CYLINDRICAL_SURFACE('',#817,2.125);
#817 = AXIS2_PLACEMENT_3D('',#818,#819,#820);
#818 = CARTESIAN_POINT('',(15.,15.,-15.));
#819 = DIRECTION('',(0.,0.,1.));
#820 = DIRECTION('',(1.,0.,0.));
#821 = DEFINITIONAL_REPRESENTATION('',(#822),#826);
#822 = LINE('',#823,#824);
#823 = CARTESIAN_POINT('',(0.,15.));
#824 = VECTOR('',#825,1.);
#825 = DIRECTION('',(1.,0.));
#826 = ( GEOMETRIC_REPRESENTATION_CONTEXT(2) 
PARAMETRIC_REPRESENTATION_CONTEXT() REPRESENTATION_CONTEXT('2D SPACE',''
  ) );
#827 = FACE_BOUND('',#828,.F.);
#828 = EDGE_LOOP('',(#829));
#829 = ORIENTED_EDGE('',*,*,#830,.F.);
#830 = EDGE_CURVE('',#831,#831,#833,.T.);
#831 = VERTEX_POINT('',#832);
#832 = CARTESIAN_POINT('',(26.875,15.,0.));
#833 = SURFACE_CURVE('',#834,(#839,#846),.PCURVE_S1.);
#834 = CIRCLE('',#835,1.875);
#835 = AXIS2_PLACEMENT_3D('',#836,#837,#838);
#836 = CARTESIAN_POINT('',(25.,15.,0.));
#837 = DIRECTION('',(0.,0.,1.));
#838 = DIRECTION('',(1.,0.,0.));
#839 = PCURVE('',#72,#840);
#840 = DEFINITIONAL_REPRESENTATION('',(#841),#845);
#841 = CIRCLE('',#842,1.875);
#842 = AXIS2_PLACEMENT_2D('',#843,#844);
#843 = CARTESIAN_POINT('',(25.,15.));
#844 = DIRECTION('',(1.,0.));
#845 = ( GEOMETRIC_REPRESENTATION_CONTEXT(2) 
PARAMETRIC_REPRESENTATION_CONTEXT() REPRESENTATION_CONTEXT('2D SPACE',''
  ) );
#846 = PCURVE('',#847,#852);
#847 = CYLINDRICAL_SURFACE('',#848,1.875);
#848 = AXIS2_PLACEMENT_3D('',#849,#850,#851);
#849 = CARTESIAN_POINT('',(25.,15.,0.));
#850 = DIRECTION('',(-0.,-0.,-1.));
#851 = DIRECTION('',(1.,0.,0.));
#852 = DEFINITIONAL_REPRESENTATION('',(#853),#857);
#853 = LINE('',#854,#855);
#854 = CARTESIAN_POINT('',(-0.,0.));
#855 = VECTOR('',#856,1.);
#856 = DIRECTION('',(-1.,0.));
#857 = ( GEOMETRIC_REPRESENTATION_CONTEXT(2) 
PARAMETRIC_REPRESENTATION_CONTEXT() REPRESENTATION_CONTEXT('2D SPACE',''
  ) );
#858 = ADVANCED_FACE('',(#859,#885,#920,#955),#100,.T.);
#859 = FACE_BOUND('',#860,.T.);
#860 = EDGE_LOOP('',(#861,#862,#863,#864));
#861 = ORIENTED_EDGE('',*,*,#652,.F.);
#862 = ORIENTED_EDGE('',*,*,#84,.T.);
#863 = ORIENTED_EDGE('',*,*,#417,.T.);
#864 = ORIENTED_EDGE('',*,*,#865,.F.);
#865 = EDGE_CURVE('',#630,#395,#866,.T.);
#866 = SURFACE_CURVE('',#867,(#871,#878),.PCURVE_S1.);
#867 = LINE('',#868,#869);
#868 = CARTESIAN_POINT('',(30.,20.,0.));
#869 = VECTOR('',#870,1.);
#870 = DIRECTION('',(0.,0.,1.));
#871 = PCURVE('',#100,#872);
#872 = DEFINITIONAL_REPRESENTATION('',(#873),#877);
#873 = LINE('',#874,#875);
#874 = CARTESIAN_POINT('',(0.,30.));
#875 = VECTOR('',#876,1.);
#876 = DIRECTION('',(1.,0.));
#877 = ( GEOMETRIC_REPRESENTATION_CONTEXT(2) 
PARAMETRIC_REPRESENTATION_CONTEXT() REPRESENTATION_CONTEXT('2D SPACE',''
  ) );
#878 = PCURVE('',#272,#879);
#879 = DEFINITIONAL_REPRESENTATION('',(#880),#884);
#880 = LINE('',#881,#882);
#881 = CARTESIAN_POINT('',(0.,-20.));
#882 = VECTOR('',#883,1.);
#883 = DIRECTION('',(1.,0.));
#884 = ( GEOMETRIC_REPRESENTATION_CONTEXT(2) 
PARAMETRIC_REPRESENTATION_CONTEXT() REPRESENTATION_CONTEXT('2D SPACE',''
  ) );
#885 = FACE_BOUND('',#886,.T.);
#886 = EDGE_LOOP('',(#887));
#887 = ORIENTED_EDGE('',*,*,#888,.T.);
#888 = EDGE_CURVE('',#889,#889,#891,.T.);
#889 = VERTEX_POINT('',#890);
#890 = CARTESIAN_POINT('',(6.875,20.,5.));
#891 = SURFACE_CURVE('',#892,(#897,#908),.PCURVE_S1.);
#892 = CIRCLE('',#893,1.875);
#893 = AXIS2_PLACEMENT_3D('',#894,#895,#896);
#894 = CARTESIAN_POINT('',(5.,20.,5.));
#895 = DIRECTION('',(0.,-1.,1.110223024625E-16));
#896 = DIRECTION('',(1.,0.,0.));
#897 = PCURVE('',#100,#898);
#898 = DEFINITIONAL_REPRESENTATION('',(#899),#907);
#899 = ( BOUNDED_CURVE() B_SPLINE_CURVE(2,(#900,#901,#902,#903,#904,#905
,#906),.UNSPECIFIED.,.T.,.F.) B_SPLINE_CURVE_WITH_KNOTS((1,2,2,2,2,1),(
    -2.094395102393,0.,2.094395102393,4.188790204786,6.28318530718,
8.377580409573),.UNSPECIFIED.) CURVE() GEOMETRIC_REPRESENTATION_ITEM() 
RATIONAL_B_SPLINE_CURVE((1.,0.5,1.,0.5,1.,0.5,1.)) REPRESENTATION_ITEM(
  '') );
#900 = CARTESIAN_POINT('',(5.,6.875));
#901 = CARTESIAN_POINT('',(8.247595264192,6.875));
#902 = CARTESIAN_POINT('',(6.623797632096,4.0625));
#903 = CARTESIAN_POINT('',(5.,1.25));
#904 = CARTESIAN_POINT('',(3.376202367904,4.0625));
#905 = CARTESIAN_POINT('',(1.752404735808,6.875));
#906 = CARTESIAN_POINT('',(5.,6.875));
#907 = ( GEOMETRIC_REPRESENTATION_CONTEXT(2) 
PARAMETRIC_REPRESENTATION_CONTEXT() REPRESENTATION_CONTEXT('2D SPACE',''
  ) );
#908 = PCURVE('',#909,#914);
#909 = CYLINDRICAL_SURFACE('',#910,1.875);
#910 = AXIS2_PLACEMENT_3D('',#911,#912,#913);
#911 = CARTESIAN_POINT('',(5.,20.,5.));
#912 = DIRECTION('',(-0.,1.,-1.110223024625E-16));
#913 = DIRECTION('',(1.,0.,0.));
#914 = DEFINITIONAL_REPRESENTATION('',(#915),#919);
#915 = LINE('',#916,#917);
#916 = CARTESIAN_POINT('',(-0.,0.));
#917 = VECTOR('',#918,1.);
#918 = DIRECTION('',(-1.,0.));
#919 = ( GEOMETRIC_REPRESENTATION_CONTEXT(2) 
PARAMETRIC_REPRESENTATION_CONTEXT() REPRESENTATION_CONTEXT('2D SPACE',''
  ) );
#920 = FACE_BOUND('',#921,.T.);
#921 = EDGE_LOOP('',(#922));
#922 = ORIENTED_EDGE('',*,*,#923,.T.);
#923 = EDGE_CURVE('',#924,#924,#926,.T.);
#924 = VERTEX_POINT('',#925);
#925 = CARTESIAN_POINT('',(16.875,20.,5.));
#926 = SURFACE_CURVE('',#927,(#932,#943),.PCURVE_S1.);
#927 = CIRCLE('',#928,1.875);
#928 = AXIS2_PLACEMENT_3D('',#929,#930,#931);
#929 = CARTESIAN_POINT('',(15.,20.,5.));
#930 = DIRECTION('',(0.,-1.,1.110223024625E-16));
#931 = DIRECTION('',(1.,0.,0.));
#932 = PCURVE('',#100,#933);
#933 = DEFINITIONAL_REPRESENTATION('',(#934),#942);
#934 = ( BOUNDED_CURVE() B_SPLINE_CURVE(2,(#935,#936,#937,#938,#939,#940
,#941),.UNSPECIFIED.,.T.,.F.) B_SPLINE_CURVE_WITH_KNOTS((1,2,2,2,2,1),(
    -2.094395102393,0.,2.094395102393,4.188790204786,6.28318530718,
8.377580409573),.UNSPECIFIED.) CURVE() GEOMETRIC_REPRESENTATION_ITEM() 
RATIONAL_B_SPLINE_CURVE((1.,0.5,1.,0.5,1.,0.5,1.)) REPRESENTATION_ITEM(
  '') );
#935 = CARTESIAN_POINT('',(5.,16.875));
#936 = CARTESIAN_POINT('',(8.247595264192,16.875));
#937 = CARTESIAN_POINT('',(6.623797632096,14.0625));
#938 = CARTESIAN_POINT('',(5.,11.25));
#939 = CARTESIAN_POINT('',(3.376202367904,14.0625));
#940 = CARTESIAN_POINT('',(1.752404735808,16.875));
#941 = CARTESIAN_POINT('',(5.,16.875));
#942 = ( GEOMETRIC_REPRESENTATION_CONTEXT(2) 
PARAMETRIC_REPRESENTATION_CONTEXT() REPRESENTATION_CONTEXT('2D SPACE',''
  ) );
#943 = PCURVE('',#944,#949);
#944 = CYLINDRICAL_SURFACE('',#945,1.875);
#945 = AXIS2_PLACEMENT_3D('',#946,#947,#948);
#946 = CARTESIAN_POINT('',(15.,20.,5.));
#947 = DIRECTION('',(-0.,1.,-1.110223024625E-16));
#948 = DIRECTION('',(1.,0.,0.));
#949 = DEFINITIONAL_REPRESENTATION('',(#950),#954);
#950 = LINE('',#951,#952);
#951 = CARTESIAN_POINT('',(-0.,0.));
#952 = VECTOR('',#953,1.);
#953 = DIRECTION('',(-1.,0.));
#954 = ( GEOMETRIC_REPRESENTATION_CONTEXT(2) 
PARAMETRIC_REPRESENTATION_CONTEXT() REPRESENTATION_CONTEXT('2D SPACE',''
  ) );
#955 = FACE_BOUND('',#956,.T.);
#956 = EDGE_LOOP('',(#957));
#957 = ORIENTED_EDGE('',*,*,#958,.T.);
#958 = EDGE_CURVE('',#959,#959,#961,.T.);
#959 = VERTEX_POINT('',#960);
#960 = CARTESIAN_POINT('',(26.875,20.,5.));
#961 = SURFACE_CURVE('',#962,(#967,#978),.PCURVE_S1.);
#962 = CIRCLE('',#963,1.875);
#963 = AXIS2_PLACEMENT_3D('',#964,#965,#966);
#964 = CARTESIAN_POINT('',(25.,20.,5.));
#965 = DIRECTION('',(0.,-1.,1.110223024625E-16));
#966 = DIRECTION('',(1.,0.,0.));
#967 = PCURVE('',#100,#968);
#968 = DEFINITIONAL_REPRESENTATION('',(#969),#977);
#969 = ( BOUNDED_CURVE() B_SPLINE_CURVE(2,(#970,#971,#972,#973,#974,#975
,#976),.UNSPECIFIED.,.T.,.F.) B_SPLINE_CURVE_WITH_KNOTS((1,2,2,2,2,1),(
    -2.094395102393,0.,2.094395102393,4.188790204786,6.28318530718,
8.377580409573),.UNSPECIFIED.) CURVE() GEOMETRIC_REPRESENTATION_ITEM() 
RATIONAL_B_SPLINE_CURVE((1.,0.5,1.,0.5,1.,0.5,1.)) REPRESENTATION_ITEM(
  '') );
#970 = CARTESIAN_POINT('',(5.,26.875));
#971 = CARTESIAN_POINT('',(8.247595264192,26.875));
#972 = CARTESIAN_POINT('',(6.623797632096,24.0625));
#973 = CARTESIAN_POINT('',(5.,21.25));
#974 = CARTESIAN_POINT('',(3.376202367904,24.0625));
#975 = CARTESIAN_POINT('',(1.752404735808,26.875));
#976 = CARTESIAN_POINT('',(5.,26.875));
#977 = ( GEOMETRIC_REPRESENTATION_CONTEXT(2) 
PARAMETRIC_REPRESENTATION_CONTEXT() REPRESENTATION_CONTEXT('2D SPACE',''
  ) );
#978 = PCURVE('',#979,#984);
#979 = CYLINDRICAL_SURFACE('',#980,1.875);
#980 = AXIS2_PLACEMENT_3D('',#981,#982,#983);
#981 = CARTESIAN_POINT('',(25.,20.,5.));
#982 = DIRECTION('',(-0.,1.,-1.110223024625E-16));
#983 = DIRECTION('',(1.,0.,0.));
#984 = DEFINITIONAL_REPRESENTATION('',(#985),#989);
#985 = LINE('',#986,#987);
#986 = CARTESIAN_POINT('',(-0.,0.));
#987 = VECTOR('',#988,1.);
#988 = DIRECTION('',(-1.,0.));
#989 = ( GEOMETRIC_REPRESENTATION_CONTEXT(2) 
PARAMETRIC_REPRESENTATION_CONTEXT() REPRESENTATION_CONTEXT('2D SPACE',''
  ) );
#990 = ADVANCED_FACE('',(#991),#161,.F.);
#991 = FACE_BOUND('',#992,.T.);
#992 = EDGE_LOOP('',(#993,#1045,#1095,#1131,#1152,#1153,#1154,#1190));
#993 = ORIENTED_EDGE('',*,*,#994,.T.);
#994 = EDGE_CURVE('',#995,#997,#999,.T.);
#995 = VERTEX_POINT('',#996);
#996 = CARTESIAN_POINT('',(3.674174785275,13.674174785275,3.674174785275
    ));
#997 = VERTEX_POINT('',#998);
#998 = CARTESIAN_POINT('',(3.674174785275,16.325825214725,3.674174785275
    ));
#999 = SURFACE_CURVE('',#1000,(#1005,#1025),.PCURVE_S1.);
#1000 = ELLIPSE('',#1001,2.65165042945,1.875);
#1001 = AXIS2_PLACEMENT_3D('',#1002,#1003,#1004);
#1002 = CARTESIAN_POINT('',(5.,15.,5.));
#1003 = DIRECTION('',(0.707106781187,0.,-0.707106781187));
#1004 = DIRECTION('',(0.707106781187,0.,0.707106781187));
#1005 = PCURVE('',#161,#1006);
#1006 = DEFINITIONAL_REPRESENTATION('',(#1007),#1024);
#1007 = B_SPLINE_CURVE_WITH_KNOTS('',8,(#1008,#1009,#1010,#1011,#1012,
    #1013,#1014,#1015,#1016,#1017,#1018,#1019,#1020,#1021,#1022,#1023),
  .UNSPECIFIED.,.F.,.F.,(9,7,9),(1.570795998583,3.141592485377,
    4.712388972172),.UNSPECIFIED.);
#1008 = CARTESIAN_POINT('',(-4.712389308597,-24.9999993846));
#1009 = CARTESIAN_POINT('',(-4.516039747748,-25.36815481119));
#1010 = CARTESIAN_POINT('',(-4.319690186896,-25.7363103523));
#1011 = CARTESIAN_POINT('',(-4.123340626053,-26.08283693656));
#1012 = CARTESIAN_POINT('',(-3.926991065189,-26.38610982592));
#1013 = CARTESIAN_POINT('',(-3.730641504353,-26.62715860418));
#1014 = CARTESIAN_POINT('',(-3.534291943498,-26.79238590433));
#1015 = CARTESIAN_POINT('',(-3.337942382651,-26.87499993807));
#1016 = CARTESIAN_POINT('',(-2.945243260953,-26.87500006192));
#1017 = CARTESIAN_POINT('',(-2.748893700101,-26.79238615205));
#1018 = CARTESIAN_POINT('',(-2.552544139257,-26.62715896847));
#1019 = CARTESIAN_POINT('',(-2.356194578395,-26.38611029226));
#1020 = CARTESIAN_POINT('',(-2.159845017556,-26.08283748388));
#1021 = CARTESIAN_POINT('',(-1.963495456703,-25.73631095531));
#1022 = CARTESIAN_POINT('',(-1.767145895857,-25.36815544199));
#1023 = CARTESIAN_POINT('',(-1.570796335007,-25.00000001539));
#1024 = ( GEOMETRIC_REPRESENTATION_CONTEXT(2) 
PARAMETRIC_REPRESENTATION_CONTEXT() REPRESENTATION_CONTEXT('2D SPACE',''
  ) );
#1025 = PCURVE('',#785,#1026);
#1026 = DEFINITIONAL_REPRESENTATION('',(#1027),#1044);
#1027 = B_SPLINE_CURVE_WITH_KNOTS('',8,(#1028,#1029,#1030,#1031,#1032,
    #1033,#1034,#1035,#1036,#1037,#1038,#1039,#1040,#1041,#1042,#1043),
  .UNSPECIFIED.,.F.,.F.,(9,7,9),(1.570795998583,3.141592485377,
    4.712388972172),.UNSPECIFIED.);
#1028 = CARTESIAN_POINT('',(-4.712389308597,-5.000000615398));
#1029 = CARTESIAN_POINT('',(-4.516039747748,-4.631845188806));
#1030 = CARTESIAN_POINT('',(-4.3196901869,-4.263689647686));
#1031 = CARTESIAN_POINT('',(-4.123340626042,-3.917163063372));
#1032 = CARTESIAN_POINT('',(-3.926991065222,-3.613890174067));
#1033 = CARTESIAN_POINT('',(-3.730641504337,-3.372841395727));
#1034 = CARTESIAN_POINT('',(-3.534291943503,-3.207614095661));
#1035 = CARTESIAN_POINT('',(-3.337942382651,-3.125000061928));
#1036 = CARTESIAN_POINT('',(-2.945243260953,-3.124999938072));
#1037 = CARTESIAN_POINT('',(-2.748893700104,-3.207613847947));
#1038 = CARTESIAN_POINT('',(-2.552544139253,-3.372841031447));
#1039 = CARTESIAN_POINT('',(-2.356194578406,-3.613889707725));
#1040 = CARTESIAN_POINT('',(-2.159845017552,-3.917162515971));
#1041 = CARTESIAN_POINT('',(-1.963495456706,-4.263689044683));
#1042 = CARTESIAN_POINT('',(-1.767145895857,-4.631844558009));
#1043 = CARTESIAN_POINT('',(-1.570796335007,-4.999999984602));
#1044 = ( GEOMETRIC_REPRESENTATION_CONTEXT(2) 
PARAMETRIC_REPRESENTATION_CONTEXT() REPRESENTATION_CONTEXT('2D SPACE',''
  ) );
#1045 = ORIENTED_EDGE('',*,*,#1046,.T.);
#1046 = EDGE_CURVE('',#997,#1047,#1049,.T.);
#1047 = VERTEX_POINT('',#1048);
#1048 = CARTESIAN_POINT('',(3.674174785275,16.325825214725,
    6.325825214725));
#1049 = SURFACE_CURVE('',#1050,(#1055,#1075),.PCURVE_S1.);
#1050 = ELLIPSE('',#1051,2.65165042945,1.875);
#1051 = AXIS2_PLACEMENT_3D('',#1052,#1053,#1054);
#1052 = CARTESIAN_POINT('',(5.,15.,5.));
#1053 = DIRECTION('',(0.707106781187,0.707106781187,-1.570092458684E-16)
  );
#1054 = DIRECTION('',(0.707106781187,-0.707106781187,0.));
#1055 = PCURVE('',#161,#1056);
#1056 = DEFINITIONAL_REPRESENTATION('',(#1057),#1074);
#1057 = B_SPLINE_CURVE_WITH_KNOTS('',8,(#1058,#1059,#1060,#1061,#1062,
    #1063,#1064,#1065,#1066,#1067,#1068,#1069,#1070,#1071,#1072,#1073),
  .UNSPECIFIED.,.F.,.F.,(9,7,9),(1.570796326795,3.14159265359,
    4.712388980385),.UNSPECIFIED.);
#1058 = CARTESIAN_POINT('',(-3.14159265359,-25.));
#1059 = CARTESIAN_POINT('',(-2.94524311274,-25.36815538909));
#1060 = CARTESIAN_POINT('',(-2.748893571887,-25.73631086556));
#1061 = CARTESIAN_POINT('',(-2.552544031054,-26.08283736476));
#1062 = CARTESIAN_POINT('',(-2.356194490167,-26.38611015732));
#1063 = CARTESIAN_POINT('',(-2.159844949351,-26.62715883688));
#1064 = CARTESIAN_POINT('',(-1.96349540849,-26.79238604501));
#1065 = CARTESIAN_POINT('',(-1.767145867644,-26.875));
#1066 = CARTESIAN_POINT('',(-1.374446785946,-26.875));
#1067 = CARTESIAN_POINT('',(-1.178097245096,-26.79238604499));
#1068 = CARTESIAN_POINT('',(-0.981747704244,-26.62715883685));
#1069 = CARTESIAN_POINT('',(-0.785398163396,-26.38611015737));
#1070 = CARTESIAN_POINT('',(-0.589048622545,-26.08283736472));
#1071 = CARTESIAN_POINT('',(-0.392699081698,-25.73631086557));
#1072 = CARTESIAN_POINT('',(-0.196349540849,-25.36815538909));
#1073 = CARTESIAN_POINT('',(0.,-25.));
#1074 = ( GEOMETRIC_REPRESENTATION_CONTEXT(2) 
PARAMETRIC_REPRESENTATION_CONTEXT() REPRESENTATION_CONTEXT('2D SPACE',''
  ) );
#1075 = PCURVE('',#909,#1076);
#1076 = DEFINITIONAL_REPRESENTATION('',(#1077),#1094);
#1077 = B_SPLINE_CURVE_WITH_KNOTS('',8,(#1078,#1079,#1080,#1081,#1082,
    #1083,#1084,#1085,#1086,#1087,#1088,#1089,#1090,#1091,#1092,#1093),
  .UNSPECIFIED.,.F.,.F.,(9,7,9),(1.570796326795,3.14159265359,
    4.712388980385),.UNSPECIFIED.);
#1078 = CARTESIAN_POINT('',(-4.712388980385,-5.));
#1079 = CARTESIAN_POINT('',(-4.516039439535,-4.631844610907));
#1080 = CARTESIAN_POINT('',(-4.319689898682,-4.263689134401));
#1081 = CARTESIAN_POINT('',(-4.123340357843,-3.917162635242));
#1082 = CARTESIAN_POINT('',(-3.92699081697,-3.613889842651));
#1083 = CARTESIAN_POINT('',(-3.730641276139,-3.372841163125));
#1084 = CARTESIAN_POINT('',(-3.534291735285,-3.20761395497));
#1085 = CARTESIAN_POINT('',(-3.337942194439,-3.125));
#1086 = CARTESIAN_POINT('',(-2.94524311274,-3.125));
#1087 = CARTESIAN_POINT('',(-2.74889357189,-3.207613954971));
#1088 = CARTESIAN_POINT('',(-2.552544031035,-3.372841163109));
#1089 = CARTESIAN_POINT('',(-2.356194490185,-3.613889842654));
#1090 = CARTESIAN_POINT('',(-2.15984494934,-3.917162635222));
#1091 = CARTESIAN_POINT('',(-1.963495408492,-4.2636891344));
#1092 = CARTESIAN_POINT('',(-1.767145867644,-4.631844610907));
#1093 = CARTESIAN_POINT('',(-1.570796326795,-5.));
#1094 = ( GEOMETRIC_REPRESENTATION_CONTEXT(2) 
PARAMETRIC_REPRESENTATION_CONTEXT() REPRESENTATION_CONTEXT('2D SPACE',''
  ) );
#1095 = ORIENTED_EDGE('',*,*,#1096,.T.);
#1096 = EDGE_CURVE('',#1047,#1097,#1099,.T.);
#1097 = VERTEX_POINT('',#1098);
#1098 = CARTESIAN_POINT('',(3.125,15.,6.875));
#1099 = SURFACE_CURVE('',#1100,(#1105,#1118),.PCURVE_S1.);
#1100 = ELLIPSE('',#1101,2.65165042945,1.875);
#1101 = AXIS2_PLACEMENT_3D('',#1102,#1103,#1104);
#1102 = CARTESIAN_POINT('',(5.,15.,5.));
#1103 = DIRECTION('',(0.707106781187,0.,0.707106781187));
#1104 = DIRECTION('',(0.707106781187,0.,-0.707106781187));
#1105 = PCURVE('',#161,#1106);
#1106 = DEFINITIONAL_REPRESENTATION('',(#1107),#1117);
#1107 = B_SPLINE_CURVE_WITH_KNOTS('',8,(#1108,#1109,#1110,#1111,#1112,
    #1113,#1114,#1115,#1116),.UNSPECIFIED.,.F.,.F.,(9,9),(1.570795998583
    ,3.14159265359),.PIECEWISE_BEZIER_KNOTS.);
#1108 = CARTESIAN_POINT('',(-1.570796655007,-24.9999993846));
#1109 = CARTESIAN_POINT('',(-1.374447073131,-25.36815485061));
#1110 = CARTESIAN_POINT('',(-1.178097491255,-25.73631043113));
#1111 = CARTESIAN_POINT('',(-0.981747909379,-26.082837048));
#1112 = CARTESIAN_POINT('',(-0.7853983275,-26.38610995571));
#1113 = CARTESIAN_POINT('',(-0.589048745628,-26.62715873344));
#1114 = CARTESIAN_POINT('',(-0.39269916375,-26.79238601046));
#1115 = CARTESIAN_POINT('',(-0.196349581876,-26.875));
#1116 = CARTESIAN_POINT('',(0.,-26.875));
#1117 = ( GEOMETRIC_REPRESENTATION_CONTEXT(2) 
PARAMETRIC_REPRESENTATION_CONTEXT() REPRESENTATION_CONTEXT('2D SPACE',''
  ) );
#1118 = PCURVE('',#550,#1119);
#1119 = DEFINITIONAL_REPRESENTATION('',(#1120),#1130);
#1120 = B_SPLINE_CURVE_WITH_KNOTS('',8,(#1121,#1122,#1123,#1124,#1125,
    #1126,#1127,#1128,#1129),.UNSPECIFIED.,.F.,.F.,(9,9),(1.570795998583
    ,3.14159265359),.PIECEWISE_BEZIER_KNOTS.);
#1121 = CARTESIAN_POINT('',(-1.570795998583,-4.999999384602));
#1122 = CARTESIAN_POINT('',(-1.767145580458,-5.368154850619));
#1123 = CARTESIAN_POINT('',(-1.963495162333,-5.736310431153));
#1124 = CARTESIAN_POINT('',(-2.159844744202,-6.082837047954));
#1125 = CARTESIAN_POINT('',(-2.356194326083,-6.386109955834));
#1126 = CARTESIAN_POINT('',(-2.552543907956,-6.627158733329));
#1127 = CARTESIAN_POINT('',(-2.748893489837,-6.792386010491));
#1128 = CARTESIAN_POINT('',(-2.945243071714,-6.875));
#1129 = CARTESIAN_POINT('',(-3.14159265359,-6.875));
#1130 = ( GEOMETRIC_REPRESENTATION_CONTEXT(2) 
PARAMETRIC_REPRESENTATION_CONTEXT() REPRESENTATION_CONTEXT('2D SPACE',''
  ) );
#1131 = ORIENTED_EDGE('',*,*,#1132,.T.);
#1132 = EDGE_CURVE('',#1097,#141,#1133,.T.);
#1133 = SEAM_CURVE('',#1134,(#1138,#1145),.PCURVE_S1.);
#1134 = LINE('',#1135,#1136);
#1135 = CARTESIAN_POINT('',(30.,15.,6.875));
#1136 = VECTOR('',#1137,1.);
#1137 = DIRECTION('',(-1.,0.,1.110223024625E-16));
#1138 = PCURVE('',#161,#1139);
#1139 = DEFINITIONAL_REPRESENTATION('',(#1140),#1144);
#1140 = LINE('',#1141,#1142);
#1141 = CARTESIAN_POINT('',(-6.28318530718,0.));
#1142 = VECTOR('',#1143,1.);
#1143 = DIRECTION('',(-0.,-1.));
#1144 = ( GEOMETRIC_REPRESENTATION_CONTEXT(2) 
PARAMETRIC_REPRESENTATION_CONTEXT() REPRESENTATION_CONTEXT('2D SPACE',''
  ) );
#1145 = PCURVE('',#161,#1146);
#1146 = DEFINITIONAL_REPRESENTATION('',(#1147),#1151);
#1147 = LINE('',#1148,#1149);
#1148 = CARTESIAN_POINT('',(-0.,0.));
#1149 = VECTOR('',#1150,1.);
#1150 = DIRECTION('',(-0.,-1.));
#1151 = ( GEOMETRIC_REPRESENTATION_CONTEXT(2) 
PARAMETRIC_REPRESENTATION_CONTEXT() REPRESENTATION_CONTEXT('2D SPACE',''
  ) );
#1152 = ORIENTED_EDGE('',*,*,#140,.T.);
#1153 = ORIENTED_EDGE('',*,*,#1132,.F.);
#1154 = ORIENTED_EDGE('',*,*,#1155,.T.);
#1155 = EDGE_CURVE('',#1097,#1156,#1158,.T.);
#1156 = VERTEX_POINT('',#1157);
#1157 = CARTESIAN_POINT('',(3.674174785275,13.674174785275,
    6.325825214725));
#1158 = SURFACE_CURVE('',#1159,(#1164,#1177),.PCURVE_S1.);
#1159 = ELLIPSE('',#1160,2.65165042945,1.875);
#1160 = AXIS2_PLACEMENT_3D('',#1161,#1162,#1163);
#1161 = CARTESIAN_POINT('',(5.,15.,5.));
#1162 = DIRECTION('',(0.707106781187,0.,0.707106781187));
#1163 = DIRECTION('',(0.707106781187,0.,-0.707106781187));
#1164 = PCURVE('',#161,#1165);
#1165 = DEFINITIONAL_REPRESENTATION('',(#1166),#1176);
#1166 = B_SPLINE_CURVE_WITH_KNOTS('',8,(#1167,#1168,#1169,#1170,#1171,
    #1172,#1173,#1174,#1175),.UNSPECIFIED.,.F.,.F.,(9,9),(3.14159265359,
    4.712388972172),.PIECEWISE_BEZIER_KNOTS.);
#1167 = CARTESIAN_POINT('',(-6.28318530718,-26.875));
#1168 = CARTESIAN_POINT('',(-6.086835767357,-26.875));
#1169 = CARTESIAN_POINT('',(-5.890486227533,-26.79238604586));
#1170 = CARTESIAN_POINT('',(-5.694136687714,-26.62715883959));
#1171 = CARTESIAN_POINT('',(-5.497787147883,-26.38611016211));
#1172 = CARTESIAN_POINT('',(-5.301437608068,-26.08283737271));
#1173 = CARTESIAN_POINT('',(-5.105088068242,-25.73631087643));
#1174 = CARTESIAN_POINT('',(-4.90873852842,-25.36815540256));
#1175 = CARTESIAN_POINT('',(-4.712388988597,-25.00000001539));
#1176 = ( GEOMETRIC_REPRESENTATION_CONTEXT(2) 
PARAMETRIC_REPRESENTATION_CONTEXT() REPRESENTATION_CONTEXT('2D SPACE',''
  ) );
#1177 = PCURVE('',#550,#1178);
#1178 = DEFINITIONAL_REPRESENTATION('',(#1179),#1189);
#1179 = B_SPLINE_CURVE_WITH_KNOTS('',8,(#1180,#1181,#1182,#1183,#1184,
    #1185,#1186,#1187,#1188),.UNSPECIFIED.,.F.,.F.,(9,9),(3.14159265359,
    4.712388972172),.PIECEWISE_BEZIER_KNOTS.);
#1180 = CARTESIAN_POINT('',(-3.14159265359,-6.875));
#1181 = CARTESIAN_POINT('',(-3.337942193413,-6.875));
#1182 = CARTESIAN_POINT('',(-3.534291733236,-6.792386045884));
#1183 = CARTESIAN_POINT('',(-3.730641273041,-6.62715883947));
#1184 = CARTESIAN_POINT('',(-3.926990812884,-6.386110162359));
#1185 = CARTESIAN_POINT('',(-4.123340352695,-6.082837372694));
#1186 = CARTESIAN_POINT('',(-4.319689892525,-5.736310876464));
#1187 = CARTESIAN_POINT('',(-4.51603943235,-5.368155402566));
#1188 = CARTESIAN_POINT('',(-4.712388972172,-5.000000015398));
#1189 = ( GEOMETRIC_REPRESENTATION_CONTEXT(2) 
PARAMETRIC_REPRESENTATION_CONTEXT() REPRESENTATION_CONTEXT('2D SPACE',''
  ) );
#1190 = ORIENTED_EDGE('',*,*,#1191,.T.);
#1191 = EDGE_CURVE('',#1156,#995,#1192,.T.);
#1192 = SURFACE_CURVE('',#1193,(#1198,#1218),.PCURVE_S1.);
#1193 = ELLIPSE('',#1194,2.65165042945,1.875);
#1194 = AXIS2_PLACEMENT_3D('',#1195,#1196,#1197);
#1195 = CARTESIAN_POINT('',(5.,15.,5.));
#1196 = DIRECTION('',(0.707106781187,-0.707106781187,0.));
#1197 = DIRECTION('',(0.707106781187,0.707106781187,-1.570092458684E-16)
  );
#1198 = PCURVE('',#161,#1199);
#1199 = DEFINITIONAL_REPRESENTATION('',(#1200),#1217);
#1200 = B_SPLINE_CURVE_WITH_KNOTS('',8,(#1201,#1202,#1203,#1204,#1205,
    #1206,#1207,#1208,#1209,#1210,#1211,#1212,#1213,#1214,#1215,#1216),
  .UNSPECIFIED.,.F.,.F.,(9,7,9),(1.570796326795,3.14159265359,
    4.712388980385),.UNSPECIFIED.);
#1201 = CARTESIAN_POINT('',(-6.28318530718,-25.));
#1202 = CARTESIAN_POINT('',(-6.08683576633,-25.36815538909));
#1203 = CARTESIAN_POINT('',(-5.890486225481,-25.73631086556));
#1204 = CARTESIAN_POINT('',(-5.694136684631,-26.08283736476));
#1205 = CARTESIAN_POINT('',(-5.497787143784,-26.38611015732));
#1206 = CARTESIAN_POINT('',(-5.301437602933,-26.62715883688));
#1207 = CARTESIAN_POINT('',(-5.105088062083,-26.79238604501));
#1208 = CARTESIAN_POINT('',(-4.908738521234,-26.875));
#1209 = CARTESIAN_POINT('',(-4.516039439535,-26.875));
#1210 = CARTESIAN_POINT('',(-4.319689898691,-26.79238604499));
#1211 = CARTESIAN_POINT('',(-4.123340357829,-26.62715883685));
#1212 = CARTESIAN_POINT('',(-3.926990816995,-26.38611015737));
#1213 = CARTESIAN_POINT('',(-3.730641276135,-26.08283736472));
#1214 = CARTESIAN_POINT('',(-3.534291735292,-25.73631086557));
#1215 = CARTESIAN_POINT('',(-3.337942194439,-25.36815538909));
#1216 = CARTESIAN_POINT('',(-3.14159265359,-25.));
#1217 = ( GEOMETRIC_REPRESENTATION_CONTEXT(2) 
PARAMETRIC_REPRESENTATION_CONTEXT() REPRESENTATION_CONTEXT('2D SPACE',''
  ) );
#1218 = PCURVE('',#1219,#1224);
#1219 = CYLINDRICAL_SURFACE('',#1220,1.875);
#1220 = AXIS2_PLACEMENT_3D('',#1221,#1222,#1223);
#1221 = CARTESIAN_POINT('',(5.,20.,5.));
#1222 = DIRECTION('',(-0.,1.,-1.110223024625E-16));
#1223 = DIRECTION('',(1.,0.,0.));
#1224 = DEFINITIONAL_REPRESENTATION('',(#1225),#1242);
#1225 = B_SPLINE_CURVE_WITH_KNOTS('',8,(#1226,#1227,#1228,#1229,#1230,
    #1231,#1232,#1233,#1234,#1235,#1236,#1237,#1238,#1239,#1240,#1241),
  .UNSPECIFIED.,.F.,.F.,(9,7,9),(1.570796326795,3.14159265359,
    4.712388980385),.UNSPECIFIED.);
#1226 = CARTESIAN_POINT('',(-1.570796326795,-5.));
#1227 = CARTESIAN_POINT('',(-1.767145867644,-5.368155389093));
#1228 = CARTESIAN_POINT('',(-1.963495408489,-5.736310865594));
#1229 = CARTESIAN_POINT('',(-2.159844949349,-6.082837364767));
#1230 = CARTESIAN_POINT('',(-2.356194490172,-6.38611015732));
#1231 = CARTESIAN_POINT('',(-2.552544031047,-6.627158836884));
#1232 = CARTESIAN_POINT('',(-2.748893571887,-6.792386045023));
#1233 = CARTESIAN_POINT('',(-2.94524311274,-6.875));
#1234 = CARTESIAN_POINT('',(-3.337942194439,-6.875));
#1235 = CARTESIAN_POINT('',(-3.534291735285,-6.792386045018));
#1236 = CARTESIAN_POINT('',(-3.730641276143,-6.627158836909));
#1237 = CARTESIAN_POINT('',(-3.926990816984,-6.386110157295));
#1238 = CARTESIAN_POINT('',(-4.123340357839,-6.082837364793));
#1239 = CARTESIAN_POINT('',(-4.319689898684,-5.736310865589));
#1240 = CARTESIAN_POINT('',(-4.516039439535,-5.368155389093));
#1241 = CARTESIAN_POINT('',(-4.712388980385,-5.));
#1242 = ( GEOMETRIC_REPRESENTATION_CONTEXT(2) 
PARAMETRIC_REPRESENTATION_CONTEXT() REPRESENTATION_CONTEXT('2D SPACE',''
  ) );
#1243 = ADVANCED_FACE('',(#1244),#196,.F.);
#1244 = FACE_BOUND('',#1245,.T.);
#1245 = EDGE_LOOP('',(#1246,#1298,#1348,#1384,#1405,#1406,#1407,#1443));
#1246 = ORIENTED_EDGE('',*,*,#1247,.T.);
#1247 = EDGE_CURVE('',#1248,#1250,#1252,.T.);
#1248 = VERTEX_POINT('',#1249);
#1249 = CARTESIAN_POINT('',(3.674174785275,3.674174785275,3.674174785275
    ));
#1250 = VERTEX_POINT('',#1251);
#1251 = CARTESIAN_POINT('',(3.674174785275,6.325825214725,3.674174785275
    ));
#1252 = SURFACE_CURVE('',#1253,(#1258,#1278),.PCURVE_S1.);
#1253 = ELLIPSE('',#1254,2.65165042945,1.875);
#1254 = AXIS2_PLACEMENT_3D('',#1255,#1256,#1257);
#1255 = CARTESIAN_POINT('',(5.,5.,5.));
#1256 = DIRECTION('',(0.707106781187,0.,-0.707106781187));
#1257 = DIRECTION('',(0.707106781187,0.,0.707106781187));
#1258 = PCURVE('',#196,#1259);
#1259 = DEFINITIONAL_REPRESENTATION('',(#1260),#1277);
#1260 = B_SPLINE_CURVE_WITH_KNOTS('',8,(#1261,#1262,#1263,#1264,#1265,
    #1266,#1267,#1268,#1269,#1270,#1271,#1272,#1273,#1274,#1275,#1276),
  .UNSPECIFIED.,.F.,.F.,(9,7,9),(1.570796007849,3.141592494644,
    4.712388981439),.UNSPECIFIED.);
#1261 = CARTESIAN_POINT('',(-4.71238929933,-24.99999940197));
#1262 = CARTESIAN_POINT('',(-4.516039738481,-25.36815482856));
#1263 = CARTESIAN_POINT('',(-4.319690177631,-25.7363103689));
#1264 = CARTESIAN_POINT('',(-4.123340616792,-26.08283695163));
#1265 = CARTESIAN_POINT('',(-3.92699105592,-26.38610983869));
#1266 = CARTESIAN_POINT('',(-3.730641495084,-26.62715861428));
#1267 = CARTESIAN_POINT('',(-3.534291934232,-26.79238591114));
#1268 = CARTESIAN_POINT('',(-3.337942373385,-26.87499994148));
#1269 = CARTESIAN_POINT('',(-2.945243251686,-26.87500005851));
#1270 = CARTESIAN_POINT('',(-2.748893690837,-26.79238614522));
#1271 = CARTESIAN_POINT('',(-2.552544129978,-26.62715895842));
#1272 = CARTESIAN_POINT('',(-2.356194569125,-26.38611027936));
#1273 = CARTESIAN_POINT('',(-2.159845008282,-26.08283746894));
#1274 = CARTESIAN_POINT('',(-1.963495447439,-25.73631093871));
#1275 = CARTESIAN_POINT('',(-1.76714588659,-25.36815542461));
#1276 = CARTESIAN_POINT('',(-1.570796325741,-24.99999999802));
#1277 = ( GEOMETRIC_REPRESENTATION_CONTEXT(2) 
PARAMETRIC_REPRESENTATION_CONTEXT() REPRESENTATION_CONTEXT('2D SPACE',''
  ) );
#1278 = PCURVE('',#692,#1279);
#1279 = DEFINITIONAL_REPRESENTATION('',(#1280),#1297);
#1280 = B_SPLINE_CURVE_WITH_KNOTS('',8,(#1281,#1282,#1283,#1284,#1285,
    #1286,#1287,#1288,#1289,#1290,#1291,#1292,#1293,#1294,#1295,#1296),
  .UNSPECIFIED.,.F.,.F.,(9,7,9),(1.570796007849,3.141592494644,
    4.712388981439),.UNSPECIFIED.);
#1281 = CARTESIAN_POINT('',(-4.71238929933,-5.000000598023));
#1282 = CARTESIAN_POINT('',(-4.516039738481,-4.631845171431));
#1283 = CARTESIAN_POINT('',(-4.319690177626,-4.263689631075));
#1284 = CARTESIAN_POINT('',(-4.123340616798,-3.917163048309));
#1285 = CARTESIAN_POINT('',(-3.926991055912,-3.613890161192));
#1286 = CARTESIAN_POINT('',(-3.730641495104,-3.372841385719));
#1287 = CARTESIAN_POINT('',(-3.534291934231,-3.207614088836));
#1288 = CARTESIAN_POINT('',(-3.337942373385,-3.125000058517));
#1289 = CARTESIAN_POINT('',(-2.945243251686,-3.124999941483));
#1290 = CARTESIAN_POINT('',(-2.748893690838,-3.207613854768));
#1291 = CARTESIAN_POINT('',(-2.552544129975,-3.37284104149));
#1292 = CARTESIAN_POINT('',(-2.356194569154,-3.613889720556));
#1293 = CARTESIAN_POINT('',(-2.159845008276,-3.917162531056));
#1294 = CARTESIAN_POINT('',(-1.963495447441,-4.263689061291));
#1295 = CARTESIAN_POINT('',(-1.76714588659,-4.631844575384));
#1296 = CARTESIAN_POINT('',(-1.570796325741,-5.000000001977));
#1297 = ( GEOMETRIC_REPRESENTATION_CONTEXT(2) 
PARAMETRIC_REPRESENTATION_CONTEXT() REPRESENTATION_CONTEXT('2D SPACE',''
  ) );
#1298 = ORIENTED_EDGE('',*,*,#1299,.T.);
#1299 = EDGE_CURVE('',#1250,#1300,#1302,.T.);
#1300 = VERTEX_POINT('',#1301);
#1301 = CARTESIAN_POINT('',(3.674174785275,6.325825214725,6.325825214725
    ));
#1302 = SURFACE_CURVE('',#1303,(#1308,#1328),.PCURVE_S1.);
#1303 = ELLIPSE('',#1304,2.65165042945,1.875);
#1304 = AXIS2_PLACEMENT_3D('',#1305,#1306,#1307);
#1305 = CARTESIAN_POINT('',(5.,5.,5.));
#1306 = DIRECTION('',(0.707106781187,0.707106781187,-1.570092458684E-16)
  );
#1307 = DIRECTION('',(0.707106781187,-0.707106781187,0.));
#1308 = PCURVE('',#196,#1309);
#1309 = DEFINITIONAL_REPRESENTATION('',(#1310),#1327);
#1310 = B_SPLINE_CURVE_WITH_KNOTS('',8,(#1311,#1312,#1313,#1314,#1315,
    #1316,#1317,#1318,#1319,#1320,#1321,#1322,#1323,#1324,#1325,#1326),
  .UNSPECIFIED.,.F.,.F.,(9,7,9),(1.570796326795,3.14159265359,
    4.712388980385),.UNSPECIFIED.);
#1311 = CARTESIAN_POINT('',(-3.14159265359,-25.));
#1312 = CARTESIAN_POINT('',(-2.94524311274,-25.36815538909));
#1313 = CARTESIAN_POINT('',(-2.748893571887,-25.73631086556));
#1314 = CARTESIAN_POINT('',(-2.552544031054,-26.08283736476));
#1315 = CARTESIAN_POINT('',(-2.356194490167,-26.38611015732));
#1316 = CARTESIAN_POINT('',(-2.159844949351,-26.62715883688));
#1317 = CARTESIAN_POINT('',(-1.96349540849,-26.79238604501));
#1318 = CARTESIAN_POINT('',(-1.767145867644,-26.875));
#1319 = CARTESIAN_POINT('',(-1.374446785946,-26.875));
#1320 = CARTESIAN_POINT('',(-1.178097245096,-26.79238604499));
#1321 = CARTESIAN_POINT('',(-0.981747704243,-26.62715883685));
#1322 = CARTESIAN_POINT('',(-0.785398163398,-26.38611015737));
#1323 = CARTESIAN_POINT('',(-0.589048622544,-26.08283736472));
#1324 = CARTESIAN_POINT('',(-0.392699081699,-25.73631086557));
#1325 = CARTESIAN_POINT('',(-0.196349540849,-25.36815538909));
#1326 = CARTESIAN_POINT('',(-4.736951571734E-16,-25.));
#1327 = ( GEOMETRIC_REPRESENTATION_CONTEXT(2) 
PARAMETRIC_REPRESENTATION_CONTEXT() REPRESENTATION_CONTEXT('2D SPACE',''
  ) );
#1328 = PCURVE('',#1219,#1329);
#1329 = DEFINITIONAL_REPRESENTATION('',(#1330),#1347);
#1330 = B_SPLINE_CURVE_WITH_KNOTS('',8,(#1331,#1332,#1333,#1334,#1335,
    #1336,#1337,#1338,#1339,#1340,#1341,#1342,#1343,#1344,#1345,#1346),
  .UNSPECIFIED.,.F.,.F.,(9,7,9),(1.570796326795,3.14159265359,
    4.712388980385),.UNSPECIFIED.);
#1331 = CARTESIAN_POINT('',(-4.712388980385,-15.));
#1332 = CARTESIAN_POINT('',(-4.516039439535,-14.6318446109));
#1333 = CARTESIAN_POINT('',(-4.319689898682,-14.26368913441));
#1334 = CARTESIAN_POINT('',(-4.123340357841,-13.91716263518));
#1335 = CARTESIAN_POINT('',(-3.926990816974,-13.61388984264));
#1336 = CARTESIAN_POINT('',(-3.730641276137,-13.37284116307));
#1337 = CARTESIAN_POINT('',(-3.534291735286,-13.20761395498));
#1338 = CARTESIAN_POINT('',(-3.337942194439,-13.125));
#1339 = CARTESIAN_POINT('',(-2.94524311274,-13.125));
#1340 = CARTESIAN_POINT('',(-2.748893571887,-13.20761395495));
#1341 = CARTESIAN_POINT('',(-2.552544031043,-13.37284116314));
#1342 = CARTESIAN_POINT('',(-2.356194490174,-13.61388984261));
#1343 = CARTESIAN_POINT('',(-2.159844949348,-13.91716263526));
#1344 = CARTESIAN_POINT('',(-1.96349540849,-14.26368913439));
#1345 = CARTESIAN_POINT('',(-1.767145867644,-14.6318446109));
#1346 = CARTESIAN_POINT('',(-1.570796326795,-15.));
#1347 = ( GEOMETRIC_REPRESENTATION_CONTEXT(2) 
PARAMETRIC_REPRESENTATION_CONTEXT() REPRESENTATION_CONTEXT('2D SPACE',''
  ) );
#1348 = ORIENTED_EDGE('',*,*,#1349,.T.);
#1349 = EDGE_CURVE('',#1300,#1350,#1352,.T.);
#1350 = VERTEX_POINT('',#1351);
#1351 = CARTESIAN_POINT('',(3.125,5.,6.875));
#1352 = SURFACE_CURVE('',#1353,(#1358,#1371),.PCURVE_S1.);
#1353 = ELLIPSE('',#1354,2.65165042945,1.875);
#1354 = AXIS2_PLACEMENT_3D('',#1355,#1356,#1357);
#1355 = CARTESIAN_POINT('',(5.,5.,5.));
#1356 = DIRECTION('',(0.707106781187,0.,0.707106781187));
#1357 = DIRECTION('',(0.707106781187,0.,-0.707106781187));
#1358 = PCURVE('',#196,#1359);
#1359 = DEFINITIONAL_REPRESENTATION('',(#1360),#1370);
#1360 = B_SPLINE_CURVE_WITH_KNOTS('',8,(#1361,#1362,#1363,#1364,#1365,
    #1366,#1367,#1368,#1369),.UNSPECIFIED.,.F.,.F.,(9,9),(1.570796007849
    ,3.14159265359),.PIECEWISE_BEZIER_KNOTS.);
#1361 = CARTESIAN_POINT('',(-1.570796645741,-24.99999940197));
#1362 = CARTESIAN_POINT('',(-1.374447065023,-25.36815486582));
#1363 = CARTESIAN_POINT('',(-1.178097484305,-25.73631044341));
#1364 = CARTESIAN_POINT('',(-0.981747903588,-26.08283705682));
#1365 = CARTESIAN_POINT('',(-0.785398322869,-26.38610996147));
#1366 = CARTESIAN_POINT('',(-0.589048742152,-26.62715873618));
#1367 = CARTESIAN_POINT('',(-0.392699161435,-26.79238601144));
#1368 = CARTESIAN_POINT('',(-0.196349580718,-26.875));
#1369 = CARTESIAN_POINT('',(0.,-26.875));
#1370 = ( GEOMETRIC_REPRESENTATION_CONTEXT(2) 
PARAMETRIC_REPRESENTATION_CONTEXT() REPRESENTATION_CONTEXT('2D SPACE',''
  ) );
#1371 = PCURVE('',#457,#1372);
#1372 = DEFINITIONAL_REPRESENTATION('',(#1373),#1383);
#1373 = B_SPLINE_CURVE_WITH_KNOTS('',8,(#1374,#1375,#1376,#1377,#1378,
    #1379,#1380,#1381,#1382),.UNSPECIFIED.,.F.,.F.,(9,9),(1.570796007849
    ,3.14159265359),.PIECEWISE_BEZIER_KNOTS.);
#1374 = CARTESIAN_POINT('',(-1.570796007849,-4.999999401977));
#1375 = CARTESIAN_POINT('',(-1.767145588567,-5.368154865822));
#1376 = CARTESIAN_POINT('',(-1.963495169282,-5.736310443428));
#1377 = CARTESIAN_POINT('',(-2.15984475001,-6.082837056874));
#1378 = CARTESIAN_POINT('',(-2.356194330701,-6.386109961535));
#1379 = CARTESIAN_POINT('',(-2.552543911444,-6.627158736235));
#1380 = CARTESIAN_POINT('',(-2.748893492152,-6.792386011475));
#1381 = CARTESIAN_POINT('',(-2.945243072872,-6.875));
#1382 = CARTESIAN_POINT('',(-3.14159265359,-6.875));
#1383 = ( GEOMETRIC_REPRESENTATION_CONTEXT(2) 
PARAMETRIC_REPRESENTATION_CONTEXT() REPRESENTATION_CONTEXT('2D SPACE',''
  ) );
#1384 = ORIENTED_EDGE('',*,*,#1385,.T.);
#1385 = EDGE_CURVE('',#1350,#176,#1386,.T.);
#1386 = SEAM_CURVE('',#1387,(#1391,#1398),.PCURVE_S1.);
#1387 = LINE('',#1388,#1389);
#1388 = CARTESIAN_POINT('',(30.,5.,6.875));
#1389 = VECTOR('',#1390,1.);
#1390 = DIRECTION('',(-1.,0.,1.110223024625E-16));
#1391 = PCURVE('',#196,#1392);
#1392 = DEFINITIONAL_REPRESENTATION('',(#1393),#1397);
#1393 = LINE('',#1394,#1395);
#1394 = CARTESIAN_POINT('',(-6.28318530718,0.));
#1395 = VECTOR('',#1396,1.);
#1396 = DIRECTION('',(-0.,-1.));
#1397 = ( GEOMETRIC_REPRESENTATION_CONTEXT(2) 
PARAMETRIC_REPRESENTATION_CONTEXT() REPRESENTATION_CONTEXT('2D SPACE',''
  ) );
#1398 = PCURVE('',#196,#1399);
#1399 = DEFINITIONAL_REPRESENTATION('',(#1400),#1404);
#1400 = LINE('',#1401,#1402);
#1401 = CARTESIAN_POINT('',(-0.,0.));
#1402 = VECTOR('',#1403,1.);
#1403 = DIRECTION('',(-0.,-1.));
#1404 = ( GEOMETRIC_REPRESENTATION_CONTEXT(2) 
PARAMETRIC_REPRESENTATION_CONTEXT() REPRESENTATION_CONTEXT('2D SPACE',''
  ) );
#1405 = ORIENTED_EDGE('',*,*,#175,.T.);
#1406 = ORIENTED_EDGE('',*,*,#1385,.F.);
#1407 = ORIENTED_EDGE('',*,*,#1408,.T.);
#1408 = EDGE_CURVE('',#1350,#1409,#1411,.T.);
#1409 = VERTEX_POINT('',#1410);
#1410 = CARTESIAN_POINT('',(3.674174785275,3.674174785275,6.325825214725
    ));
#1411 = SURFACE_CURVE('',#1412,(#1417,#1430),.PCURVE_S1.);
#1412 = ELLIPSE('',#1413,2.65165042945,1.875);
#1413 = AXIS2_PLACEMENT_3D('',#1414,#1415,#1416);
#1414 = CARTESIAN_POINT('',(5.,5.,5.));
#1415 = DIRECTION('',(0.707106781187,0.,0.707106781187));
#1416 = DIRECTION('',(0.707106781187,0.,-0.707106781187));
#1417 = PCURVE('',#196,#1418);
#1418 = DEFINITIONAL_REPRESENTATION('',(#1419),#1429);
#1419 = B_SPLINE_CURVE_WITH_KNOTS('',8,(#1420,#1421,#1422,#1423,#1424,
    #1425,#1426,#1427,#1428),.UNSPECIFIED.,.F.,.F.,(9,9),(3.14159265359,
    4.712388981439),.PIECEWISE_BEZIER_KNOTS.);
#1420 = CARTESIAN_POINT('',(-6.28318530718,-26.875));
#1421 = CARTESIAN_POINT('',(-6.086835766198,-26.875));
#1422 = CARTESIAN_POINT('',(-5.890486225218,-26.79238604491));
#1423 = CARTESIAN_POINT('',(-5.694136684238,-26.62715883649));
#1424 = CARTESIAN_POINT('',(-5.497787143258,-26.38611015662));
#1425 = CARTESIAN_POINT('',(-5.301437602275,-26.08283736374));
#1426 = CARTESIAN_POINT('',(-5.105088061294,-25.73631086419));
#1427 = CARTESIAN_POINT('',(-4.908738520312,-25.36815538736));
#1428 = CARTESIAN_POINT('',(-4.71238897933,-24.99999999802));
#1429 = ( GEOMETRIC_REPRESENTATION_CONTEXT(2) 
PARAMETRIC_REPRESENTATION_CONTEXT() REPRESENTATION_CONTEXT('2D SPACE',''
  ) );
#1430 = PCURVE('',#457,#1431);
#1431 = DEFINITIONAL_REPRESENTATION('',(#1432),#1442);
#1432 = B_SPLINE_CURVE_WITH_KNOTS('',8,(#1433,#1434,#1435,#1436,#1437,
    #1438,#1439,#1440,#1441),.UNSPECIFIED.,.F.,.F.,(9,9),(3.14159265359,
    4.712388981439),.PIECEWISE_BEZIER_KNOTS.);
#1433 = CARTESIAN_POINT('',(-3.14159265359,-6.875));
#1434 = CARTESIAN_POINT('',(-3.337942194571,-6.875));
#1435 = CARTESIAN_POINT('',(-3.534291735556,-6.792386044915));
#1436 = CARTESIAN_POINT('',(-3.730641276523,-6.627158836527));
#1437 = CARTESIAN_POINT('',(-3.926990817523,-6.386110156676));
#1438 = CARTESIAN_POINT('',(-4.123340358481,-6.082837363723));
#1439 = CARTESIAN_POINT('',(-4.319689899478,-5.736310864198));
#1440 = CARTESIAN_POINT('',(-4.516039440458,-5.368155387363));
#1441 = CARTESIAN_POINT('',(-4.712388981439,-4.999999998023));
#1442 = ( GEOMETRIC_REPRESENTATION_CONTEXT(2) 
PARAMETRIC_REPRESENTATION_CONTEXT() REPRESENTATION_CONTEXT('2D SPACE',''
  ) );
#1443 = ORIENTED_EDGE('',*,*,#1444,.T.);
#1444 = EDGE_CURVE('',#1409,#1248,#1445,.T.);
#1445 = SURFACE_CURVE('',#1446,(#1451,#1471),.PCURVE_S1.);
#1446 = ELLIPSE('',#1447,2.65165042945,1.875);
#1447 = AXIS2_PLACEMENT_3D('',#1448,#1449,#1450);
#1448 = CARTESIAN_POINT('',(5.,5.,5.));
#1449 = DIRECTION('',(0.707106781187,-0.707106781187,0.));
#1450 = DIRECTION('',(0.707106781187,0.707106781187,-1.570092458684E-16)
  );
#1451 = PCURVE('',#196,#1452);
#1452 = DEFINITIONAL_REPRESENTATION('',(#1453),#1470);
#1453 = B_SPLINE_CURVE_WITH_KNOTS('',8,(#1454,#1455,#1456,#1457,#1458,
    #1459,#1460,#1461,#1462,#1463,#1464,#1465,#1466,#1467,#1468,#1469),
  .UNSPECIFIED.,.F.,.F.,(9,7,9),(1.570796326795,3.14159265359,
    4.712388980385),.UNSPECIFIED.);
#1454 = CARTESIAN_POINT('',(-6.28318530718,-25.));
#1455 = CARTESIAN_POINT('',(-6.08683576633,-25.36815538909));
#1456 = CARTESIAN_POINT('',(-5.890486225481,-25.73631086556));
#1457 = CARTESIAN_POINT('',(-5.694136684631,-26.08283736476));
#1458 = CARTESIAN_POINT('',(-5.497787143784,-26.38611015732));
#1459 = CARTESIAN_POINT('',(-5.301437602933,-26.62715883688));
#1460 = CARTESIAN_POINT('',(-5.105088062083,-26.79238604501));
#1461 = CARTESIAN_POINT('',(-4.908738521234,-26.875));
#1462 = CARTESIAN_POINT('',(-4.516039439535,-26.875));
#1463 = CARTESIAN_POINT('',(-4.319689898691,-26.79238604499));
#1464 = CARTESIAN_POINT('',(-4.123340357829,-26.62715883685));
#1465 = CARTESIAN_POINT('',(-3.926990816995,-26.38611015737));
#1466 = CARTESIAN_POINT('',(-3.730641276135,-26.08283736472));
#1467 = CARTESIAN_POINT('',(-3.534291735292,-25.73631086557));
#1468 = CARTESIAN_POINT('',(-3.337942194439,-25.36815538909));
#1469 = CARTESIAN_POINT('',(-3.14159265359,-25.));
#1470 = ( GEOMETRIC_REPRESENTATION_CONTEXT(2) 
PARAMETRIC_REPRESENTATION_CONTEXT() REPRESENTATION_CONTEXT('2D SPACE',''
  ) );
#1471 = PCURVE('',#307,#1472);
#1472 = DEFINITIONAL_REPRESENTATION('',(#1473),#1490);
#1473 = B_SPLINE_CURVE_WITH_KNOTS('',8,(#1474,#1475,#1476,#1477,#1478,
    #1479,#1480,#1481,#1482,#1483,#1484,#1485,#1486,#1487,#1488,#1489),
  .UNSPECIFIED.,.F.,.F.,(9,7,9),(1.570796326795,3.14159265359,
    4.712388980385),.UNSPECIFIED.);
#1474 = CARTESIAN_POINT('',(-1.570796326795,-15.));
#1475 = CARTESIAN_POINT('',(-1.767145867644,-15.36815538909));
#1476 = CARTESIAN_POINT('',(-1.96349540849,-15.73631086558));
#1477 = CARTESIAN_POINT('',(-2.15984494935,-16.08283736476));
#1478 = CARTESIAN_POINT('',(-2.356194490178,-16.38611015729));
#1479 = CARTESIAN_POINT('',(-2.552544031045,-16.62715883684));
#1480 = CARTESIAN_POINT('',(-2.748893571887,-16.79238604501));
#1481 = CARTESIAN_POINT('',(-2.94524311274,-16.875));
#1482 = CARTESIAN_POINT('',(-3.337942194439,-16.875));
#1483 = CARTESIAN_POINT('',(-3.534291735289,-16.792386045));
#1484 = CARTESIAN_POINT('',(-3.730641276121,-16.62715883692));
#1485 = CARTESIAN_POINT('',(-3.926990817014,-16.38611015721));
#1486 = CARTESIAN_POINT('',(-4.123340357824,-16.08283736476));
#1487 = CARTESIAN_POINT('',(-4.319689898688,-15.73631086557));
#1488 = CARTESIAN_POINT('',(-4.516039439535,-15.36815538909));
#1489 = CARTESIAN_POINT('',(-4.712388980385,-15.));
#1490 = ( GEOMETRIC_REPRESENTATION_CONTEXT(2) 
PARAMETRIC_REPRESENTATION_CONTEXT() REPRESENTATION_CONTEXT('2D SPACE',''
  ) );
#1491 = ADVANCED_FACE('',(#1492,#1498,#1533),#272,.T.);
#1492 = FACE_BOUND('',#1493,.T.);
#1493 = EDGE_LOOP('',(#1494,#1495,#1496,#1497));
#1494 = ORIENTED_EDGE('',*,*,#258,.F.);
#1495 = ORIENTED_EDGE('',*,*,#629,.T.);
#1496 = ORIENTED_EDGE('',*,*,#865,.T.);
#1497 = ORIENTED_EDGE('',*,*,#394,.F.);
#1498 = FACE_BOUND('',#1499,.T.);
#1499 = EDGE_LOOP('',(#1500));
#1500 = ORIENTED_EDGE('',*,*,#1501,.T.);
#1501 = EDGE_CURVE('',#1502,#1502,#1504,.T.);
#1502 = VERTEX_POINT('',#1503);
#1503 = CARTESIAN_POINT('',(30.,15.,6.875));
#1504 = SURFACE_CURVE('',#1505,(#1510,#1521),.PCURVE_S1.);
#1505 = CIRCLE('',#1506,1.875);
#1506 = AXIS2_PLACEMENT_3D('',#1507,#1508,#1509);
#1507 = CARTESIAN_POINT('',(30.,15.,5.));
#1508 = DIRECTION('',(-1.,0.,1.110223024625E-16));
#1509 = DIRECTION('',(1.110223024625E-16,0.,1.));
#1510 = PCURVE('',#272,#1511);
#1511 = DEFINITIONAL_REPRESENTATION('',(#1512),#1520);
#1512 = ( BOUNDED_CURVE() B_SPLINE_CURVE(2,(#1513,#1514,#1515,#1516,
#1517,#1518,#1519),.UNSPECIFIED.,.T.,.F.) B_SPLINE_CURVE_WITH_KNOTS((1,2
    ,2,2,2,1),(-2.094395102393,0.,2.094395102393,4.188790204786,
6.28318530718,8.377580409573),.UNSPECIFIED.) CURVE() 
GEOMETRIC_REPRESENTATION_ITEM() RATIONAL_B_SPLINE_CURVE((1.,0.5,1.,0.5,
1.,0.5,1.)) REPRESENTATION_ITEM('') );
#1513 = CARTESIAN_POINT('',(6.875,-15.));
#1514 = CARTESIAN_POINT('',(6.875,-18.24759526419));
#1515 = CARTESIAN_POINT('',(4.0625,-16.62379763209));
#1516 = CARTESIAN_POINT('',(1.25,-15.));
#1517 = CARTESIAN_POINT('',(4.0625,-13.3762023679));
#1518 = CARTESIAN_POINT('',(6.875,-11.7524047358));
#1519 = CARTESIAN_POINT('',(6.875,-15.));
#1520 = ( GEOMETRIC_REPRESENTATION_CONTEXT(2) 
PARAMETRIC_REPRESENTATION_CONTEXT() REPRESENTATION_CONTEXT('2D SPACE',''
  ) );
#1521 = PCURVE('',#1522,#1527);
#1522 = CYLINDRICAL_SURFACE('',#1523,1.875);
#1523 = AXIS2_PLACEMENT_3D('',#1524,#1525,#1526);
#1524 = CARTESIAN_POINT('',(30.,15.,5.));
#1525 = DIRECTION('',(1.,-0.,-1.110223024625E-16));
#1526 = DIRECTION('',(1.110223024625E-16,0.,1.));
#1527 = DEFINITIONAL_REPRESENTATION('',(#1528),#1532);
#1528 = LINE('',#1529,#1530);
#1529 = CARTESIAN_POINT('',(-0.,0.));
#1530 = VECTOR('',#1531,1.);
#1531 = DIRECTION('',(-1.,0.));
#1532 = ( GEOMETRIC_REPRESENTATION_CONTEXT(2) 
PARAMETRIC_REPRESENTATION_CONTEXT() REPRESENTATION_CONTEXT('2D SPACE',''
  ) );
#1533 = FACE_BOUND('',#1534,.T.);
#1534 = EDGE_LOOP('',(#1535));
#1535 = ORIENTED_EDGE('',*,*,#1536,.T.);
#1536 = EDGE_CURVE('',#1537,#1537,#1539,.T.);
#1537 = VERTEX_POINT('',#1538);
#1538 = CARTESIAN_POINT('',(30.,5.,6.875));
#1539 = SURFACE_CURVE('',#1540,(#1545,#1556),.PCURVE_S1.);
#1540 = CIRCLE('',#1541,1.875);
#1541 = AXIS2_PLACEMENT_3D('',#1542,#1543,#1544);
#1542 = CARTESIAN_POINT('',(30.,5.,5.));
#1543 = DIRECTION('',(-1.,0.,1.110223024625E-16));
#1544 = DIRECTION('',(1.110223024625E-16,0.,1.));
#1545 = PCURVE('',#272,#1546);
#1546 = DEFINITIONAL_REPRESENTATION('',(#1547),#1555);
#1547 = ( BOUNDED_CURVE() B_SPLINE_CURVE(2,(#1548,#1549,#1550,#1551,
#1552,#1553,#1554),.UNSPECIFIED.,.T.,.F.) B_SPLINE_CURVE_WITH_KNOTS((1,2
    ,2,2,2,1),(-2.094395102393,0.,2.094395102393,4.188790204786,
6.28318530718,8.377580409573),.UNSPECIFIED.) CURVE() 
GEOMETRIC_REPRESENTATION_ITEM() RATIONAL_B_SPLINE_CURVE((1.,0.5,1.,0.5,
1.,0.5,1.)) REPRESENTATION_ITEM('') );
#1548 = CARTESIAN_POINT('',(6.875,-5.));
#1549 = CARTESIAN_POINT('',(6.875,-8.247595264192));
#1550 = CARTESIAN_POINT('',(4.0625,-6.623797632096));
#1551 = CARTESIAN_POINT('',(1.25,-5.));
#1552 = CARTESIAN_POINT('',(4.0625,-3.376202367904));
#1553 = CARTESIAN_POINT('',(6.875,-1.752404735808));
#1554 = CARTESIAN_POINT('',(6.875,-5.));
#1555 = ( GEOMETRIC_REPRESENTATION_CONTEXT(2) 
PARAMETRIC_REPRESENTATION_CONTEXT() REPRESENTATION_CONTEXT('2D SPACE',''
  ) );
#1556 = PCURVE('',#1557,#1562);
#1557 = CYLINDRICAL_SURFACE('',#1558,1.875);
#1558 = AXIS2_PLACEMENT_3D('',#1559,#1560,#1561);
#1559 = CARTESIAN_POINT('',(30.,5.,5.));
#1560 = DIRECTION('',(1.,-0.,-1.110223024625E-16));
#1561 = DIRECTION('',(1.110223024625E-16,0.,1.));
#1562 = DEFINITIONAL_REPRESENTATION('',(#1563),#1567);
#1563 = LINE('',#1564,#1565);
#1564 = CARTESIAN_POINT('',(-0.,0.));
#1565 = VECTOR('',#1566,1.);
#1566 = DIRECTION('',(-1.,0.));
#1567 = ( GEOMETRIC_REPRESENTATION_CONTEXT(2) 
PARAMETRIC_REPRESENTATION_CONTEXT() REPRESENTATION_CONTEXT('2D SPACE',''
  ) );
#1568 = ADVANCED_FACE('',(#1569),#307,.F.);
#1569 = FACE_BOUND('',#1570,.T.);
#1570 = EDGE_LOOP('',(#1571,#1621,#1662,#1683,#1684,#1685,#1721,#1769));
#1571 = ORIENTED_EDGE('',*,*,#1572,.T.);
#1572 = EDGE_CURVE('',#1409,#1573,#1575,.T.);
#1573 = VERTEX_POINT('',#1574);
#1574 = CARTESIAN_POINT('',(6.325825214725,3.674174785275,6.325825214725
    ));
#1575 = SURFACE_CURVE('',#1576,(#1581,#1601),.PCURVE_S1.);
#1576 = ELLIPSE('',#1577,2.65165042945,1.875);
#1577 = AXIS2_PLACEMENT_3D('',#1578,#1579,#1580);
#1578 = CARTESIAN_POINT('',(5.,5.,5.));
#1579 = DIRECTION('',(0.,0.707106781187,0.707106781187));
#1580 = DIRECTION('',(-0.,0.707106781187,-0.707106781187));
#1581 = PCURVE('',#307,#1582);
#1582 = DEFINITIONAL_REPRESENTATION('',(#1583),#1600);
#1583 = B_SPLINE_CURVE_WITH_KNOTS('',8,(#1584,#1585,#1586,#1587,#1588,
    #1589,#1590,#1591,#1592,#1593,#1594,#1595,#1596,#1597,#1598,#1599),
  .UNSPECIFIED.,.F.,.F.,(9,7,9),(1.570796007849,3.141592494117,
    4.712388980385),.UNSPECIFIED.);
#1584 = CARTESIAN_POINT('',(-3.141592972536,-14.99999940197));
#1585 = CARTESIAN_POINT('',(-2.945243411752,-15.36815482844));
#1586 = CARTESIAN_POINT('',(-2.748893850966,-15.73631036867));
#1587 = CARTESIAN_POINT('',(-2.552544290178,-16.08283695131));
#1588 = CARTESIAN_POINT('',(-2.356194729407,-16.3861098384));
#1589 = CARTESIAN_POINT('',(-2.159845168616,-16.62715861386));
#1590 = CARTESIAN_POINT('',(-1.963495607833,-16.79238591082));
#1591 = CARTESIAN_POINT('',(-1.767146047051,-16.87499994128));
#1592 = CARTESIAN_POINT('',(-1.374446925484,-16.87500005871));
#1593 = CARTESIAN_POINT('',(-1.178097364701,-16.79238614566));
#1594 = CARTESIAN_POINT('',(-0.981747803912,-16.62715895925));
#1595 = CARTESIAN_POINT('',(-0.785398243136,-16.3861102805));
#1596 = CARTESIAN_POINT('',(-0.589048682347,-16.08283747029));
#1597 = CARTESIAN_POINT('',(-0.392699121567,-15.73631094034));
#1598 = CARTESIAN_POINT('',(-0.196349560783,-15.36815542646));
#1599 = CARTESIAN_POINT('',(8.881784197001E-16,-15.));
#1600 = ( GEOMETRIC_REPRESENTATION_CONTEXT(2) 
PARAMETRIC_REPRESENTATION_CONTEXT() REPRESENTATION_CONTEXT('2D SPACE',''
  ) );
#1601 = PCURVE('',#457,#1602);
#1602 = DEFINITIONAL_REPRESENTATION('',(#1603),#1620);
#1603 = B_SPLINE_CURVE_WITH_KNOTS('',8,(#1604,#1605,#1606,#1607,#1608,
    #1609,#1610,#1611,#1612,#1613,#1614,#1615,#1616,#1617,#1618,#1619),
  .UNSPECIFIED.,.F.,.F.,(9,7,9),(1.570796007849,3.141592494117,
    4.712388980385),.UNSPECIFIED.);
#1604 = CARTESIAN_POINT('',(-3.141592334644,-4.999999401977));
#1605 = CARTESIAN_POINT('',(-3.337941895428,-5.368154828446));
#1606 = CARTESIAN_POINT('',(-3.534291456209,-5.736310368674));
#1607 = CARTESIAN_POINT('',(-3.73064101701,-6.082836951307));
#1608 = CARTESIAN_POINT('',(-3.926990577761,-6.386109838408));
#1609 = CARTESIAN_POINT('',(-4.123340138575,-6.627158613861));
#1610 = CARTESIAN_POINT('',(-4.319689699343,-6.79238591083));
#1611 = CARTESIAN_POINT('',(-4.516039260128,-6.874999941289));
#1612 = CARTESIAN_POINT('',(-4.908738381695,-6.875000058711));
#1613 = CARTESIAN_POINT('',(-5.105087942479,-6.792386145675));
#1614 = CARTESIAN_POINT('',(-5.301437503262,-6.627158959222));
#1615 = CARTESIAN_POINT('',(-5.497787064048,-6.386110280495));
#1616 = CARTESIAN_POINT('',(-5.694136624831,-6.082837470312));
#1617 = CARTESIAN_POINT('',(-5.890486185613,-5.736310940351));
#1618 = CARTESIAN_POINT('',(-6.086835746396,-5.368155426469));
#1619 = CARTESIAN_POINT('',(-6.28318530718,-5.));
#1620 = ( GEOMETRIC_REPRESENTATION_CONTEXT(2) 
PARAMETRIC_REPRESENTATION_CONTEXT() REPRESENTATION_CONTEXT('2D SPACE',''
  ) );
#1621 = ORIENTED_EDGE('',*,*,#1622,.T.);
#1622 = EDGE_CURVE('',#1573,#1623,#1625,.T.);
#1623 = VERTEX_POINT('',#1624);
#1624 = CARTESIAN_POINT('',(6.875,3.125,5.));
#1625 = SURFACE_CURVE('',#1626,(#1631,#1644),.PCURVE_S1.);
#1626 = ELLIPSE('',#1627,2.65165042945,1.875);
#1627 = AXIS2_PLACEMENT_3D('',#1628,#1629,#1630);
#1628 = CARTESIAN_POINT('',(5.,5.,5.));
#1629 = DIRECTION('',(0.707106781187,0.707106781187,-1.570092458684E-16)
  );
#1630 = DIRECTION('',(0.707106781187,-0.707106781187,0.));
#1631 = PCURVE('',#307,#1632);
#1632 = DEFINITIONAL_REPRESENTATION('',(#1633),#1643);
#1633 = B_SPLINE_CURVE_WITH_KNOTS('',8,(#1634,#1635,#1636,#1637,#1638,
    #1639,#1640,#1641,#1642),.UNSPECIFIED.,.F.,.F.,(9,9),(4.712388980385
    ,6.28318530718),.PIECEWISE_BEZIER_KNOTS.);
#1634 = CARTESIAN_POINT('',(-1.570796326795,-15.));
#1635 = CARTESIAN_POINT('',(-1.374446785946,-15.36815538909));
#1636 = CARTESIAN_POINT('',(-1.178097245095,-15.73631086558));
#1637 = CARTESIAN_POINT('',(-0.981747704249,-16.08283736476));
#1638 = CARTESIAN_POINT('',(-0.785398163393,-16.38611015729));
#1639 = CARTESIAN_POINT('',(-0.589048622548,-16.62715883687));
#1640 = CARTESIAN_POINT('',(-0.392699081698,-16.79238604501));
#1641 = CARTESIAN_POINT('',(-0.196349540849,-16.875));
#1642 = CARTESIAN_POINT('',(8.881784197001E-16,-16.875));
#1643 = ( GEOMETRIC_REPRESENTATION_CONTEXT(2) 
PARAMETRIC_REPRESENTATION_CONTEXT() REPRESENTATION_CONTEXT('2D SPACE',''
  ) );
#1644 = PCURVE('',#1645,#1650);
#1645 = CYLINDRICAL_SURFACE('',#1646,1.875);
#1646 = AXIS2_PLACEMENT_3D('',#1647,#1648,#1649);
#1647 = CARTESIAN_POINT('',(30.,5.,5.));
#1648 = DIRECTION('',(1.,-0.,-1.110223024625E-16));
#1649 = DIRECTION('',(1.110223024625E-16,0.,1.));
#1650 = DEFINITIONAL_REPRESENTATION('',(#1651),#1661);
#1651 = B_SPLINE_CURVE_WITH_KNOTS('',8,(#1652,#1653,#1654,#1655,#1656,
    #1657,#1658,#1659,#1660),.UNSPECIFIED.,.F.,.F.,(9,9),(4.712388980385
    ,6.28318530718),.PIECEWISE_BEZIER_KNOTS.);
#1652 = CARTESIAN_POINT('',(-6.28318530718,-25.));
#1653 = CARTESIAN_POINT('',(-6.08683576633,-24.6318446109));
#1654 = CARTESIAN_POINT('',(-5.890486225481,-24.2636891344));
#1655 = CARTESIAN_POINT('',(-5.694136684632,-23.91716263514));
#1656 = CARTESIAN_POINT('',(-5.497787143783,-23.61388984274));
#1657 = CARTESIAN_POINT('',(-5.301437602934,-23.37284116307));
#1658 = CARTESIAN_POINT('',(-5.105088062083,-23.20761395497));
#1659 = CARTESIAN_POINT('',(-4.908738521234,-23.125));
#1660 = CARTESIAN_POINT('',(-4.712388980385,-23.125));
#1661 = ( GEOMETRIC_REPRESENTATION_CONTEXT(2) 
PARAMETRIC_REPRESENTATION_CONTEXT() REPRESENTATION_CONTEXT('2D SPACE',''
  ) );
#1662 = ORIENTED_EDGE('',*,*,#1663,.T.);
#1663 = EDGE_CURVE('',#1623,#287,#1664,.T.);
#1664 = SEAM_CURVE('',#1665,(#1669,#1676),.PCURVE_S1.);
#1665 = LINE('',#1666,#1667);
#1666 = CARTESIAN_POINT('',(6.875,20.,5.));
#1667 = VECTOR('',#1668,1.);
#1668 = DIRECTION('',(0.,-1.,1.110223024625E-16));
#1669 = PCURVE('',#307,#1670);
#1670 = DEFINITIONAL_REPRESENTATION('',(#1671),#1675);
#1671 = LINE('',#1672,#1673);
#1672 = CARTESIAN_POINT('',(-6.28318530718,0.));
#1673 = VECTOR('',#1674,1.);
#1674 = DIRECTION('',(-0.,-1.));
#1675 = ( GEOMETRIC_REPRESENTATION_CONTEXT(2) 
PARAMETRIC_REPRESENTATION_CONTEXT() REPRESENTATION_CONTEXT('2D SPACE',''
  ) );
#1676 = PCURVE('',#307,#1677);
#1677 = DEFINITIONAL_REPRESENTATION('',(#1678),#1682);
#1678 = LINE('',#1679,#1680);
#1679 = CARTESIAN_POINT('',(-0.,0.));
#1680 = VECTOR('',#1681,1.);
#1681 = DIRECTION('',(-0.,-1.));
#1682 = ( GEOMETRIC_REPRESENTATION_CONTEXT(2) 
PARAMETRIC_REPRESENTATION_CONTEXT() REPRESENTATION_CONTEXT('2D SPACE',''
  ) );
#1683 = ORIENTED_EDGE('',*,*,#286,.T.);
#1684 = ORIENTED_EDGE('',*,*,#1663,.F.);
#1685 = ORIENTED_EDGE('',*,*,#1686,.T.);
#1686 = EDGE_CURVE('',#1623,#1687,#1689,.T.);
#1687 = VERTEX_POINT('',#1688);
#1688 = CARTESIAN_POINT('',(6.325825214725,3.674174785275,3.674174785275
    ));
#1689 = SURFACE_CURVE('',#1690,(#1695,#1708),.PCURVE_S1.);
#1690 = ELLIPSE('',#1691,2.65165042945,1.875);
#1691 = AXIS2_PLACEMENT_3D('',#1692,#1693,#1694);
#1692 = CARTESIAN_POINT('',(5.,5.,5.));
#1693 = DIRECTION('',(0.707106781187,0.707106781187,-1.570092458684E-16)
  );
#1694 = DIRECTION('',(0.707106781187,-0.707106781187,0.));
#1695 = PCURVE('',#307,#1696);
#1696 = DEFINITIONAL_REPRESENTATION('',(#1697),#1707);
#1697 = B_SPLINE_CURVE_WITH_KNOTS('',8,(#1698,#1699,#1700,#1701,#1702,
    #1703,#1704,#1705,#1706),.UNSPECIFIED.,.F.,.F.,(9,9),(0.,
    1.570796326795),.PIECEWISE_BEZIER_KNOTS.);
#1698 = CARTESIAN_POINT('',(-6.28318530718,-16.875));
#1699 = CARTESIAN_POINT('',(-6.08683576633,-16.875));
#1700 = CARTESIAN_POINT('',(-5.890486225474,-16.792386045));
#1701 = CARTESIAN_POINT('',(-5.694136684644,-16.62715883693));
#1702 = CARTESIAN_POINT('',(-5.49778714374,-16.38611015721));
#1703 = CARTESIAN_POINT('',(-5.301437602946,-16.08283736477));
#1704 = CARTESIAN_POINT('',(-5.105088062079,-15.73631086557));
#1705 = CARTESIAN_POINT('',(-4.908738521234,-15.36815538909));
#1706 = CARTESIAN_POINT('',(-4.712388980385,-15.));
#1707 = ( GEOMETRIC_REPRESENTATION_CONTEXT(2) 
PARAMETRIC_REPRESENTATION_CONTEXT() REPRESENTATION_CONTEXT('2D SPACE',''
  ) );
#1708 = PCURVE('',#1645,#1709);
#1709 = DEFINITIONAL_REPRESENTATION('',(#1710),#1720);
#1710 = B_SPLINE_CURVE_WITH_KNOTS('',8,(#1711,#1712,#1713,#1714,#1715,
    #1716,#1717,#1718,#1719),.UNSPECIFIED.,.F.,.F.,(9,9),(0.,
    1.570796326795),.PIECEWISE_BEZIER_KNOTS.);
#1711 = CARTESIAN_POINT('',(-4.712388980385,-23.125));
#1712 = CARTESIAN_POINT('',(-4.516039439535,-23.125));
#1713 = CARTESIAN_POINT('',(-4.319689898681,-23.20761395497));
#1714 = CARTESIAN_POINT('',(-4.123340357844,-23.37284116314));
#1715 = CARTESIAN_POINT('',(-3.926990816952,-23.61388984267));
#1716 = CARTESIAN_POINT('',(-3.73064127615,-23.91716263521));
#1717 = CARTESIAN_POINT('',(-3.534291735283,-24.26368913439));
#1718 = CARTESIAN_POINT('',(-3.337942194439,-24.6318446109));
#1719 = CARTESIAN_POINT('',(-3.14159265359,-25.));
#1720 = ( GEOMETRIC_REPRESENTATION_CONTEXT(2) 
PARAMETRIC_REPRESENTATION_CONTEXT() REPRESENTATION_CONTEXT('2D SPACE',''
  ) );
#1721 = ORIENTED_EDGE('',*,*,#1722,.T.);
#1722 = EDGE_CURVE('',#1687,#1248,#1723,.T.);
#1723 = SURFACE_CURVE('',#1724,(#1729,#1749),.PCURVE_S1.);
#1724 = ELLIPSE('',#1725,2.65165042945,1.875);
#1725 = AXIS2_PLACEMENT_3D('',#1726,#1727,#1728);
#1726 = CARTESIAN_POINT('',(5.,5.,5.));
#1727 = DIRECTION('',(-0.,0.707106781187,-0.707106781187));
#1728 = DIRECTION('',(0.,0.707106781187,0.707106781187));
#1729 = PCURVE('',#307,#1730);
#1730 = DEFINITIONAL_REPRESENTATION('',(#1731),#1748);
#1731 = B_SPLINE_CURVE_WITH_KNOTS('',8,(#1732,#1733,#1734,#1735,#1736,
    #1737,#1738,#1739,#1740,#1741,#1742,#1743,#1744,#1745,#1746,#1747),
  .UNSPECIFIED.,.F.,.F.,(9,7,9),(1.570796007849,3.141592494644,
    4.712388981439),.UNSPECIFIED.);
#1732 = CARTESIAN_POINT('',(-6.283185626125,-14.99999940197));
#1733 = CARTESIAN_POINT('',(-6.086836065276,-15.36815482856));
#1734 = CARTESIAN_POINT('',(-5.890486504427,-15.73631036891));
#1735 = CARTESIAN_POINT('',(-5.694136943578,-16.0828369517));
#1736 = CARTESIAN_POINT('',(-5.497787382726,-16.38610983875));
#1737 = CARTESIAN_POINT('',(-5.30143782188,-16.62715861429));
#1738 = CARTESIAN_POINT('',(-5.105088261029,-16.79238591115));
#1739 = CARTESIAN_POINT('',(-4.90873870018,-16.87499994148));
#1740 = CARTESIAN_POINT('',(-4.516039578481,-16.87500005851));
#1741 = CARTESIAN_POINT('',(-4.319690017632,-16.7923861452));
#1742 = CARTESIAN_POINT('',(-4.123340456788,-16.62715895857));
#1743 = CARTESIAN_POINT('',(-3.926990895933,-16.38611027941));
#1744 = CARTESIAN_POINT('',(-3.730641335088,-16.082837469));
#1745 = CARTESIAN_POINT('',(-3.534291774234,-15.73631093869));
#1746 = CARTESIAN_POINT('',(-3.337942213385,-15.36815542461));
#1747 = CARTESIAN_POINT('',(-3.141592652536,-14.99999999802));
#1748 = ( GEOMETRIC_REPRESENTATION_CONTEXT(2) 
PARAMETRIC_REPRESENTATION_CONTEXT() REPRESENTATION_CONTEXT('2D SPACE',''
  ) );
#1749 = PCURVE('',#692,#1750);
#1750 = DEFINITIONAL_REPRESENTATION('',(#1751),#1768);
#1751 = B_SPLINE_CURVE_WITH_KNOTS('',8,(#1752,#1753,#1754,#1755,#1756,
    #1757,#1758,#1759,#1760,#1761,#1762,#1763,#1764,#1765,#1766,#1767),
  .UNSPECIFIED.,.F.,.F.,(9,7,9),(1.570796007849,3.141592494644,
    4.712388981439),.UNSPECIFIED.);
#1752 = CARTESIAN_POINT('',(-6.283185626125,-5.000000598023));
#1753 = CARTESIAN_POINT('',(-6.086836065276,-4.631845171431));
#1754 = CARTESIAN_POINT('',(-5.890486504426,-4.263689631075));
#1755 = CARTESIAN_POINT('',(-5.694136943578,-3.917163048312));
#1756 = CARTESIAN_POINT('',(-5.497787382731,-3.613890161199));
#1757 = CARTESIAN_POINT('',(-5.301437821879,-3.372841385708));
#1758 = CARTESIAN_POINT('',(-5.105088261029,-3.207614088835));
#1759 = CARTESIAN_POINT('',(-4.90873870018,-3.125000058517));
#1760 = CARTESIAN_POINT('',(-4.516039578481,-3.124999941483));
#1761 = CARTESIAN_POINT('',(-4.319690017634,-3.207613854769));
#1762 = CARTESIAN_POINT('',(-4.123340456779,-3.372841041495));
#1763 = CARTESIAN_POINT('',(-3.926990895937,-3.613889720546));
#1764 = CARTESIAN_POINT('',(-3.730641335075,-3.917162531061));
#1765 = CARTESIAN_POINT('',(-3.534291774237,-4.263689061291));
#1766 = CARTESIAN_POINT('',(-3.337942213385,-4.631844575384));
#1767 = CARTESIAN_POINT('',(-3.141592652536,-5.000000001977));
#1768 = ( GEOMETRIC_REPRESENTATION_CONTEXT(2) 
PARAMETRIC_REPRESENTATION_CONTEXT() REPRESENTATION_CONTEXT('2D SPACE',''
  ) );
#1769 = ORIENTED_EDGE('',*,*,#1444,.F.);
#1770 = ADVANCED_FACE('',(#1771),#342,.F.);
#1771 = FACE_BOUND('',#1772,.T.);
#1772 = EDGE_LOOP('',(#1773,#1825,#1989,#2030,#2051,#2052,#2053,#2089));
#1773 = ORIENTED_EDGE('',*,*,#1774,.F.);
#1774 = EDGE_CURVE('',#1775,#1777,#1779,.T.);
#1775 = VERTEX_POINT('',#1776);
#1776 = CARTESIAN_POINT('',(13.497398089979,3.497398089979,
    6.121522402808));
#1777 = VERTEX_POINT('',#1778);
#1778 = CARTESIAN_POINT('',(13.497398089979,3.497398089979,
    3.878477597192));
#1779 = SURFACE_CURVE('',#1780,(#1785,#1805),.PCURVE_S1.);
#1780 = ELLIPSE('',#1781,2.65165042945,1.875);
#1781 = AXIS2_PLACEMENT_3D('',#1782,#1783,#1784);
#1782 = CARTESIAN_POINT('',(15.,5.,5.));
#1783 = DIRECTION('',(0.707106781187,-0.707106781187,0.));
#1784 = DIRECTION('',(0.707106781187,0.707106781187,-1.570092458684E-16)
  );
#1785 = PCURVE('',#342,#1786);
#1786 = DEFINITIONAL_REPRESENTATION('',(#1787),#1804);
#1787 = B_SPLINE_CURVE_WITH_KNOTS('',8,(#1788,#1789,#1790,#1791,#1792,
    #1793,#1794,#1795,#1796,#1797,#1798,#1799,#1800,#1801,#1802,#1803),
  .UNSPECIFIED.,.F.,.F.,(9,7,9),(1.570796326795,3.14159265359,
    4.712388980385),.UNSPECIFIED.);
#1788 = CARTESIAN_POINT('',(-1.570796326795,-15.));
#1789 = CARTESIAN_POINT('',(-1.767145867644,-15.36815538909));
#1790 = CARTESIAN_POINT('',(-1.963495408491,-15.73631086558));
#1791 = CARTESIAN_POINT('',(-2.159844949343,-16.08283736476));
#1792 = CARTESIAN_POINT('',(-2.356194490192,-16.38611015729));
#1793 = CARTESIAN_POINT('',(-2.552544031038,-16.62715883684));
#1794 = CARTESIAN_POINT('',(-2.748893571889,-16.79238604501));
#1795 = CARTESIAN_POINT('',(-2.94524311274,-16.875));
#1796 = CARTESIAN_POINT('',(-3.337942194439,-16.875));
#1797 = CARTESIAN_POINT('',(-3.534291735289,-16.792386045));
#1798 = CARTESIAN_POINT('',(-3.730641276121,-16.62715883692));
#1799 = CARTESIAN_POINT('',(-3.926990817014,-16.38611015721));
#1800 = CARTESIAN_POINT('',(-4.123340357824,-16.08283736476));
#1801 = CARTESIAN_POINT('',(-4.319689898688,-15.73631086557));
#1802 = CARTESIAN_POINT('',(-4.516039439535,-15.36815538909));
#1803 = CARTESIAN_POINT('',(-4.712388980385,-15.));
#1804 = ( GEOMETRIC_REPRESENTATION_CONTEXT(2) 
PARAMETRIC_REPRESENTATION_CONTEXT() REPRESENTATION_CONTEXT('2D SPACE',''
  ) );
#1805 = PCURVE('',#1645,#1806);
#1806 = DEFINITIONAL_REPRESENTATION('',(#1807),#1824);
#1807 = B_SPLINE_CURVE_WITH_KNOTS('',8,(#1808,#1809,#1810,#1811,#1812,
    #1813,#1814,#1815,#1816,#1817,#1818,#1819,#1820,#1821,#1822,#1823),
  .UNSPECIFIED.,.F.,.F.,(9,7,9),(1.570796326795,3.14159265359,
    4.712388980385),.UNSPECIFIED.);
#1808 = CARTESIAN_POINT('',(-6.28318530718,-15.));
#1809 = CARTESIAN_POINT('',(-6.08683576633,-15.36815538909));
#1810 = CARTESIAN_POINT('',(-5.890486225481,-15.73631086559));
#1811 = CARTESIAN_POINT('',(-5.69413668463,-16.0828373647));
#1812 = CARTESIAN_POINT('',(-5.497787143788,-16.38611015735));
#1813 = CARTESIAN_POINT('',(-5.30143760293,-16.62715883685));
#1814 = CARTESIAN_POINT('',(-5.105088062083,-16.79238604502));
#1815 = CARTESIAN_POINT('',(-4.908738521234,-16.875));
#1816 = CARTESIAN_POINT('',(-4.516039439535,-16.875));
#1817 = CARTESIAN_POINT('',(-4.31968989869,-16.792386045));
#1818 = CARTESIAN_POINT('',(-4.123340357835,-16.62715883692));
#1819 = CARTESIAN_POINT('',(-3.926990816998,-16.38611015721));
#1820 = CARTESIAN_POINT('',(-3.730641276135,-16.08283736476));
#1821 = CARTESIAN_POINT('',(-3.534291735291,-15.73631086557));
#1822 = CARTESIAN_POINT('',(-3.337942194439,-15.36815538909));
#1823 = CARTESIAN_POINT('',(-3.14159265359,-15.));
#1824 = ( GEOMETRIC_REPRESENTATION_CONTEXT(2) 
PARAMETRIC_REPRESENTATION_CONTEXT() REPRESENTATION_CONTEXT('2D SPACE',''
  ) );
#1825 = ORIENTED_EDGE('',*,*,#1826,.F.);
#1826 = EDGE_CURVE('',#1827,#1775,#1829,.T.);
#1827 = VERTEX_POINT('',#1828);
#1828 = CARTESIAN_POINT('',(16.502601910021,3.497398089979,
    6.121522402808));
#1829 = SURFACE_CURVE('',#1830,(#1881,#1935),.PCURVE_S1.);
#1830 = B_SPLINE_CURVE_WITH_KNOTS('',7,(#1831,#1832,#1833,#1834,#1835,
    #1836,#1837,#1838,#1839,#1840,#1841,#1842,#1843,#1844,#1845,#1846,
    #1847,#1848,#1849,#1850,#1851,#1852,#1853,#1854,#1855,#1856,#1857,
    #1858,#1859,#1860,#1861,#1862,#1863,#1864,#1865,#1866,#1867,#1868,
    #1869,#1870,#1871,#1872,#1873,#1874,#1875,#1876,#1877,#1878,#1879,
    #1880),.UNSPECIFIED.,.F.,.F.,(8,6,6,6,6,6,6,6,8),(0.,
    5.62249162155E-02,0.327891378712,0.393756653712,0.499997325396,
    0.608052197831,0.671864931875,0.942689775845,1.),.UNSPECIFIED.);
#1831 = CARTESIAN_POINT('',(16.660666761165,3.674175385519,5.87052335314
    ));
#1832 = CARTESIAN_POINT('',(16.647521029254,3.657709648048,
    5.895601003219));
#1833 = CARTESIAN_POINT('',(16.633941746455,3.641091662843,
    5.920431377659));
#1834 = CARTESIAN_POINT('',(16.619927384614,3.624345138996,
    5.945019603449));
#1835 = CARTESIAN_POINT('',(16.605475556433,3.607492202093,
    5.969369732131));
#1836 = CARTESIAN_POINT('',(16.590583015466,3.590553394213,
    5.993484739802));
#1837 = CARTESIAN_POINT('',(16.575245656122,3.57354767393,6.017366527111
    ));
#1838 = CARTESIAN_POINT('',(16.483178504133,3.474085152486,6.15528459478
    ));
#1839 = CARTESIAN_POINT('',(16.396546570914,3.390685876736,
    6.263907598814));
#1840 = CARTESIAN_POINT('',(16.298866315318,3.308076458657,
    6.367335400651));
#1841 = CARTESIAN_POINT('',(16.189083732689,3.227675418231,
    6.465055470873));
#1842 = CARTESIAN_POINT('',(16.066051390234,3.1513989202,6.555785599906)
  );
#1843 = CARTESIAN_POINT('',(15.92880224888,3.081767336819,6.637327132347
    ));
#1844 = CARTESIAN_POINT('',(15.739958807605,3.007601098505,
    6.723289095619));
#1845 = CARTESIAN_POINT('',(15.702243845158,2.993713444889,
    6.739336257414));
#1846 = CARTESIAN_POINT('',(15.663682262814,2.980467542026,
    6.754599723103));
#1847 = CARTESIAN_POINT('',(15.624294141416,2.967919150853,
    6.769023829704));
#1848 = CARTESIAN_POINT('',(15.584101835352,2.956123041783,
    6.782553661828));
#1849 = CARTESIAN_POINT('',(15.543129972555,2.945132994706,
    6.795135051681));
#1850 = CARTESIAN_POINT('',(15.434103817594,2.918660182887,
    6.825392353756));
#1851 = CARTESIAN_POINT('',(15.364731966258,2.904525752728,
    6.841494424775));
#1852 = CARTESIAN_POINT('',(15.293652024769,2.89289674403,6.854708527177
    ));
#1853 = CARTESIAN_POINT('',(15.221243356443,2.884003593891,
    6.864796032898));
#1854 = CARTESIAN_POINT('',(15.147897934628,2.878007670057,6.87159112968
    ));
#1855 = CARTESIAN_POINT('',(15.07401571369,2.875,6.875));
#1856 = CARTESIAN_POINT('',(14.924720369571,2.875,6.875));
#1857 = CARTESIAN_POINT('',(14.849586494176,2.878111269174,
    6.871473703557));
#1858 = CARTESIAN_POINT('',(14.775018719718,2.884312228968,
    6.864446261626));
#1859 = CARTESIAN_POINT('',(14.70143362073,2.893505694405,6.854017800856
    ));
#1860 = CARTESIAN_POINT('',(14.62923907802,2.905520259098,6.840364329809
    ));
#1861 = CARTESIAN_POINT('',(14.558829356306,2.920111680276,
    6.823738645183));
#1862 = CARTESIAN_POINT('',(14.450275045045,2.94691670189,6.793092705067
    ));
#1863 = CARTESIAN_POINT('',(14.410681037175,2.95766825973,6.780780939454
    ));
#1864 = CARTESIAN_POINT('',(14.371822000995,2.969170820684,
    6.767584601037));
#1865 = CARTESIAN_POINT('',(14.333719780571,2.981375452028,
    6.753552946265));
#1866 = CARTESIAN_POINT('',(14.296394221299,2.994232404937,
    6.738735828187));
#1867 = CARTESIAN_POINT('',(14.259863169902,3.007691114489,
    6.723183696456));
#1868 = CARTESIAN_POINT('',(14.072541827283,3.081155547608,
    6.638040676484));
#1869 = CARTESIAN_POINT('',(13.935594068022,3.150502778601,
    6.556841201579));
#1870 = CARTESIAN_POINT('',(13.812781173126,3.226476369862,
    6.466489129717));
#1871 = CARTESIAN_POINT('',(13.703147889904,3.306573585507,6.3691696986)
  );
#1872 = CARTESIAN_POINT('',(13.605558401683,3.388890078797,
    6.266162761702));
#1873 = CARTESIAN_POINT('',(13.518965710208,3.472015575875,
    6.157985340107));
#1874 = CARTESIAN_POINT('',(13.426527519165,3.57158394773,6.020122429865
    ));
#1875 = CARTESIAN_POINT('',(13.410851986478,3.588922956373,
    5.995804867905));
#1876 = CARTESIAN_POINT('',(13.395638777116,3.60619376872,5.971245094885
    ));
#1877 = CARTESIAN_POINT('',(13.380882904663,3.623377209563,
    5.946440139385));
#1878 = CARTESIAN_POINT('',(13.366581056261,3.640451803901,
    5.921386987855));
#1879 = CARTESIAN_POINT('',(13.352731374422,3.657393498845,
    5.896082504828));
#1880 = CARTESIAN_POINT('',(13.339333238835,3.674175385519,5.87052335314
    ));
#1881 = PCURVE('',#342,#1882);
#1882 = DEFINITIONAL_REPRESENTATION('',(#1883),#1934);
#1883 = B_SPLINE_CURVE_WITH_KNOTS('',7,(#1884,#1885,#1886,#1887,#1888,
    #1889,#1890,#1891,#1892,#1893,#1894,#1895,#1896,#1897,#1898,#1899,
    #1900,#1901,#1902,#1903,#1904,#1905,#1906,#1907,#1908,#1909,#1910,
    #1911,#1912,#1913,#1914,#1915,#1916,#1917,#1918,#1919,#1920,#1921,
    #1922,#1923,#1924,#1925,#1926,#1927,#1928,#1929,#1930,#1931,#1932,
    #1933),.UNSPECIFIED.,.F.,.F.,(8,6,6,6,6,6,6,6,8),(0.,
    5.62249162155E-02,0.327891378712,0.393756653712,0.499997325396,
    0.608052197831,0.671864931875,0.942689775845,1.),.UNSPECIFIED.);
#1884 = CARTESIAN_POINT('',(-0.482820519247,-16.32582461448));
#1885 = CARTESIAN_POINT('',(-0.497921471867,-16.34229035195));
#1886 = CARTESIAN_POINT('',(-0.513013007248,-16.35890833715));
#1887 = CARTESIAN_POINT('',(-0.528103468619,-16.375654861));
#1888 = CARTESIAN_POINT('',(-0.543200975865,-16.3925077979));
#1889 = CARTESIAN_POINT('',(-0.55831342552,-16.40944660578));
#1890 = CARTESIAN_POINT('',(-0.57344849077,-16.42645232607));
#1891 = CARTESIAN_POINT('',(-0.661888206518,-16.52591484751));
#1892 = CARTESIAN_POINT('',(-0.735723791299,-16.60931412326));
#1893 = CARTESIAN_POINT('',(-0.811169015858,-16.69192354134));
#1894 = CARTESIAN_POINT('',(-0.888996206261,-16.77232458176));
#1895 = CARTESIAN_POINT('',(-0.969919174303,-16.8486010798));
#1896 = CARTESIAN_POINT('',(-1.054558343959,-16.91823266318));
#1897 = CARTESIAN_POINT('',(-1.165218654707,-16.99239890149));
#1898 = CARTESIAN_POINT('',(-1.187071590179,-17.00628655511));
#1899 = CARTESIAN_POINT('',(-1.209178764313,-17.01953245797));
#1900 = CARTESIAN_POINT('',(-1.231536346203,-17.03208084914));
#1901 = CARTESIAN_POINT('',(-1.254141336892,-17.04387695821));
#1902 = CARTESIAN_POINT('',(-1.27699156938,-17.05486700529));
#1903 = CARTESIAN_POINT('',(-1.337336549282,-17.08133981711));
#1904 = CARTESIAN_POINT('',(-1.375283953003,-17.09547424727));
#1905 = CARTESIAN_POINT('',(-1.413781667875,-17.10710325597));
#1906 = CARTESIAN_POINT('',(-1.452699395764,-17.1159964061));
#1907 = CARTESIAN_POINT('',(-1.491917427737,-17.12199232994));
#1908 = CARTESIAN_POINT('',(-1.531321279494,-17.125));
#1909 = CARTESIAN_POINT('',(-1.610945463024,-17.125));
#1910 = CARTESIAN_POINT('',(-1.651016864553,-17.12188873082));
#1911 = CARTESIAN_POINT('',(-1.690892052717,-17.11568777103));
#1912 = CARTESIAN_POINT('',(-1.730452703102,-17.10649430559));
#1913 = CARTESIAN_POINT('',(-1.76957488712,-17.0944797409));
#1914 = CARTESIAN_POINT('',(-1.808123313594,-17.07988831972));
#1915 = CARTESIAN_POINT('',(-1.868281829271,-17.05308329811));
#1916 = CARTESIAN_POINT('',(-1.890388316875,-17.04233174027));
#1917 = CARTESIAN_POINT('',(-1.912263933679,-17.03082917931));
#1918 = CARTESIAN_POINT('',(-1.933906855785,-17.01862454797));
#1919 = CARTESIAN_POINT('',(-1.955314534864,-17.00576759506));
#1920 = CARTESIAN_POINT('',(-1.976483698155,-16.99230888551));
#1921 = CARTESIAN_POINT('',(-2.086224233197,-16.91884445239));
#1922 = CARTESIAN_POINT('',(-2.170636412251,-16.84949722139));
#1923 = CARTESIAN_POINT('',(-2.251350193919,-16.77352363013));
#1924 = CARTESIAN_POINT('',(-2.328980064824,-16.69342641449));
#1925 = CARTESIAN_POINT('',(-2.404232176791,-16.6111099212));
#1926 = CARTESIAN_POINT('',(-2.477871372447,-16.52798442412));
#1927 = CARTESIAN_POINT('',(-2.566396675189,-16.42841605227));
#1928 = CARTESIAN_POINT('',(-2.581824606429,-16.41107704362));
#1929 = CARTESIAN_POINT('',(-2.597228546903,-16.39380623128));
#1930 = CARTESIAN_POINT('',(-2.612617218667,-16.37662279043));
#1931 = CARTESIAN_POINT('',(-2.627998828044,-16.35954819609));
#1932 = CARTESIAN_POINT('',(-2.643381236972,-16.34260650115));
#1933 = CARTESIAN_POINT('',(-2.658772134343,-16.32582461448));
#1934 = ( GEOMETRIC_REPRESENTATION_CONTEXT(2) 
PARAMETRIC_REPRESENTATION_CONTEXT() REPRESENTATION_CONTEXT('2D SPACE',''
  ) );
#1935 = PCURVE('',#488,#1936);
#1936 = DEFINITIONAL_REPRESENTATION('',(#1937),#1988);
#1937 = B_SPLINE_CURVE_WITH_KNOTS('',7,(#1938,#1939,#1940,#1941,#1942,
    #1943,#1944,#1945,#1946,#1947,#1948,#1949,#1950,#1951,#1952,#1953,
    #1954,#1955,#1956,#1957,#1958,#1959,#1960,#1961,#1962,#1963,#1964,
    #1965,#1966,#1967,#1968,#1969,#1970,#1971,#1972,#1973,#1974,#1975,
    #1976,#1977,#1978,#1979,#1980,#1981,#1982,#1983,#1984,#1985,#1986,
    #1987),.UNSPECIFIED.,.F.,.F.,(8,6,6,6,6,6,6,6,8),(0.,
    5.62249162155E-02,0.327891378712,0.393756653712,0.499997325396,
    0.608052197831,0.671864931875,0.942689775845,1.),.UNSPECIFIED.);
#1938 = CARTESIAN_POINT('',(5.60943975952,20.87052335314));
#1939 = CARTESIAN_POINT('',(5.599524623108,20.895601003219));
#1940 = CARTESIAN_POINT('',(5.5894262002,20.920431377659));
#1941 = CARTESIAN_POINT('',(5.579151172504,20.945019603449));
#1942 = CARTESIAN_POINT('',(5.568705120534,20.969369732131));
#1943 = CARTESIAN_POINT('',(5.558092523612,20.993484739802));
#1944 = CARTESIAN_POINT('',(5.547316759866,21.017366527111));
#1945 = CARTESIAN_POINT('',(5.483536594781,21.15528459478));
#1946 = CARTESIAN_POINT('',(5.427041409024,21.263907598814));
#1947 = CARTESIAN_POINT('',(5.367045481793,21.367335400651));
#1948 = CARTESIAN_POINT('',(5.30331369225,21.465055470873));
#1949 = CARTESIAN_POINT('',(5.235561374542,21.555785599906));
#1950 = CARTESIAN_POINT('',(5.163465070254,21.637327132347));
#1951 = CARTESIAN_POINT('',(5.067989598703,21.723289095619));
#1952 = CARTESIAN_POINT('',(5.049080710864,21.739336257414));
#1953 = CARTESIAN_POINT('',(5.029900815734,21.754599723103));
#1954 = CARTESIAN_POINT('',(5.010456322788,21.769023829704));
#1955 = CARTESIAN_POINT('',(4.990753064919,21.782553661828));
#1956 = CARTESIAN_POINT('',(4.970796298442,21.795135051681));
#1957 = CARTESIAN_POINT('',(4.917999082973,21.825392353756));
#1958 = CARTESIAN_POINT('',(4.884705794541,21.841494424775));
#1959 = CARTESIAN_POINT('',(4.850853169652,21.854708527177));
#1960 = CARTESIAN_POINT('',(4.816572542797,21.864796032898));
#1961 = CARTESIAN_POINT('',(4.781987962793,21.87159112968));
#1962 = CARTESIAN_POINT('',(4.747219904474,21.875));
#1963 = CARTESIAN_POINT('',(4.676963271947,21.875));
#1964 = CARTESIAN_POINT('',(4.641606203887,21.871473703557));
#1965 = CARTESIAN_POINT('',(4.606442794282,21.864446261626));
#1966 = CARTESIAN_POINT('',(4.571597905989,21.854017800856));
#1967 = CARTESIAN_POINT('',(4.537200232222,21.840364329809));
#1968 = CARTESIAN_POINT('',(4.503386282127,21.823738645183));
#1969 = CARTESIAN_POINT('',(4.450767556549,21.793092705067));
#1970 = CARTESIAN_POINT('',(4.431465488729,21.780780939454));
#1971 = CARTESIAN_POINT('',(4.412402299028,21.767584601037));
#1972 = CARTESIAN_POINT('',(4.393582626369,21.753552946265));
#1973 = CARTESIAN_POINT('',(4.375011612481,21.738735828187));
#1974 = CARTESIAN_POINT('',(4.356694901892,21.723183696456));
#1975 = CARTESIAN_POINT('',(4.26200685583,21.638040676484));
#1976 = CARTESIAN_POINT('',(4.190094770901,21.556841201579));
#1977 = CARTESIAN_POINT('',(4.122502655959,21.466489129717));
#1978 = CARTESIAN_POINT('',(4.058910082127,21.3691696986));
#1979 = CARTESIAN_POINT('',(3.999034534877,21.266162761702));
#1980 = CARTESIAN_POINT('',(3.942641586362,21.157985340107));
#1981 = CARTESIAN_POINT('',(3.878706186721,21.020122429865));
#1982 = CARTESIAN_POINT('',(3.867707420031,20.995804867905));
#1983 = CARTESIAN_POINT('',(3.85687792803,20.971245094885));
#1984 = CARTESIAN_POINT('',(3.846220754132,20.946440139385));
#1985 = CARTESIAN_POINT('',(3.835740571303,20.921386987855));
#1986 = CARTESIAN_POINT('',(3.825443712522,20.896082504828));
#1987 = CARTESIAN_POINT('',(3.81533820125,20.87052335314));
#1988 = ( GEOMETRIC_REPRESENTATION_CONTEXT(2) 
PARAMETRIC_REPRESENTATION_CONTEXT() REPRESENTATION_CONTEXT('2D SPACE',''
  ) );
#1989 = ORIENTED_EDGE('',*,*,#1990,.T.);
#1990 = EDGE_CURVE('',#1827,#1991,#1993,.T.);
#1991 = VERTEX_POINT('',#1992);
#1992 = CARTESIAN_POINT('',(16.875,3.125,5.));
#1993 = SURFACE_CURVE('',#1994,(#1999,#2012),.PCURVE_S1.);
#1994 = ELLIPSE('',#1995,2.65165042945,1.875);
#1995 = AXIS2_PLACEMENT_3D('',#1996,#1997,#1998);
#1996 = CARTESIAN_POINT('',(15.,5.,5.));
#1997 = DIRECTION('',(0.707106781187,0.707106781187,-1.570092458684E-16)
  );
#1998 = DIRECTION('',(0.707106781187,-0.707106781187,0.));
#1999 = PCURVE('',#342,#2000);
#2000 = DEFINITIONAL_REPRESENTATION('',(#2001),#2011);
#2001 = B_SPLINE_CURVE_WITH_KNOTS('',8,(#2002,#2003,#2004,#2005,#2006,
    #2007,#2008,#2009,#2010),.UNSPECIFIED.,.F.,.F.,(9,9),(4.712388980385
    ,6.28318530718),.PIECEWISE_BEZIER_KNOTS.);
#2002 = CARTESIAN_POINT('',(-1.570796326795,-15.));
#2003 = CARTESIAN_POINT('',(-1.374446785946,-15.36815538909));
#2004 = CARTESIAN_POINT('',(-1.178097245096,-15.73631086558));
#2005 = CARTESIAN_POINT('',(-0.981747704246,-16.08283736476));
#2006 = CARTESIAN_POINT('',(-0.785398163396,-16.38611015729));
#2007 = CARTESIAN_POINT('',(-0.589048622548,-16.62715883687));
#2008 = CARTESIAN_POINT('',(-0.392699081699,-16.79238604501));
#2009 = CARTESIAN_POINT('',(-0.196349540849,-16.875));
#2010 = CARTESIAN_POINT('',(8.881784197001E-16,-16.875));
#2011 = ( GEOMETRIC_REPRESENTATION_CONTEXT(2) 
PARAMETRIC_REPRESENTATION_CONTEXT() REPRESENTATION_CONTEXT('2D SPACE',''
  ) );
#2012 = PCURVE('',#2013,#2018);
#2013 = CYLINDRICAL_SURFACE('',#2014,1.875);
#2014 = AXIS2_PLACEMENT_3D('',#2015,#2016,#2017);
#2015 = CARTESIAN_POINT('',(30.,5.,5.));
#2016 = DIRECTION('',(1.,-0.,-1.110223024625E-16));
#2017 = DIRECTION('',(1.110223024625E-16,0.,1.));
#2018 = DEFINITIONAL_REPRESENTATION('',(#2019),#2029);
#2019 = B_SPLINE_CURVE_WITH_KNOTS('',8,(#2020,#2021,#2022,#2023,#2024,
    #2025,#2026,#2027,#2028),.UNSPECIFIED.,.F.,.F.,(9,9),(4.712388980385
    ,6.28318530718),.PIECEWISE_BEZIER_KNOTS.);
#2020 = CARTESIAN_POINT('',(-6.28318530718,-15.));
#2021 = CARTESIAN_POINT('',(-6.08683576633,-14.6318446109));
#2022 = CARTESIAN_POINT('',(-5.89048622548,-14.26368913439));
#2023 = CARTESIAN_POINT('',(-5.694136684635,-13.91716263522));
#2024 = CARTESIAN_POINT('',(-5.49778714378,-13.61388984262));
#2025 = CARTESIAN_POINT('',(-5.301437602938,-13.37284116313));
#2026 = CARTESIAN_POINT('',(-5.105088062083,-13.20761395496));
#2027 = CARTESIAN_POINT('',(-4.908738521234,-13.125));
#2028 = CARTESIAN_POINT('',(-4.712388980385,-13.125));
#2029 = ( GEOMETRIC_REPRESENTATION_CONTEXT(2) 
PARAMETRIC_REPRESENTATION_CONTEXT() REPRESENTATION_CONTEXT('2D SPACE',''
  ) );
#2030 = ORIENTED_EDGE('',*,*,#2031,.T.);
#2031 = EDGE_CURVE('',#1991,#322,#2032,.T.);
#2032 = SEAM_CURVE('',#2033,(#2037,#2044),.PCURVE_S1.);
#2033 = LINE('',#2034,#2035);
#2034 = CARTESIAN_POINT('',(16.875,20.,5.));
#2035 = VECTOR('',#2036,1.);
#2036 = DIRECTION('',(0.,-1.,1.110223024625E-16));
#2037 = PCURVE('',#342,#2038);
#2038 = DEFINITIONAL_REPRESENTATION('',(#2039),#2043);
#2039 = LINE('',#2040,#2041);
#2040 = CARTESIAN_POINT('',(-6.28318530718,0.));
#2041 = VECTOR('',#2042,1.);
#2042 = DIRECTION('',(-0.,-1.));
#2043 = ( GEOMETRIC_REPRESENTATION_CONTEXT(2) 
PARAMETRIC_REPRESENTATION_CONTEXT() REPRESENTATION_CONTEXT('2D SPACE',''
  ) );
#2044 = PCURVE('',#342,#2045);
#2045 = DEFINITIONAL_REPRESENTATION('',(#2046),#2050);
#2046 = LINE('',#2047,#2048);
#2047 = CARTESIAN_POINT('',(-0.,0.));
#2048 = VECTOR('',#2049,1.);
#2049 = DIRECTION('',(-0.,-1.));
#2050 = ( GEOMETRIC_REPRESENTATION_CONTEXT(2) 
PARAMETRIC_REPRESENTATION_CONTEXT() REPRESENTATION_CONTEXT('2D SPACE',''
  ) );
#2051 = ORIENTED_EDGE('',*,*,#321,.T.);
#2052 = ORIENTED_EDGE('',*,*,#2031,.F.);
#2053 = ORIENTED_EDGE('',*,*,#2054,.T.);
#2054 = EDGE_CURVE('',#1991,#2055,#2057,.T.);
#2055 = VERTEX_POINT('',#2056);
#2056 = CARTESIAN_POINT('',(16.502601910021,3.497398089979,
    3.878477597192));
#2057 = SURFACE_CURVE('',#2058,(#2063,#2076),.PCURVE_S1.);
#2058 = ELLIPSE('',#2059,2.65165042945,1.875);
#2059 = AXIS2_PLACEMENT_3D('',#2060,#2061,#2062);
#2060 = CARTESIAN_POINT('',(15.,5.,5.));
#2061 = DIRECTION('',(0.707106781187,0.707106781187,-1.570092458684E-16)
  );
#2062 = DIRECTION('',(0.707106781187,-0.707106781187,0.));
#2063 = PCURVE('',#342,#2064);
#2064 = DEFINITIONAL_REPRESENTATION('',(#2065),#2075);
#2065 = B_SPLINE_CURVE_WITH_KNOTS('',8,(#2066,#2067,#2068,#2069,#2070,
    #2071,#2072,#2073,#2074),.UNSPECIFIED.,.F.,.F.,(9,9),(0.,
    1.570796326795),.PIECEWISE_BEZIER_KNOTS.);
#2066 = CARTESIAN_POINT('',(-6.28318530718,-16.875));
#2067 = CARTESIAN_POINT('',(-6.08683576633,-16.875));
#2068 = CARTESIAN_POINT('',(-5.890486225474,-16.792386045));
#2069 = CARTESIAN_POINT('',(-5.694136684644,-16.62715883693));
#2070 = CARTESIAN_POINT('',(-5.49778714374,-16.38611015721));
#2071 = CARTESIAN_POINT('',(-5.301437602946,-16.08283736477));
#2072 = CARTESIAN_POINT('',(-5.105088062079,-15.73631086557));
#2073 = CARTESIAN_POINT('',(-4.908738521234,-15.36815538909));
#2074 = CARTESIAN_POINT('',(-4.712388980385,-15.));
#2075 = ( GEOMETRIC_REPRESENTATION_CONTEXT(2) 
PARAMETRIC_REPRESENTATION_CONTEXT() REPRESENTATION_CONTEXT('2D SPACE',''
  ) );
#2076 = PCURVE('',#2013,#2077);
#2077 = DEFINITIONAL_REPRESENTATION('',(#2078),#2088);
#2078 = B_SPLINE_CURVE_WITH_KNOTS('',8,(#2079,#2080,#2081,#2082,#2083,
    #2084,#2085,#2086,#2087),.UNSPECIFIED.,.F.,.F.,(9,9),(0.,
    1.570796326795),.PIECEWISE_BEZIER_KNOTS.);
#2079 = CARTESIAN_POINT('',(-4.712388980385,-13.125));
#2080 = CARTESIAN_POINT('',(-4.516039439535,-13.125));
#2081 = CARTESIAN_POINT('',(-4.319689898681,-13.20761395495));
#2082 = CARTESIAN_POINT('',(-4.123340357844,-13.37284116314));
#2083 = CARTESIAN_POINT('',(-3.926990816952,-13.61388984261));
#2084 = CARTESIAN_POINT('',(-3.730641276143,-13.91716263526));
#2085 = CARTESIAN_POINT('',(-3.534291735285,-14.26368913439));
#2086 = CARTESIAN_POINT('',(-3.337942194439,-14.6318446109));
#2087 = CARTESIAN_POINT('',(-3.14159265359,-15.));
#2088 = ( GEOMETRIC_REPRESENTATION_CONTEXT(2) 
PARAMETRIC_REPRESENTATION_CONTEXT() REPRESENTATION_CONTEXT('2D SPACE',''
  ) );
#2089 = ORIENTED_EDGE('',*,*,#2090,.F.);
#2090 = EDGE_CURVE('',#1777,#2055,#2091,.T.);
#2091 = SURFACE_CURVE('',#2092,(#2143,#2197),.PCURVE_S1.);
#2092 = B_SPLINE_CURVE_WITH_KNOTS('',7,(#2093,#2094,#2095,#2096,#2097,
    #2098,#2099,#2100,#2101,#2102,#2103,#2104,#2105,#2106,#2107,#2108,
    #2109,#2110,#2111,#2112,#2113,#2114,#2115,#2116,#2117,#2118,#2119,
    #2120,#2121,#2122,#2123,#2124,#2125,#2126,#2127,#2128,#2129,#2130,
    #2131,#2132,#2133,#2134,#2135,#2136,#2137,#2138,#2139,#2140,#2141,
    #2142),.UNSPECIFIED.,.F.,.F.,(8,6,6,6,6,6,6,6,8),(0.,
    5.622493040864E-02,0.327891461483,0.393756753124,0.499997451672,
    0.608052351427,0.671865078171,0.942689801396,1.),.UNSPECIFIED.);
#2093 = CARTESIAN_POINT('',(13.339333238835,3.674175385519,4.12947664686
    ));
#2094 = CARTESIAN_POINT('',(13.352478970746,3.657709648048,
    4.104398996781));
#2095 = CARTESIAN_POINT('',(13.366058253545,3.641091662843,
    4.079568622341));
#2096 = CARTESIAN_POINT('',(13.380072615386,3.624345138996,
    4.054980396551));
#2097 = CARTESIAN_POINT('',(13.394524443567,3.607492202093,
    4.030630267869));
#2098 = CARTESIAN_POINT('',(13.409416984534,3.590553394213,
    4.006515260199));
#2099 = CARTESIAN_POINT('',(13.424754343878,3.57354767393,3.982633472889
    ));
#2100 = CARTESIAN_POINT('',(13.516821495867,3.474085152486,3.84471540522
    ));
#2101 = CARTESIAN_POINT('',(13.603453429086,3.390685876736,
    3.736092401186));
#2102 = CARTESIAN_POINT('',(13.701133684682,3.308076458656,
    3.632664599349));
#2103 = CARTESIAN_POINT('',(13.81091626731,3.227675418231,3.534944529127
    ));
#2104 = CARTESIAN_POINT('',(13.933948609766,3.1513989202,3.444214400094)
  );
#2105 = CARTESIAN_POINT('',(14.071197751119,3.081767336819,
    3.362672867653));
#2106 = CARTESIAN_POINT('',(14.260041192403,3.007601098502,
    3.276710904377));
#2107 = CARTESIAN_POINT('',(14.297756154842,2.993713444888,
    3.260663742586));
#2108 = CARTESIAN_POINT('',(14.336317737178,2.980467542028,3.2454002769)
  );
#2109 = CARTESIAN_POINT('',(14.375705858577,2.967919150856,
    3.230976170299));
#2110 = CARTESIAN_POINT('',(14.41589816465,2.956123041784,3.217446338172
    ));
#2111 = CARTESIAN_POINT('',(14.456870027455,2.945132994704,
    3.204864948316));
#2112 = CARTESIAN_POINT('',(14.565896182404,2.918660182888,
    3.174607646245));
#2113 = CARTESIAN_POINT('',(14.635268033742,2.904525752728,
    3.158505575225));
#2114 = CARTESIAN_POINT('',(14.706347975233,2.89289674403,3.145291472822
    ));
#2115 = CARTESIAN_POINT('',(14.778756643559,2.884003593891,
    3.135203967102));
#2116 = CARTESIAN_POINT('',(14.852102065372,2.878007670057,
    3.128408870321));
#2117 = CARTESIAN_POINT('',(14.925984286308,2.875,3.125));
#2118 = CARTESIAN_POINT('',(15.075279630429,2.875,3.125));
#2119 = CARTESIAN_POINT('',(15.150413505824,2.878111269174,
    3.128526296443));
#2120 = CARTESIAN_POINT('',(15.224981280282,2.884312228968,
    3.135553738374));
#2121 = CARTESIAN_POINT('',(15.29856637927,2.893505694405,3.145982199144
    ));
#2122 = CARTESIAN_POINT('',(15.37076092198,2.905520259098,3.159635670191
    ));
#2123 = CARTESIAN_POINT('',(15.441170643694,2.920111680276,
    3.176261354817));
#2124 = CARTESIAN_POINT('',(15.549724940155,2.946916698235,
    3.206907290754));
#2125 = CARTESIAN_POINT('',(15.58931895982,2.957668259789,3.219219060646
    ));
#2126 = CARTESIAN_POINT('',(15.628178008989,2.969170824246,3.23241540308
    ));
#2127 = CARTESIAN_POINT('',(15.666280230598,2.981375455194,
    3.246447057371));
#2128 = CARTESIAN_POINT('',(15.703605778657,2.994232404007,
    3.261264170709));
#2129 = CARTESIAN_POINT('',(15.740136818259,3.007691109846,
    3.276816298162));
#2130 = CARTESIAN_POINT('',(15.927458172717,3.081155547608,
    3.361959323516));
#2131 = CARTESIAN_POINT('',(16.064405931978,3.150502778601,
    3.443158798421));
#2132 = CARTESIAN_POINT('',(16.187218826874,3.226476369862,
    3.533510870283));
#2133 = CARTESIAN_POINT('',(16.296852110096,3.306573585506,
    3.630830301399));
#2134 = CARTESIAN_POINT('',(16.394441598317,3.388890078797,
    3.733837238298));
#2135 = CARTESIAN_POINT('',(16.481034289792,3.472015575874,
    3.842014659893));
#2136 = CARTESIAN_POINT('',(16.573472480835,3.571583947729,
    3.979877570135));
#2137 = CARTESIAN_POINT('',(16.589148013522,3.588922956373,
    4.004195132094));
#2138 = CARTESIAN_POINT('',(16.604361222884,3.60619376872,4.028754905115
    ));
#2139 = CARTESIAN_POINT('',(16.619117095337,3.623377209563,
    4.053559860615));
#2140 = CARTESIAN_POINT('',(16.633418943739,3.640451803901,
    4.078613012145));
#2141 = CARTESIAN_POINT('',(16.647268625578,3.657393498845,
    4.103917495172));
#2142 = CARTESIAN_POINT('',(16.660666761165,3.674175385519,4.12947664686
    ));
#2143 = PCURVE('',#342,#2144);
#2144 = DEFINITIONAL_REPRESENTATION('',(#2145),#2196);
#2145 = B_SPLINE_CURVE_WITH_KNOTS('',7,(#2146,#2147,#2148,#2149,#2150,
    #2151,#2152,#2153,#2154,#2155,#2156,#2157,#2158,#2159,#2160,#2161,
    #2162,#2163,#2164,#2165,#2166,#2167,#2168,#2169,#2170,#2171,#2172,
    #2173,#2174,#2175,#2176,#2177,#2178,#2179,#2180,#2181,#2182,#2183,
    #2184,#2185,#2186,#2187,#2188,#2189,#2190,#2191,#2192,#2193,#2194,
    #2195),.UNSPECIFIED.,.F.,.F.,(8,6,6,6,6,6,6,6,8),(0.,
    5.622493040864E-02,0.327891461483,0.393756753124,0.499997451672,
    0.608052351427,0.671865078171,0.942689801396,1.),.UNSPECIFIED.);
#2146 = CARTESIAN_POINT('',(-3.624413172837,-16.32582461448));
#2147 = CARTESIAN_POINT('',(-3.639514125457,-16.34229035195));
#2148 = CARTESIAN_POINT('',(-3.654605660837,-16.35890833715));
#2149 = CARTESIAN_POINT('',(-3.669696122209,-16.375654861));
#2150 = CARTESIAN_POINT('',(-3.684793629455,-16.3925077979));
#2151 = CARTESIAN_POINT('',(-3.69990607911,-16.40944660578));
#2152 = CARTESIAN_POINT('',(-3.71504114436,-16.42645232607));
#2153 = CARTESIAN_POINT('',(-3.803480860108,-16.52591484751));
#2154 = CARTESIAN_POINT('',(-3.877316444888,-16.60931412326));
#2155 = CARTESIAN_POINT('',(-3.952761669448,-16.69192354134));
#2156 = CARTESIAN_POINT('',(-4.030588859851,-16.77232458176));
#2157 = CARTESIAN_POINT('',(-4.111511827893,-16.8486010798));
#2158 = CARTESIAN_POINT('',(-4.196150997549,-16.91823266318));
#2159 = CARTESIAN_POINT('',(-4.306811308302,-16.99239890149));
#2160 = CARTESIAN_POINT('',(-4.328664243769,-17.00628655511));
#2161 = CARTESIAN_POINT('',(-4.350771417899,-17.01953245797));
#2162 = CARTESIAN_POINT('',(-4.373128999788,-17.03208084914));
#2163 = CARTESIAN_POINT('',(-4.395733990483,-17.04387695821));
#2164 = CARTESIAN_POINT('',(-4.418584222975,-17.05486700529));
#2165 = CARTESIAN_POINT('',(-4.47892920287,-17.08133981711));
#2166 = CARTESIAN_POINT('',(-4.516876606593,-17.09547424727));
#2167 = CARTESIAN_POINT('',(-4.555374321466,-17.10710325597));
#2168 = CARTESIAN_POINT('',(-4.594292049354,-17.1159964061));
#2169 = CARTESIAN_POINT('',(-4.633510081326,-17.12199232994));
#2170 = CARTESIAN_POINT('',(-4.672913933082,-17.125));
#2171 = CARTESIAN_POINT('',(-4.752538116614,-17.125));
#2172 = CARTESIAN_POINT('',(-4.792609518142,-17.12188873082));
#2173 = CARTESIAN_POINT('',(-4.832484706307,-17.11568777103));
#2174 = CARTESIAN_POINT('',(-4.872045356691,-17.10649430559));
#2175 = CARTESIAN_POINT('',(-4.91116754071,-17.0944797409));
#2176 = CARTESIAN_POINT('',(-4.949715967184,-17.07988831972));
#2177 = CARTESIAN_POINT('',(-5.009874474658,-17.05308330176));
#2178 = CARTESIAN_POINT('',(-5.031980968972,-17.04233174021));
#2179 = CARTESIAN_POINT('',(-5.053856593038,-17.03082917575));
#2180 = CARTESIAN_POINT('',(-5.07549951565,-17.0186245448));
#2181 = CARTESIAN_POINT('',(-5.096907188227,-17.00576759599));
#2182 = CARTESIAN_POINT('',(-5.118076344809,-16.99230889015));
#2183 = CARTESIAN_POINT('',(-5.227816886787,-16.91884445239));
#2184 = CARTESIAN_POINT('',(-5.312229065841,-16.84949722139));
#2185 = CARTESIAN_POINT('',(-5.392942847509,-16.77352363013));
#2186 = CARTESIAN_POINT('',(-5.470572718414,-16.69342641449));
#2187 = CARTESIAN_POINT('',(-5.545824830381,-16.6111099212));
#2188 = CARTESIAN_POINT('',(-5.619464026037,-16.52798442412));
#2189 = CARTESIAN_POINT('',(-5.707989328779,-16.42841605227));
#2190 = CARTESIAN_POINT('',(-5.723417260019,-16.41107704362));
#2191 = CARTESIAN_POINT('',(-5.738821200493,-16.39380623128));
#2192 = CARTESIAN_POINT('',(-5.754209872257,-16.37662279043));
#2193 = CARTESIAN_POINT('',(-5.769591481634,-16.35954819609));
#2194 = CARTESIAN_POINT('',(-5.784973890562,-16.34260650115));
#2195 = CARTESIAN_POINT('',(-5.800364787932,-16.32582461448));
#2196 = ( GEOMETRIC_REPRESENTATION_CONTEXT(2) 
PARAMETRIC_REPRESENTATION_CONTEXT() REPRESENTATION_CONTEXT('2D SPACE',''
  ) );
#2197 = PCURVE('',#723,#2198);
#2198 = DEFINITIONAL_REPRESENTATION('',(#2199),#2250);
#2199 = B_SPLINE_CURVE_WITH_KNOTS('',7,(#2200,#2201,#2202,#2203,#2204,
    #2205,#2206,#2207,#2208,#2209,#2210,#2211,#2212,#2213,#2214,#2215,
    #2216,#2217,#2218,#2219,#2220,#2221,#2222,#2223,#2224,#2225,#2226,
    #2227,#2228,#2229,#2230,#2231,#2232,#2233,#2234,#2235,#2236,#2237,
    #2238,#2239,#2240,#2241,#2242,#2243,#2244,#2245,#2246,#2247,#2248,
    #2249),.UNSPECIFIED.,.F.,.F.,(8,6,6,6,6,6,6,6,8),(0.,
    5.622493040864E-02,0.327891461483,0.393756753124,0.499997451672,
    0.608052351427,0.671865078171,0.942689801396,1.),.UNSPECIFIED.);
#2200 = CARTESIAN_POINT('',(3.81533820125,19.12947664686));
#2201 = CARTESIAN_POINT('',(3.825253337662,19.104398996781));
#2202 = CARTESIAN_POINT('',(3.835351760569,19.079568622341));
#2203 = CARTESIAN_POINT('',(3.845626788265,19.054980396551));
#2204 = CARTESIAN_POINT('',(3.856072840235,19.030630267869));
#2205 = CARTESIAN_POINT('',(3.866685437157,19.006515260199));
#2206 = CARTESIAN_POINT('',(3.877461200903,18.982633472889));
#2207 = CARTESIAN_POINT('',(3.941241365988,18.84471540522));
#2208 = CARTESIAN_POINT('',(3.997736551745,18.736092401186));
#2209 = CARTESIAN_POINT('',(4.057732478976,18.632664599349));
#2210 = CARTESIAN_POINT('',(4.121464268519,18.534944529127));
#2211 = CARTESIAN_POINT('',(4.189216586227,18.444214400094));
#2212 = CARTESIAN_POINT('',(4.261312890516,18.362672867653));
#2213 = CARTESIAN_POINT('',(4.35678836207,18.276710904377));
#2214 = CARTESIAN_POINT('',(4.375697249905,18.260663742586));
#2215 = CARTESIAN_POINT('',(4.394877145031,18.2454002769));
#2216 = CARTESIAN_POINT('',(4.414321637978,18.230976170299));
#2217 = CARTESIAN_POINT('',(4.434024895852,18.217446338172));
#2218 = CARTESIAN_POINT('',(4.453981662332,18.204864948316));
#2219 = CARTESIAN_POINT('',(4.506778877795,18.174607646245));
#2220 = CARTESIAN_POINT('',(4.540072166228,18.158505575225));
#2221 = CARTESIAN_POINT('',(4.573924791118,18.145291472822));
#2222 = CARTESIAN_POINT('',(4.608205417973,18.135203967102));
#2223 = CARTESIAN_POINT('',(4.642789997976,18.128408870321));
#2224 = CARTESIAN_POINT('',(4.677558056294,18.125));
#2225 = CARTESIAN_POINT('',(4.747814688822,18.125));
#2226 = CARTESIAN_POINT('',(4.783171756883,18.128526296443));
#2227 = CARTESIAN_POINT('',(4.818335166488,18.135553738374));
#2228 = CARTESIAN_POINT('',(4.85318005478,18.145982199144));
#2229 = CARTESIAN_POINT('',(4.887577728548,18.159635670191));
#2230 = CARTESIAN_POINT('',(4.921391678643,18.176261354817));
#2231 = CARTESIAN_POINT('',(4.974010397046,18.206907290754));
#2232 = CARTESIAN_POINT('',(4.993312470697,18.219219060646));
#2233 = CARTESIAN_POINT('',(5.012375666736,18.23241540308));
#2234 = CARTESIAN_POINT('',(5.03119533987,18.246447057371));
#2235 = CARTESIAN_POINT('',(5.049766348135,18.261264170709));
#2236 = CARTESIAN_POINT('',(5.068083052893,18.276816298162));
#2237 = CARTESIAN_POINT('',(5.162771104939,18.361959323516));
#2238 = CARTESIAN_POINT('',(5.234683189868,18.443158798421));
#2239 = CARTESIAN_POINT('',(5.302275304811,18.533510870283));
#2240 = CARTESIAN_POINT('',(5.365867878642,18.630830301399));
#2241 = CARTESIAN_POINT('',(5.425743425892,18.733837238298));
#2242 = CARTESIAN_POINT('',(5.482136374407,18.842014659893));
#2243 = CARTESIAN_POINT('',(5.546071774049,18.979877570135));
#2244 = CARTESIAN_POINT('',(5.557070540738,19.004195132094));
#2245 = CARTESIAN_POINT('',(5.567900032739,19.028754905115));
#2246 = CARTESIAN_POINT('',(5.578557206637,19.053559860615));
#2247 = CARTESIAN_POINT('',(5.589037389467,19.078613012145));
#2248 = CARTESIAN_POINT('',(5.599334248247,19.103917495172));
#2249 = CARTESIAN_POINT('',(5.60943975952,19.12947664686));
#2250 = ( GEOMETRIC_REPRESENTATION_CONTEXT(2) 
PARAMETRIC_REPRESENTATION_CONTEXT() REPRESENTATION_CONTEXT('2D SPACE',''
  ) );
#2251 = ADVANCED_FACE('',(#2252),#377,.F.);
#2252 = FACE_BOUND('',#2253,.T.);
#2253 = EDGE_LOOP('',(#2254,#2306,#2342,#2363,#2364,#2365,#2401,#2451));
#2254 = ORIENTED_EDGE('',*,*,#2255,.T.);
#2255 = EDGE_CURVE('',#2256,#2258,#2260,.T.);
#2256 = VERTEX_POINT('',#2257);
#2257 = CARTESIAN_POINT('',(23.674174785275,3.674174785275,
    6.325825214725));
#2258 = VERTEX_POINT('',#2259);
#2259 = CARTESIAN_POINT('',(26.325825214725,3.674174785275,
    6.325825214725));
#2260 = SURFACE_CURVE('',#2261,(#2266,#2286),.PCURVE_S1.);
#2261 = ELLIPSE('',#2262,2.65165042945,1.875);
#2262 = AXIS2_PLACEMENT_3D('',#2263,#2264,#2265);
#2263 = CARTESIAN_POINT('',(25.,5.,5.));
#2264 = DIRECTION('',(0.,0.707106781187,0.707106781187));
#2265 = DIRECTION('',(-0.,0.707106781187,-0.707106781187));
#2266 = PCURVE('',#377,#2267);
#2267 = DEFINITIONAL_REPRESENTATION('',(#2268),#2285);
#2268 = B_SPLINE_CURVE_WITH_KNOTS('',8,(#2269,#2270,#2271,#2272,#2273,
    #2274,#2275,#2276,#2277,#2278,#2279,#2280,#2281,#2282,#2283,#2284),
  .UNSPECIFIED.,.F.,.F.,(9,7,9),(1.570795986968,3.141592473763,
    4.712388960558),.UNSPECIFIED.);
#2269 = CARTESIAN_POINT('',(-3.141592993416,-14.99999936282));
#2270 = CARTESIAN_POINT('',(-2.945243432567,-15.36815478941));
#2271 = CARTESIAN_POINT('',(-2.748893871715,-15.73631033149));
#2272 = CARTESIAN_POINT('',(-2.552544310871,-16.08283691767));
#2273 = CARTESIAN_POINT('',(-2.356194749995,-16.38610980991));
#2274 = CARTESIAN_POINT('',(-2.159845189178,-16.62715859166));
#2275 = CARTESIAN_POINT('',(-1.963495628317,-16.79238589578));
#2276 = CARTESIAN_POINT('',(-1.767146067471,-16.87499993379));
#2277 = CARTESIAN_POINT('',(-1.374446945772,-16.8750000662));
#2278 = CARTESIAN_POINT('',(-1.178097384922,-16.79238616061));
#2279 = CARTESIAN_POINT('',(-0.981747824075,-16.62715898104));
#2280 = CARTESIAN_POINT('',(-0.785398263221,-16.38611030847));
#2281 = CARTESIAN_POINT('',(-0.589048702374,-16.08283750284));
#2282 = CARTESIAN_POINT('',(-0.392699141524,-15.73631097614));
#2283 = CARTESIAN_POINT('',(-0.196349580676,-15.36815546376));
#2284 = CARTESIAN_POINT('',(-1.982655438345E-08,-15.00000003717));
#2285 = ( GEOMETRIC_REPRESENTATION_CONTEXT(2) 
PARAMETRIC_REPRESENTATION_CONTEXT() REPRESENTATION_CONTEXT('2D SPACE',''
  ) );
#2286 = PCURVE('',#519,#2287);
#2287 = DEFINITIONAL_REPRESENTATION('',(#2288),#2305);
#2288 = B_SPLINE_CURVE_WITH_KNOTS('',8,(#2289,#2290,#2291,#2292,#2293,
    #2294,#2295,#2296,#2297,#2298,#2299,#2300,#2301,#2302,#2303,#2304),
  .UNSPECIFIED.,.F.,.F.,(9,7,9),(1.570795986968,3.141592473763,
    4.712388960558),.UNSPECIFIED.);
#2289 = CARTESIAN_POINT('',(-3.141592313763,-4.999999362825));
#2290 = CARTESIAN_POINT('',(-3.337941874613,-5.368154789418));
#2291 = CARTESIAN_POINT('',(-3.534291435464,-5.736310331496));
#2292 = CARTESIAN_POINT('',(-3.730640996291,-6.082836917689));
#2293 = CARTESIAN_POINT('',(-3.926990557164,-6.386109809868));
#2294 = CARTESIAN_POINT('',(-4.123340117992,-6.627158591651));
#2295 = CARTESIAN_POINT('',(-4.319689678862,-6.792385895787));
#2296 = CARTESIAN_POINT('',(-4.516039239709,-6.874999933796));
#2297 = CARTESIAN_POINT('',(-4.908738361407,-6.875000066204));
#2298 = CARTESIAN_POINT('',(-5.105087922248,-6.792386160598));
#2299 = CARTESIAN_POINT('',(-5.301437483136,-6.627158981111));
#2300 = CARTESIAN_POINT('',(-5.497787043903,-6.386110308369));
#2301 = CARTESIAN_POINT('',(-5.69413660483,-6.082837502927));
#2302 = CARTESIAN_POINT('',(-5.890486165646,-5.736310976129));
#2303 = CARTESIAN_POINT('',(-6.086835726504,-5.368155463767));
#2304 = CARTESIAN_POINT('',(-6.283185287353,-5.000000037175));
#2305 = ( GEOMETRIC_REPRESENTATION_CONTEXT(2) 
PARAMETRIC_REPRESENTATION_CONTEXT() REPRESENTATION_CONTEXT('2D SPACE',''
  ) );
#2306 = ORIENTED_EDGE('',*,*,#2307,.T.);
#2307 = EDGE_CURVE('',#2258,#2308,#2310,.T.);
#2308 = VERTEX_POINT('',#2309);
#2309 = CARTESIAN_POINT('',(26.875,3.125,5.));
#2310 = SURFACE_CURVE('',#2311,(#2316,#2329),.PCURVE_S1.);
#2311 = ELLIPSE('',#2312,2.65165042945,1.875);
#2312 = AXIS2_PLACEMENT_3D('',#2313,#2314,#2315);
#2313 = CARTESIAN_POINT('',(25.,5.,5.));
#2314 = DIRECTION('',(0.707106781187,0.707106781187,-1.570092458684E-16)
  );
#2315 = DIRECTION('',(0.707106781187,-0.707106781187,0.));
#2316 = PCURVE('',#377,#2317);
#2317 = DEFINITIONAL_REPRESENTATION('',(#2318),#2328);
#2318 = B_SPLINE_CURVE_WITH_KNOTS('',8,(#2319,#2320,#2321,#2322,#2323,
    #2324,#2325,#2326,#2327),.UNSPECIFIED.,.F.,.F.,(9,9),(4.712388980385
    ,6.28318530718),.PIECEWISE_BEZIER_KNOTS.);
#2319 = CARTESIAN_POINT('',(-1.570796326795,-15.));
#2320 = CARTESIAN_POINT('',(-1.374446785946,-15.36815538909));
#2321 = CARTESIAN_POINT('',(-1.178097245096,-15.73631086558));
#2322 = CARTESIAN_POINT('',(-0.981747704246,-16.08283736476));
#2323 = CARTESIAN_POINT('',(-0.785398163396,-16.38611015729));
#2324 = CARTESIAN_POINT('',(-0.589048622547,-16.62715883687));
#2325 = CARTESIAN_POINT('',(-0.392699081698,-16.79238604501));
#2326 = CARTESIAN_POINT('',(-0.196349540849,-16.875));
#2327 = CARTESIAN_POINT('',(8.881784197001E-16,-16.875));
#2328 = ( GEOMETRIC_REPRESENTATION_CONTEXT(2) 
PARAMETRIC_REPRESENTATION_CONTEXT() REPRESENTATION_CONTEXT('2D SPACE',''
  ) );
#2329 = PCURVE('',#1557,#2330);
#2330 = DEFINITIONAL_REPRESENTATION('',(#2331),#2341);
#2331 = B_SPLINE_CURVE_WITH_KNOTS('',8,(#2332,#2333,#2334,#2335,#2336,
    #2337,#2338,#2339,#2340),.UNSPECIFIED.,.F.,.F.,(9,9),(4.712388980385
    ,6.28318530718),.PIECEWISE_BEZIER_KNOTS.);
#2332 = CARTESIAN_POINT('',(-6.28318530718,-5.));
#2333 = CARTESIAN_POINT('',(-6.08683576633,-4.631844610907));
#2334 = CARTESIAN_POINT('',(-5.890486225481,-4.2636891344));
#2335 = CARTESIAN_POINT('',(-5.694136684631,-3.917162635238));
#2336 = CARTESIAN_POINT('',(-5.497787143784,-3.613889842662));
#2337 = CARTESIAN_POINT('',(-5.301437602934,-3.372841163122));
#2338 = CARTESIAN_POINT('',(-5.105088062084,-3.207613954971));
#2339 = CARTESIAN_POINT('',(-4.908738521234,-3.125));
#2340 = CARTESIAN_POINT('',(-4.712388980385,-3.125));
#2341 = ( GEOMETRIC_REPRESENTATION_CONTEXT(2) 
PARAMETRIC_REPRESENTATION_CONTEXT() REPRESENTATION_CONTEXT('2D SPACE',''
  ) );
#2342 = ORIENTED_EDGE('',*,*,#2343,.T.);
#2343 = EDGE_CURVE('',#2308,#357,#2344,.T.);
#2344 = SEAM_CURVE('',#2345,(#2349,#2356),.PCURVE_S1.);
#2345 = LINE('',#2346,#2347);
#2346 = CARTESIAN_POINT('',(26.875,20.,5.));
#2347 = VECTOR('',#2348,1.);
#2348 = DIRECTION('',(0.,-1.,1.110223024625E-16));
#2349 = PCURVE('',#377,#2350);
#2350 = DEFINITIONAL_REPRESENTATION('',(#2351),#2355);
#2351 = LINE('',#2352,#2353);
#2352 = CARTESIAN_POINT('',(-6.28318530718,0.));
#2353 = VECTOR('',#2354,1.);
#2354 = DIRECTION('',(-0.,-1.));
#2355 = ( GEOMETRIC_REPRESENTATION_CONTEXT(2) 
PARAMETRIC_REPRESENTATION_CONTEXT() REPRESENTATION_CONTEXT('2D SPACE',''
  ) );
#2356 = PCURVE('',#377,#2357);
#2357 = DEFINITIONAL_REPRESENTATION('',(#2358),#2362);
#2358 = LINE('',#2359,#2360);
#2359 = CARTESIAN_POINT('',(-0.,0.));
#2360 = VECTOR('',#2361,1.);
#2361 = DIRECTION('',(-0.,-1.));
#2362 = ( GEOMETRIC_REPRESENTATION_CONTEXT(2) 
PARAMETRIC_REPRESENTATION_CONTEXT() REPRESENTATION_CONTEXT('2D SPACE',''
  ) );
#2363 = ORIENTED_EDGE('',*,*,#356,.T.);
#2364 = ORIENTED_EDGE('',*,*,#2343,.F.);
#2365 = ORIENTED_EDGE('',*,*,#2366,.T.);
#2366 = EDGE_CURVE('',#2308,#2367,#2369,.T.);
#2367 = VERTEX_POINT('',#2368);
#2368 = CARTESIAN_POINT('',(26.325825214725,3.674174785275,
    3.674174785275));
#2369 = SURFACE_CURVE('',#2370,(#2375,#2388),.PCURVE_S1.);
#2370 = ELLIPSE('',#2371,2.65165042945,1.875);
#2371 = AXIS2_PLACEMENT_3D('',#2372,#2373,#2374);
#2372 = CARTESIAN_POINT('',(25.,5.,5.));
#2373 = DIRECTION('',(0.707106781187,0.707106781187,-1.570092458684E-16)
  );
#2374 = DIRECTION('',(0.707106781187,-0.707106781187,0.));
#2375 = PCURVE('',#377,#2376);
#2376 = DEFINITIONAL_REPRESENTATION('',(#2377),#2387);
#2377 = B_SPLINE_CURVE_WITH_KNOTS('',8,(#2378,#2379,#2380,#2381,#2382,
    #2383,#2384,#2385,#2386),.UNSPECIFIED.,.F.,.F.,(9,9),(0.,
    1.570796326795),.PIECEWISE_BEZIER_KNOTS.);
#2378 = CARTESIAN_POINT('',(-6.28318530718,-16.875));
#2379 = CARTESIAN_POINT('',(-6.08683576633,-16.875));
#2380 = CARTESIAN_POINT('',(-5.890486225478,-16.792386045));
#2381 = CARTESIAN_POINT('',(-5.694136684644,-16.62715883693));
#2382 = CARTESIAN_POINT('',(-5.497787143755,-16.38611015721));
#2383 = CARTESIAN_POINT('',(-5.301437602931,-16.08283736477));
#2384 = CARTESIAN_POINT('',(-5.105088062082,-15.73631086557));
#2385 = CARTESIAN_POINT('',(-4.908738521234,-15.36815538909));
#2386 = CARTESIAN_POINT('',(-4.712388980385,-15.));
#2387 = ( GEOMETRIC_REPRESENTATION_CONTEXT(2) 
PARAMETRIC_REPRESENTATION_CONTEXT() REPRESENTATION_CONTEXT('2D SPACE',''
  ) );
#2388 = PCURVE('',#1557,#2389);
#2389 = DEFINITIONAL_REPRESENTATION('',(#2390),#2400);
#2390 = B_SPLINE_CURVE_WITH_KNOTS('',8,(#2391,#2392,#2393,#2394,#2395,
    #2396,#2397,#2398,#2399),.UNSPECIFIED.,.F.,.F.,(9,9),(0.,
    1.570796326795),.PIECEWISE_BEZIER_KNOTS.);
#2391 = CARTESIAN_POINT('',(-4.712388980385,-3.125));
#2392 = CARTESIAN_POINT('',(-4.516039439535,-3.125));
#2393 = CARTESIAN_POINT('',(-4.319689898685,-3.207613954973));
#2394 = CARTESIAN_POINT('',(-4.123340357828,-3.372841163122));
#2395 = CARTESIAN_POINT('',(-3.926990816984,-3.613889842676));
#2396 = CARTESIAN_POINT('',(-3.730641276132,-3.917162635234));
#2397 = CARTESIAN_POINT('',(-3.534291735287,-4.2636891344));
#2398 = CARTESIAN_POINT('',(-3.337942194439,-4.631844610907));
#2399 = CARTESIAN_POINT('',(-3.14159265359,-5.));
#2400 = ( GEOMETRIC_REPRESENTATION_CONTEXT(2) 
PARAMETRIC_REPRESENTATION_CONTEXT() REPRESENTATION_CONTEXT('2D SPACE',''
  ) );
#2401 = ORIENTED_EDGE('',*,*,#2402,.T.);
#2402 = EDGE_CURVE('',#2367,#2403,#2405,.T.);
#2403 = VERTEX_POINT('',#2404);
#2404 = CARTESIAN_POINT('',(23.674174785275,3.674174785275,
    3.674174785275));
#2405 = SURFACE_CURVE('',#2406,(#2411,#2431),.PCURVE_S1.);
#2406 = ELLIPSE('',#2407,2.65165042945,1.875);
#2407 = AXIS2_PLACEMENT_3D('',#2408,#2409,#2410);
#2408 = CARTESIAN_POINT('',(25.,5.,5.));
#2409 = DIRECTION('',(-0.,0.707106781187,-0.707106781187));
#2410 = DIRECTION('',(0.,0.707106781187,0.707106781187));
#2411 = PCURVE('',#377,#2412);
#2412 = DEFINITIONAL_REPRESENTATION('',(#2413),#2430);
#2413 = B_SPLINE_CURVE_WITH_KNOTS('',8,(#2414,#2415,#2416,#2417,#2418,
    #2419,#2420,#2421,#2422,#2423,#2424,#2425,#2426,#2427,#2428,#2429),
  .UNSPECIFIED.,.F.,.F.,(9,7,9),(1.570795986968,3.141592473763,
    4.712388960558),.UNSPECIFIED.);
#2414 = CARTESIAN_POINT('',(-6.283185647006,-14.99999936282));
#2415 = CARTESIAN_POINT('',(-6.086836086157,-15.36815478941));
#2416 = CARTESIAN_POINT('',(-5.890486525308,-15.7363103315));
#2417 = CARTESIAN_POINT('',(-5.694136964456,-16.08283691764));
#2418 = CARTESIAN_POINT('',(-5.497787403614,-16.38610980994));
#2419 = CARTESIAN_POINT('',(-5.301437842756,-16.62715859163));
#2420 = CARTESIAN_POINT('',(-5.105088281911,-16.79238589579));
#2421 = CARTESIAN_POINT('',(-4.908738721061,-16.87499993379));
#2422 = CARTESIAN_POINT('',(-4.516039599362,-16.8750000662));
#2423 = CARTESIAN_POINT('',(-4.319690038509,-16.79238616059));
#2424 = CARTESIAN_POINT('',(-4.123340477681,-16.62715898114));
#2425 = CARTESIAN_POINT('',(-3.926990916797,-16.38611030831));
#2426 = CARTESIAN_POINT('',(-3.730641355985,-16.08283750291));
#2427 = CARTESIAN_POINT('',(-3.534291795111,-15.73631097613));
#2428 = CARTESIAN_POINT('',(-3.337942234266,-15.36815546376));
#2429 = CARTESIAN_POINT('',(-3.141592673416,-15.00000003717));
#2430 = ( GEOMETRIC_REPRESENTATION_CONTEXT(2) 
PARAMETRIC_REPRESENTATION_CONTEXT() REPRESENTATION_CONTEXT('2D SPACE',''
  ) );
#2431 = PCURVE('',#754,#2432);
#2432 = DEFINITIONAL_REPRESENTATION('',(#2433),#2450);
#2433 = B_SPLINE_CURVE_WITH_KNOTS('',8,(#2434,#2435,#2436,#2437,#2438,
    #2439,#2440,#2441,#2442,#2443,#2444,#2445,#2446,#2447,#2448,#2449),
  .UNSPECIFIED.,.F.,.F.,(9,7,9),(1.570795986968,3.141592473763,
    4.712388960558),.UNSPECIFIED.);
#2434 = CARTESIAN_POINT('',(-6.283185647006,-5.000000637175));
#2435 = CARTESIAN_POINT('',(-6.086836086157,-4.631845210582));
#2436 = CARTESIAN_POINT('',(-5.890486525307,-4.263689668503));
#2437 = CARTESIAN_POINT('',(-5.694136964457,-3.917163082284));
#2438 = CARTESIAN_POINT('',(-5.49778740361,-3.613890190132));
#2439 = CARTESIAN_POINT('',(-5.301437842759,-3.37284140832));
#2440 = CARTESIAN_POINT('',(-5.10508828191,-3.207614104211));
#2441 = CARTESIAN_POINT('',(-4.908738721061,-3.125000066204));
#2442 = CARTESIAN_POINT('',(-4.516039599362,-3.124999933796));
#2443 = CARTESIAN_POINT('',(-4.319690038513,-3.207613839396));
#2444 = CARTESIAN_POINT('',(-4.123340477662,-3.372841018881));
#2445 = CARTESIAN_POINT('',(-3.926990916819,-3.613889691609));
#2446 = CARTESIAN_POINT('',(-3.73064135597,-3.917162497084));
#2447 = CARTESIAN_POINT('',(-3.534291795116,-4.263689023867));
#2448 = CARTESIAN_POINT('',(-3.337942234266,-4.631844536233));
#2449 = CARTESIAN_POINT('',(-3.141592673416,-4.999999962825));
#2450 = ( GEOMETRIC_REPRESENTATION_CONTEXT(2) 
PARAMETRIC_REPRESENTATION_CONTEXT() REPRESENTATION_CONTEXT('2D SPACE',''
  ) );
#2451 = ORIENTED_EDGE('',*,*,#2452,.F.);
#2452 = EDGE_CURVE('',#2256,#2403,#2453,.T.);
#2453 = SURFACE_CURVE('',#2454,(#2459,#2479),.PCURVE_S1.);
#2454 = ELLIPSE('',#2455,2.65165042945,1.875);
#2455 = AXIS2_PLACEMENT_3D('',#2456,#2457,#2458);
#2456 = CARTESIAN_POINT('',(25.,5.,5.));
#2457 = DIRECTION('',(0.707106781187,-0.707106781187,0.));
#2458 = DIRECTION('',(0.707106781187,0.707106781187,-1.570092458684E-16)
  );
#2459 = PCURVE('',#377,#2460);
#2460 = DEFINITIONAL_REPRESENTATION('',(#2461),#2478);
#2461 = B_SPLINE_CURVE_WITH_KNOTS('',8,(#2462,#2463,#2464,#2465,#2466,
    #2467,#2468,#2469,#2470,#2471,#2472,#2473,#2474,#2475,#2476,#2477),
  .UNSPECIFIED.,.F.,.F.,(9,7,9),(1.570796326795,3.14159265359,
    4.712388980385),.UNSPECIFIED.);
#2462 = CARTESIAN_POINT('',(-1.570796326795,-15.));
#2463 = CARTESIAN_POINT('',(-1.767145867644,-15.36815538909));
#2464 = CARTESIAN_POINT('',(-1.96349540849,-15.73631086558));
#2465 = CARTESIAN_POINT('',(-2.159844949349,-16.08283736476));
#2466 = CARTESIAN_POINT('',(-2.356194490167,-16.38611015729));
#2467 = CARTESIAN_POINT('',(-2.552544031041,-16.62715883684));
#2468 = CARTESIAN_POINT('',(-2.748893571888,-16.79238604501));
#2469 = CARTESIAN_POINT('',(-2.94524311274,-16.875));
#2470 = CARTESIAN_POINT('',(-3.337942194439,-16.875));
#2471 = CARTESIAN_POINT('',(-3.534291735289,-16.792386045));
#2472 = CARTESIAN_POINT('',(-3.730641276121,-16.62715883692));
#2473 = CARTESIAN_POINT('',(-3.926990817014,-16.38611015721));
#2474 = CARTESIAN_POINT('',(-4.123340357824,-16.08283736476));
#2475 = CARTESIAN_POINT('',(-4.319689898688,-15.73631086557));
#2476 = CARTESIAN_POINT('',(-4.516039439535,-15.36815538909));
#2477 = CARTESIAN_POINT('',(-4.712388980385,-15.));
#2478 = ( GEOMETRIC_REPRESENTATION_CONTEXT(2) 
PARAMETRIC_REPRESENTATION_CONTEXT() REPRESENTATION_CONTEXT('2D SPACE',''
  ) );
#2479 = PCURVE('',#2013,#2480);
#2480 = DEFINITIONAL_REPRESENTATION('',(#2481),#2498);
#2481 = B_SPLINE_CURVE_WITH_KNOTS('',8,(#2482,#2483,#2484,#2485,#2486,
    #2487,#2488,#2489,#2490,#2491,#2492,#2493,#2494,#2495,#2496,#2497),
  .UNSPECIFIED.,.F.,.F.,(9,7,9),(1.570796326795,3.14159265359,
    4.712388980385),.UNSPECIFIED.);
#2482 = CARTESIAN_POINT('',(-6.28318530718,-5.));
#2483 = CARTESIAN_POINT('',(-6.08683576633,-5.368155389093));
#2484 = CARTESIAN_POINT('',(-5.890486225481,-5.73631086559));
#2485 = CARTESIAN_POINT('',(-5.694136684632,-6.082837364782));
#2486 = CARTESIAN_POINT('',(-5.497787143784,-6.386110157291));
#2487 = CARTESIAN_POINT('',(-5.301437602933,-6.627158836898));
#2488 = CARTESIAN_POINT('',(-5.105088062084,-6.792386045019));
#2489 = CARTESIAN_POINT('',(-4.908738521234,-6.875));
#2490 = CARTESIAN_POINT('',(-4.516039439535,-6.875));
#2491 = CARTESIAN_POINT('',(-4.31968989869,-6.792386045019));
#2492 = CARTESIAN_POINT('',(-4.12334035783,-6.627158836891));
#2493 = CARTESIAN_POINT('',(-3.926990817,-6.386110157335));
#2494 = CARTESIAN_POINT('',(-3.730641276133,-6.082837364775));
#2495 = CARTESIAN_POINT('',(-3.534291735291,-5.736310865591));
#2496 = CARTESIAN_POINT('',(-3.337942194439,-5.368155389093));
#2497 = CARTESIAN_POINT('',(-3.14159265359,-5.));
#2498 = ( GEOMETRIC_REPRESENTATION_CONTEXT(2) 
PARAMETRIC_REPRESENTATION_CONTEXT() REPRESENTATION_CONTEXT('2D SPACE',''
  ) );
#2499 = ADVANCED_FACE('',(#2500),#457,.F.);
#2500 = FACE_BOUND('',#2501,.T.);
#2501 = EDGE_LOOP('',(#2502,#2540,#2561,#2562,#2563,#2597,#2598,#2599,
    #2600,#2636));
#2502 = ORIENTED_EDGE('',*,*,#2503,.T.);
#2503 = EDGE_CURVE('',#2504,#2506,#2508,.T.);
#2504 = VERTEX_POINT('',#2505);
#2505 = CARTESIAN_POINT('',(6.325825214725,6.325825214725,6.325825214725
    ));
#2506 = VERTEX_POINT('',#2507);
#2507 = CARTESIAN_POINT('',(6.875,5.,6.875));
#2508 = SURFACE_CURVE('',#2509,(#2514,#2527),.PCURVE_S1.);
#2509 = ELLIPSE('',#2510,2.65165042945,1.875);
#2510 = AXIS2_PLACEMENT_3D('',#2511,#2512,#2513);
#2511 = CARTESIAN_POINT('',(5.,5.,5.));
#2512 = DIRECTION('',(0.707106781187,0.,-0.707106781187));
#2513 = DIRECTION('',(0.707106781187,0.,0.707106781187));
#2514 = PCURVE('',#457,#2515);
#2515 = DEFINITIONAL_REPRESENTATION('',(#2516),#2526);
#2516 = B_SPLINE_CURVE_WITH_KNOTS('',8,(#2517,#2518,#2519,#2520,#2521,
    #2522,#2523,#2524,#2525),.UNSPECIFIED.,.F.,.F.,(9,9),(4.71238897933,
    6.28318530718),.PIECEWISE_BEZIER_KNOTS.);
#2517 = CARTESIAN_POINT('',(-1.570796327849,-4.999999998023));
#2518 = CARTESIAN_POINT('',(-1.374446786868,-5.368155387363));
#2519 = CARTESIAN_POINT('',(-1.178097245887,-5.736310864201));
#2520 = CARTESIAN_POINT('',(-0.981747704905,-6.082837363756));
#2521 = CARTESIAN_POINT('',(-0.785398163924,-6.38611015668));
#2522 = CARTESIAN_POINT('',(-0.589048622942,-6.627158836542));
#2523 = CARTESIAN_POINT('',(-0.392699081962,-6.792386044916));
#2524 = CARTESIAN_POINT('',(-0.196349540981,-6.875));
#2525 = CARTESIAN_POINT('',(-4.736951571734E-16,-6.875));
#2526 = ( GEOMETRIC_REPRESENTATION_CONTEXT(2) 
PARAMETRIC_REPRESENTATION_CONTEXT() REPRESENTATION_CONTEXT('2D SPACE',''
  ) );
#2527 = PCURVE('',#1645,#2528);
#2528 = DEFINITIONAL_REPRESENTATION('',(#2529),#2539);
#2529 = B_SPLINE_CURVE_WITH_KNOTS('',8,(#2530,#2531,#2532,#2533,#2534,
    #2535,#2536,#2537,#2538),.UNSPECIFIED.,.F.,.F.,(9,9),(4.71238897933,
    6.28318530718),.PIECEWISE_BEZIER_KNOTS.);
#2530 = CARTESIAN_POINT('',(-1.570796327849,-25.00000000197));
#2531 = CARTESIAN_POINT('',(-1.374446786868,-24.63184461263));
#2532 = CARTESIAN_POINT('',(-1.178097245886,-24.26368913579));
#2533 = CARTESIAN_POINT('',(-0.981747704909,-23.91716263619));
#2534 = CARTESIAN_POINT('',(-0.785398163922,-23.61388984328));
#2535 = CARTESIAN_POINT('',(-0.589048622946,-23.37284116334));
#2536 = CARTESIAN_POINT('',(-0.392699081962,-23.20761395507));
#2537 = CARTESIAN_POINT('',(-0.196349540981,-23.125));
#2538 = CARTESIAN_POINT('',(-4.736951571734E-16,-23.125));
#2539 = ( GEOMETRIC_REPRESENTATION_CONTEXT(2) 
PARAMETRIC_REPRESENTATION_CONTEXT() REPRESENTATION_CONTEXT('2D SPACE',''
  ) );
#2540 = ORIENTED_EDGE('',*,*,#2541,.T.);
#2541 = EDGE_CURVE('',#2506,#441,#2542,.T.);
#2542 = SEAM_CURVE('',#2543,(#2547,#2554),.PCURVE_S1.);
#2543 = LINE('',#2544,#2545);
#2544 = CARTESIAN_POINT('',(6.875,5.,0.));
#2545 = VECTOR('',#2546,1.);
#2546 = DIRECTION('',(0.,0.,1.));
#2547 = PCURVE('',#457,#2548);
#2548 = DEFINITIONAL_REPRESENTATION('',(#2549),#2553);
#2549 = LINE('',#2550,#2551);
#2550 = CARTESIAN_POINT('',(-6.28318530718,0.));
#2551 = VECTOR('',#2552,1.);
#2552 = DIRECTION('',(-0.,-1.));
#2553 = ( GEOMETRIC_REPRESENTATION_CONTEXT(2) 
PARAMETRIC_REPRESENTATION_CONTEXT() REPRESENTATION_CONTEXT('2D SPACE',''
  ) );
#2554 = PCURVE('',#457,#2555);
#2555 = DEFINITIONAL_REPRESENTATION('',(#2556),#2560);
#2556 = LINE('',#2557,#2558);
#2557 = CARTESIAN_POINT('',(-0.,0.));
#2558 = VECTOR('',#2559,1.);
#2559 = DIRECTION('',(-0.,-1.));
#2560 = ( GEOMETRIC_REPRESENTATION_CONTEXT(2) 
PARAMETRIC_REPRESENTATION_CONTEXT() REPRESENTATION_CONTEXT('2D SPACE',''
  ) );
#2561 = ORIENTED_EDGE('',*,*,#440,.T.);
#2562 = ORIENTED_EDGE('',*,*,#2541,.F.);
#2563 = ORIENTED_EDGE('',*,*,#2564,.T.);
#2564 = EDGE_CURVE('',#2506,#1573,#2565,.T.);
#2565 = SURFACE_CURVE('',#2566,(#2571,#2584),.PCURVE_S1.);
#2566 = ELLIPSE('',#2567,2.65165042945,1.875);
#2567 = AXIS2_PLACEMENT_3D('',#2568,#2569,#2570);
#2568 = CARTESIAN_POINT('',(5.,5.,5.));
#2569 = DIRECTION('',(0.707106781187,0.,-0.707106781187));
#2570 = DIRECTION('',(0.707106781187,0.,0.707106781187));
#2571 = PCURVE('',#457,#2572);
#2572 = DEFINITIONAL_REPRESENTATION('',(#2573),#2583);
#2573 = B_SPLINE_CURVE_WITH_KNOTS('',8,(#2574,#2575,#2576,#2577,#2578,
    #2579,#2580,#2581,#2582),.UNSPECIFIED.,.F.,.F.,(9,9),(0.,
    1.570796645741),.PIECEWISE_BEZIER_KNOTS.);
#2574 = CARTESIAN_POINT('',(-6.28318530718,-6.875));
#2575 = CARTESIAN_POINT('',(-6.086835726462,-6.875));
#2576 = CARTESIAN_POINT('',(-5.890486145744,-6.792386011472));
#2577 = CARTESIAN_POINT('',(-5.694136565029,-6.627158736253));
#2578 = CARTESIAN_POINT('',(-5.497786984309,-6.386109961524));
#2579 = CARTESIAN_POINT('',(-5.301437403593,-6.082837056863));
#2580 = CARTESIAN_POINT('',(-5.105087822875,-5.736310443423));
#2581 = CARTESIAN_POINT('',(-4.908738242157,-5.368154865822));
#2582 = CARTESIAN_POINT('',(-4.712388661439,-4.999999401977));
#2583 = ( GEOMETRIC_REPRESENTATION_CONTEXT(2) 
PARAMETRIC_REPRESENTATION_CONTEXT() REPRESENTATION_CONTEXT('2D SPACE',''
  ) );
#2584 = PCURVE('',#1645,#2585);
#2585 = DEFINITIONAL_REPRESENTATION('',(#2586),#2596);
#2586 = B_SPLINE_CURVE_WITH_KNOTS('',8,(#2587,#2588,#2589,#2590,#2591,
    #2592,#2593,#2594,#2595),.UNSPECIFIED.,.F.,.F.,(9,9),(0.,
    1.570796645741),.PIECEWISE_BEZIER_KNOTS.);
#2587 = CARTESIAN_POINT('',(-6.28318530718,-23.125));
#2588 = CARTESIAN_POINT('',(-6.086835726462,-23.125));
#2589 = CARTESIAN_POINT('',(-5.890486145744,-23.20761398853));
#2590 = CARTESIAN_POINT('',(-5.69413656503,-23.37284126365));
#2591 = CARTESIAN_POINT('',(-5.497786984307,-23.61389003848));
#2592 = CARTESIAN_POINT('',(-5.301437403595,-23.91716294297));
#2593 = CARTESIAN_POINT('',(-5.105087822874,-24.26368955657));
#2594 = CARTESIAN_POINT('',(-4.908738242157,-24.63184513417));
#2595 = CARTESIAN_POINT('',(-4.712388661439,-25.00000059802));
#2596 = ( GEOMETRIC_REPRESENTATION_CONTEXT(2) 
PARAMETRIC_REPRESENTATION_CONTEXT() REPRESENTATION_CONTEXT('2D SPACE',''
  ) );
#2597 = ORIENTED_EDGE('',*,*,#1572,.F.);
#2598 = ORIENTED_EDGE('',*,*,#1408,.F.);
#2599 = ORIENTED_EDGE('',*,*,#1349,.F.);
#2600 = ORIENTED_EDGE('',*,*,#2601,.T.);
#2601 = EDGE_CURVE('',#1300,#2602,#2604,.T.);
#2602 = VERTEX_POINT('',#2603);
#2603 = CARTESIAN_POINT('',(5.,6.875,6.875));
#2604 = SURFACE_CURVE('',#2605,(#2610,#2623),.PCURVE_S1.);
#2605 = ELLIPSE('',#2606,2.65165042945,1.875);
#2606 = AXIS2_PLACEMENT_3D('',#2607,#2608,#2609);
#2607 = CARTESIAN_POINT('',(5.,5.,5.));
#2608 = DIRECTION('',(-0.,0.707106781187,-0.707106781187));
#2609 = DIRECTION('',(0.,0.707106781187,0.707106781187));
#2610 = PCURVE('',#457,#2611);
#2611 = DEFINITIONAL_REPRESENTATION('',(#2612),#2622);
#2612 = B_SPLINE_CURVE_WITH_KNOTS('',8,(#2613,#2614,#2615,#2616,#2617,
    #2618,#2619,#2620,#2621),.UNSPECIFIED.,.F.,.F.,(9,9),(4.71238897933,
    6.28318530718),.PIECEWISE_BEZIER_KNOTS.);
#2613 = CARTESIAN_POINT('',(-3.141592654644,-4.999999998023));
#2614 = CARTESIAN_POINT('',(-2.945243113663,-5.368155387363));
#2615 = CARTESIAN_POINT('',(-2.748893572681,-5.736310864201));
#2616 = CARTESIAN_POINT('',(-2.552544031693,-6.082837363756));
#2617 = CARTESIAN_POINT('',(-2.356194490718,-6.38611015668));
#2618 = CARTESIAN_POINT('',(-2.15984494973,-6.627158836542));
#2619 = CARTESIAN_POINT('',(-1.963495408756,-6.792386044916));
#2620 = CARTESIAN_POINT('',(-1.767145867776,-6.875));
#2621 = CARTESIAN_POINT('',(-1.570796326795,-6.875));
#2622 = ( GEOMETRIC_REPRESENTATION_CONTEXT(2) 
PARAMETRIC_REPRESENTATION_CONTEXT() REPRESENTATION_CONTEXT('2D SPACE',''
  ) );
#2623 = PCURVE('',#1219,#2624);
#2624 = DEFINITIONAL_REPRESENTATION('',(#2625),#2635);
#2625 = B_SPLINE_CURVE_WITH_KNOTS('',8,(#2626,#2627,#2628,#2629,#2630,
    #2631,#2632,#2633,#2634),.UNSPECIFIED.,.F.,.F.,(9,9),(4.71238897933,
    6.28318530718),.PIECEWISE_BEZIER_KNOTS.);
#2626 = CARTESIAN_POINT('',(-3.141592654644,-15.00000000197));
#2627 = CARTESIAN_POINT('',(-2.945243113663,-14.63184461263));
#2628 = CARTESIAN_POINT('',(-2.748893572682,-14.26368913578));
#2629 = CARTESIAN_POINT('',(-2.552544031688,-13.91716263628));
#2630 = CARTESIAN_POINT('',(-2.356194490727,-13.61388984326));
#2631 = CARTESIAN_POINT('',(-2.159844949724,-13.37284116344));
#2632 = CARTESIAN_POINT('',(-1.963495408757,-13.20761395506));
#2633 = CARTESIAN_POINT('',(-1.767145867776,-13.125));
#2634 = CARTESIAN_POINT('',(-1.570796326795,-13.125));
#2635 = ( GEOMETRIC_REPRESENTATION_CONTEXT(2) 
PARAMETRIC_REPRESENTATION_CONTEXT() REPRESENTATION_CONTEXT('2D SPACE',''
  ) );
#2636 = ORIENTED_EDGE('',*,*,#2637,.T.);
#2637 = EDGE_CURVE('',#2602,#2504,#2638,.T.);
#2638 = SURFACE_CURVE('',#2639,(#2644,#2657),.PCURVE_S1.);
#2639 = ELLIPSE('',#2640,2.65165042945,1.875);
#2640 = AXIS2_PLACEMENT_3D('',#2641,#2642,#2643);
#2641 = CARTESIAN_POINT('',(5.,5.,5.));
#2642 = DIRECTION('',(-0.,0.707106781187,-0.707106781187));
#2643 = DIRECTION('',(0.,0.707106781187,0.707106781187));
#2644 = PCURVE('',#457,#2645);
#2645 = DEFINITIONAL_REPRESENTATION('',(#2646),#2656);
#2646 = B_SPLINE_CURVE_WITH_KNOTS('',8,(#2647,#2648,#2649,#2650,#2651,
    #2652,#2653,#2654,#2655),.UNSPECIFIED.,.F.,.F.,(9,9),(0.,
    1.570796326795),.PIECEWISE_BEZIER_KNOTS.);
#2647 = CARTESIAN_POINT('',(-1.570796326795,-6.875));
#2648 = CARTESIAN_POINT('',(-1.374446785946,-6.875));
#2649 = CARTESIAN_POINT('',(-1.178097245096,-6.792386045017));
#2650 = CARTESIAN_POINT('',(-0.981747704247,-6.627158836913));
#2651 = CARTESIAN_POINT('',(-0.785398163396,-6.386110157291));
#2652 = CARTESIAN_POINT('',(-0.589048622546,-6.082837364796));
#2653 = CARTESIAN_POINT('',(-0.392699081699,-5.736310865588));
#2654 = CARTESIAN_POINT('',(-0.196349540849,-5.368155389093));
#2655 = CARTESIAN_POINT('',(0.,-5.));
#2656 = ( GEOMETRIC_REPRESENTATION_CONTEXT(2) 
PARAMETRIC_REPRESENTATION_CONTEXT() REPRESENTATION_CONTEXT('2D SPACE',''
  ) );
#2657 = PCURVE('',#1219,#2658);
#2658 = DEFINITIONAL_REPRESENTATION('',(#2659),#2669);
#2659 = B_SPLINE_CURVE_WITH_KNOTS('',8,(#2660,#2661,#2662,#2663,#2664,
    #2665,#2666,#2667,#2668),.UNSPECIFIED.,.F.,.F.,(9,9),(0.,
    1.570796326795),.PIECEWISE_BEZIER_KNOTS.);
#2660 = CARTESIAN_POINT('',(-1.570796326795,-13.125));
#2661 = CARTESIAN_POINT('',(-1.374446785946,-13.125));
#2662 = CARTESIAN_POINT('',(-1.178097245096,-13.20761395496));
#2663 = CARTESIAN_POINT('',(-0.981747704246,-13.3728411631));
#2664 = CARTESIAN_POINT('',(-0.785398163396,-13.61388984262));
#2665 = CARTESIAN_POINT('',(-0.589048622549,-13.9171626352));
#2666 = CARTESIAN_POINT('',(-0.392699081698,-14.2636891344));
#2667 = CARTESIAN_POINT('',(-0.196349540849,-14.6318446109));
#2668 = CARTESIAN_POINT('',(8.881784197001E-16,-15.));
#2669 = ( GEOMETRIC_REPRESENTATION_CONTEXT(2) 
PARAMETRIC_REPRESENTATION_CONTEXT() REPRESENTATION_CONTEXT('2D SPACE',''
  ) );
#2670 = ADVANCED_FACE('',(#2671),#488,.F.);
#2671 = FACE_BOUND('',#2672,.F.);
#2672 = EDGE_LOOP('',(#2673,#2674,#2697,#2789,#2958,#3050,#3140,#3141,
    #3231));
#2673 = ORIENTED_EDGE('',*,*,#471,.F.);
#2674 = ORIENTED_EDGE('',*,*,#2675,.F.);
#2675 = EDGE_CURVE('',#2676,#472,#2678,.T.);
#2676 = VERTEX_POINT('',#2677);
#2677 = CARTESIAN_POINT('',(17.125,5.,6.875));
#2678 = SEAM_CURVE('',#2679,(#2683,#2690),.PCURVE_S1.);
#2679 = LINE('',#2680,#2681);
#2680 = CARTESIAN_POINT('',(17.125,5.,-15.));
#2681 = VECTOR('',#2682,1.);
#2682 = DIRECTION('',(0.,0.,1.));
#2683 = PCURVE('',#488,#2684);
#2684 = DEFINITIONAL_REPRESENTATION('',(#2685),#2689);
#2685 = LINE('',#2686,#2687);
#2686 = CARTESIAN_POINT('',(6.28318530718,-0.));
#2687 = VECTOR('',#2688,1.);
#2688 = DIRECTION('',(0.,1.));
#2689 = ( GEOMETRIC_REPRESENTATION_CONTEXT(2) 
PARAMETRIC_REPRESENTATION_CONTEXT() REPRESENTATION_CONTEXT('2D SPACE',''
  ) );
#2690 = PCURVE('',#488,#2691);
#2691 = DEFINITIONAL_REPRESENTATION('',(#2692),#2696);
#2692 = LINE('',#2693,#2694);
#2693 = CARTESIAN_POINT('',(0.,-0.));
#2694 = VECTOR('',#2695,1.);
#2695 = DIRECTION('',(0.,1.));
#2696 = ( GEOMETRIC_REPRESENTATION_CONTEXT(2) 
PARAMETRIC_REPRESENTATION_CONTEXT() REPRESENTATION_CONTEXT('2D SPACE',''
  ) );
#2697 = ORIENTED_EDGE('',*,*,#2698,.T.);
#2698 = EDGE_CURVE('',#2676,#2699,#2701,.T.);
#2699 = VERTEX_POINT('',#2700);
#2700 = CARTESIAN_POINT('',(16.502601910021,6.502601910021,
    6.121522402808));
#2701 = SURFACE_CURVE('',#2702,(#2729,#2759),.PCURVE_S1.);
#2702 = B_SPLINE_CURVE_WITH_KNOTS('',7,(#2703,#2704,#2705,#2706,#2707,
    #2708,#2709,#2710,#2711,#2712,#2713,#2714,#2715,#2716,#2717,#2718,
    #2719,#2720,#2721,#2722,#2723,#2724,#2725,#2726,#2727,#2728),
  .UNSPECIFIED.,.F.,.F.,(8,6,6,6,8),(0.,0.212420839914,0.341230365246,
    0.885372960125,1.),.UNSPECIFIED.);
#2703 = CARTESIAN_POINT('',(17.125,5.,6.875));
#2704 = CARTESIAN_POINT('',(17.125,5.073963375659,6.875));
#2705 = CARTESIAN_POINT('',(17.121996575434,5.147788184082,
    6.871595944008));
#2706 = CARTESIAN_POINT('',(17.116009893607,5.221074494044,6.86481132106
    ));
#2707 = CARTESIAN_POINT('',(17.107130863451,5.29342587678,6.854739847556
    ));
#2708 = CARTESIAN_POINT('',(17.095519887724,5.364453906992,
    6.841546295542));
#2709 = CARTESIAN_POINT('',(17.081405615212,5.433782663837,
    6.825467320987));
#2710 = CARTESIAN_POINT('',(17.055186269184,5.541845321593,
    6.795500099622));
#2711 = CARTESIAN_POINT('',(17.044467655423,5.581919213444,
    6.783230024361));
#2712 = CARTESIAN_POINT('',(17.032977185263,5.621249347507,
    6.770051998926));
#2713 = CARTESIAN_POINT('',(17.020765149723,5.659812258475,
    6.756016696602));
#2714 = CARTESIAN_POINT('',(17.007882797216,5.697586575715,
    6.741175531313));
#2715 = CARTESIAN_POINT('',(16.994382333545,5.734553023272,
    6.725580657623));
#2716 = CARTESIAN_POINT('',(16.920899036714,5.923370033541,
    6.640445517092));
#2717 = CARTESIAN_POINT('',(16.851386097522,6.061354109673,
    6.559086588125));
#2718 = CARTESIAN_POINT('',(16.775094961313,6.185082163673,
    6.468399311207));
#2719 = CARTESIAN_POINT('',(16.694602140111,6.295466480352,
    6.370643758196));
#2720 = CARTESIAN_POINT('',(16.611877158086,6.393643473213,
    6.267162170769));
#2721 = CARTESIAN_POINT('',(16.528357897079,6.48068756157,6.158502452791
    ));
#2722 = CARTESIAN_POINT('',(16.428416052302,6.573472480807,6.02012242991
    ));
#2723 = CARTESIAN_POINT('',(16.41107704366,6.589148013492,5.995804867952
    ));
#2724 = CARTESIAN_POINT('',(16.393806231314,6.604361222854,
    5.971245094934));
#2725 = CARTESIAN_POINT('',(16.376622790472,6.619117095307,
    5.946440139436));
#2726 = CARTESIAN_POINT('',(16.359548196135,6.633418943709,
    5.921386987908));
#2727 = CARTESIAN_POINT('',(16.342606501193,6.647268625547,
    5.896082504884));
#2728 = CARTESIAN_POINT('',(16.325824614519,6.660666761134,
    5.870523353198));
#2729 = PCURVE('',#488,#2730);
#2730 = DEFINITIONAL_REPRESENTATION('',(#2731),#2758);
#2731 = B_SPLINE_CURVE_WITH_KNOTS('',7,(#2732,#2733,#2734,#2735,#2736,
    #2737,#2738,#2739,#2740,#2741,#2742,#2743,#2744,#2745,#2746,#2747,
    #2748,#2749,#2750,#2751,#2752,#2753,#2754,#2755,#2756,#2757),
  .UNSPECIFIED.,.F.,.F.,(8,6,6,6,8),(0.,0.212420839914,0.341230365246,
    0.885372960125,1.),.UNSPECIFIED.);
#2732 = CARTESIAN_POINT('',(0.,21.875));
#2733 = CARTESIAN_POINT('',(3.480629442776E-02,21.875));
#2734 = CARTESIAN_POINT('',(6.95473358738E-02,21.871595944008));
#2735 = CARTESIAN_POINT('',(0.104103952436,21.86481132106));
#2736 = CARTESIAN_POINT('',(0.138357141812,21.854739847556));
#2737 = CARTESIAN_POINT('',(0.172184380369,21.841546295542));
#2738 = CARTESIAN_POINT('',(0.205455932214,21.825467320987));
#2739 = CARTESIAN_POINT('',(0.257784396249,21.795500099622));
#2740 = CARTESIAN_POINT('',(0.277300302314,21.783230024361));
#2741 = CARTESIAN_POINT('',(0.296574314808,21.770051998926));
#2742 = CARTESIAN_POINT('',(0.315601346468,21.756016696602));
#2743 = CARTESIAN_POINT('',(0.334375784417,21.741175531313));
#2744 = CARTESIAN_POINT('',(0.352891490161,21.725580657623));
#2745 = CARTESIAN_POINT('',(0.448238355191,21.640445517092));
#2746 = CARTESIAN_POINT('',(0.520615079464,21.559086588125));
#2747 = CARTESIAN_POINT('',(0.588644169852,21.468399311207));
#2748 = CARTESIAN_POINT('',(0.652626462723,21.370643758196));
#2749 = CARTESIAN_POINT('',(0.712834307345,21.267162170769));
#2750 = CARTESIAN_POINT('',(0.769507577481,21.158502452791));
#2751 = CARTESIAN_POINT('',(0.833682793644,21.02012242991));
#2752 = CARTESIAN_POINT('',(0.844681560333,20.995804867952));
#2753 = CARTESIAN_POINT('',(0.855511052333,20.971245094934));
#2754 = CARTESIAN_POINT('',(0.866168226231,20.946440139436));
#2755 = CARTESIAN_POINT('',(0.87664840906,20.921386987908));
#2756 = CARTESIAN_POINT('',(0.88694526784,20.896082504884));
#2757 = CARTESIAN_POINT('',(0.897050779112,20.870523353198));
#2758 = ( GEOMETRIC_REPRESENTATION_CONTEXT(2) 
PARAMETRIC_REPRESENTATION_CONTEXT() REPRESENTATION_CONTEXT('2D SPACE',''
  ) );
#2759 = PCURVE('',#2013,#2760);
#2760 = DEFINITIONAL_REPRESENTATION('',(#2761),#2788);
#2761 = B_SPLINE_CURVE_WITH_KNOTS('',7,(#2762,#2763,#2764,#2765,#2766,
    #2767,#2768,#2769,#2770,#2771,#2772,#2773,#2774,#2775,#2776,#2777,
    #2778,#2779,#2780,#2781,#2782,#2783,#2784,#2785,#2786,#2787),
  .UNSPECIFIED.,.F.,.F.,(8,6,6,6,8),(0.,0.212420839914,0.341230365246,
    0.885372960125,1.),.UNSPECIFIED.);
#2762 = CARTESIAN_POINT('',(0.,-12.875));
#2763 = CARTESIAN_POINT('',(-3.94471336848E-02,-12.875));
#2764 = CARTESIAN_POINT('',(-7.882036608581E-02,-12.87800342456));
#2765 = CARTESIAN_POINT('',(-0.118006658016,-12.88399010639));
#2766 = CARTESIAN_POINT('',(-0.1568931338,-12.89286913654));
#2767 = CARTESIAN_POINT('',(-0.195361762764,-12.90448011227));
#2768 = CARTESIAN_POINT('',(-0.233284040726,-12.91859438478));
#2769 = CARTESIAN_POINT('',(-0.293092499097,-12.94481373081));
#2770 = CARTESIAN_POINT('',(-0.315436737377,-12.95553234457));
#2771 = CARTESIAN_POINT('',(-0.337546926206,-12.96702281473));
#2772 = CARTESIAN_POINT('',(-0.359420844023,-12.97923485027));
#2773 = CARTESIAN_POINT('',(-0.381055507826,-12.99211720278));
#2774 = CARTESIAN_POINT('',(-0.402447173167,-13.00561766645));
#2775 = CARTESIAN_POINT('',(-0.512912668097,-13.07910096328));
#2776 = CARTESIAN_POINT('',(-0.597835443849,-13.14861390247));
#2777 = CARTESIAN_POINT('',(-0.679036409117,-13.22490503868));
#2778 = CARTESIAN_POINT('',(-0.757110519693,-13.30539785988));
#2779 = CARTESIAN_POINT('',(-0.832756076735,-13.38812284191));
#2780 = CARTESIAN_POINT('',(-0.906742994363,-13.47164210292));
#2781 = CARTESIAN_POINT('',(-0.995600348366,-13.57158394769));
#2782 = CARTESIAN_POINT('',(-1.011028279605,-13.58892295634));
#2783 = CARTESIAN_POINT('',(-1.026432220078,-13.60619376868));
#2784 = CARTESIAN_POINT('',(-1.04182089184,-13.62337720952));
#2785 = CARTESIAN_POINT('',(-1.057202501216,-13.64045180386));
#2786 = CARTESIAN_POINT('',(-1.072584910143,-13.6573934988));
#2787 = CARTESIAN_POINT('',(-1.087975807513,-13.67417538548));
#2788 = ( GEOMETRIC_REPRESENTATION_CONTEXT(2) 
PARAMETRIC_REPRESENTATION_CONTEXT() REPRESENTATION_CONTEXT('2D SPACE',''
  ) );
#2789 = ORIENTED_EDGE('',*,*,#2790,.T.);
#2790 = EDGE_CURVE('',#2699,#2791,#2793,.T.);
#2791 = VERTEX_POINT('',#2792);
#2792 = CARTESIAN_POINT('',(13.497398089979,6.502601910021,
    6.121522402808));
#2793 = SURFACE_CURVE('',#2794,(#2845,#2899),.PCURVE_S1.);
#2794 = B_SPLINE_CURVE_WITH_KNOTS('',7,(#2795,#2796,#2797,#2798,#2799,
    #2800,#2801,#2802,#2803,#2804,#2805,#2806,#2807,#2808,#2809,#2810,
    #2811,#2812,#2813,#2814,#2815,#2816,#2817,#2818,#2819,#2820,#2821,
    #2822,#2823,#2824,#2825,#2826,#2827,#2828,#2829,#2830,#2831,#2832,
    #2833,#2834,#2835,#2836,#2837,#2838,#2839,#2840,#2841,#2842,#2843,
    #2844),.UNSPECIFIED.,.F.,.F.,(8,6,6,6,6,6,6,6,8),(0.,
    5.622490263377E-02,0.327891299589,0.393756582816,0.499997311081,
    0.60805224122,0.671864985908,0.942689785283,1.),.UNSPECIFIED.);
#2795 = CARTESIAN_POINT('',(16.660666761134,6.325824614519,
    5.870523353198));
#2796 = CARTESIAN_POINT('',(16.647521029228,6.342290351984,
    5.895601003267));
#2797 = CARTESIAN_POINT('',(16.633941746433,6.358908337183,
    5.920431377698));
#2798 = CARTESIAN_POINT('',(16.619927384597,6.375654861024,
    5.945019603479));
#2799 = CARTESIAN_POINT('',(16.605475556421,6.392507797921,
    5.969369732151));
#2800 = CARTESIAN_POINT('',(16.590583015459,6.409446605795,
    5.993484739813));
#2801 = CARTESIAN_POINT('',(16.57524565612,6.426452326071,6.017366527114
    ));
#2802 = CARTESIAN_POINT('',(16.483178504142,6.525914847504,
    6.155284594767));
#2803 = CARTESIAN_POINT('',(16.39654657093,6.609314123249,6.263907598795
    ));
#2804 = CARTESIAN_POINT('',(16.298866315342,6.691923541324,
    6.367335400626));
#2805 = CARTESIAN_POINT('',(16.189083732724,6.772324581744,
    6.465055470843));
#2806 = CARTESIAN_POINT('',(16.066051390279,6.848601079772,
    6.555785599873));
#2807 = CARTESIAN_POINT('',(15.92880224894,6.918232663151,6.637327132312
    ));
#2808 = CARTESIAN_POINT('',(15.73995879419,6.992398906765,6.723289101727
    ));
#2809 = CARTESIAN_POINT('',(15.702243845226,7.006286556166,
    6.739336258666));
#2810 = CARTESIAN_POINT('',(15.663682275684,7.01953245436,6.754599718953
    ));
#2811 = CARTESIAN_POINT('',(15.624294152922,7.032080845055,
    6.769023824975));
#2812 = CARTESIAN_POINT('',(15.584101832015,7.04387695808,6.782553661633
    ));
#2813 = CARTESIAN_POINT('',(15.543129955754,7.05486700937,6.79513505634)
  );
#2814 = CARTESIAN_POINT('',(15.434103817616,7.081339817112,
    6.825392353755));
#2815 = CARTESIAN_POINT('',(15.364731966351,7.095474247249,
    6.841494424749));
#2816 = CARTESIAN_POINT('',(15.293652024937,7.107103255943,
    6.854708527147));
#2817 = CARTESIAN_POINT('',(15.221243356587,7.115996406102,6.86479603289
    ));
#2818 = CARTESIAN_POINT('',(15.147897934644,7.121992329951,
    6.871591129689));
#2819 = CARTESIAN_POINT('',(15.074015713581,7.125,6.875));
#2820 = CARTESIAN_POINT('',(14.924720369572,7.125,6.875));
#2821 = CARTESIAN_POINT('',(14.849586494178,7.121888730826,
    6.871473703557));
#2822 = CARTESIAN_POINT('',(14.775018719721,7.115687771032,
    6.864446261627));
#2823 = CARTESIAN_POINT('',(14.701433620734,7.106494305596,
    6.854017800857));
#2824 = CARTESIAN_POINT('',(14.629239078024,7.094479740902,6.84036432981
    ));
#2825 = CARTESIAN_POINT('',(14.558829356312,7.079888319726,
    6.823738645184));
#2826 = CARTESIAN_POINT('',(14.450275059853,7.053083301767,
    6.793092709248));
#2827 = CARTESIAN_POINT('',(14.410681040189,7.042331740214,
    6.780780939357));
#2828 = CARTESIAN_POINT('',(14.371821991021,7.030829175757,
    6.767584596923));
#2829 = CARTESIAN_POINT('',(14.333719769413,7.01862454481,6.753552942633
    ));
#2830 = CARTESIAN_POINT('',(14.296394221355,7.005767595998,
    6.738735829296));
#2831 = CARTESIAN_POINT('',(14.259863181755,6.992308890159,
    6.723183701843));
#2832 = CARTESIAN_POINT('',(14.072541827302,6.918844452401,
    6.638040676494));
#2833 = CARTESIAN_POINT('',(13.935594068044,6.849497221411,
    6.556841201594));
#2834 = CARTESIAN_POINT('',(13.812781173152,6.773523630155,
    6.466489129737));
#2835 = CARTESIAN_POINT('',(13.703147889931,6.693426414513,
    6.369169698625));
#2836 = CARTESIAN_POINT('',(13.605558401711,6.611109921227,
    6.266162761733));
#2837 = CARTESIAN_POINT('',(13.518965710237,6.527984424153,
    6.157985340143));
#2838 = CARTESIAN_POINT('',(13.426527519194,6.428416052302,6.02012242991
    ));
#2839 = CARTESIAN_POINT('',(13.410851986508,6.41107704366,5.995804867952
    ));
#2840 = CARTESIAN_POINT('',(13.395638777146,6.393806231314,
    5.971245094934));
#2841 = CARTESIAN_POINT('',(13.380882904693,6.376622790472,
    5.946440139436));
#2842 = CARTESIAN_POINT('',(13.366581056291,6.359548196135,
    5.921386987908));
#2843 = CARTESIAN_POINT('',(13.352731374453,6.342606501193,
    5.896082504884));
#2844 = CARTESIAN_POINT('',(13.339333238866,6.325824614519,
    5.870523353198));
#2845 = PCURVE('',#488,#2846);
#2846 = DEFINITIONAL_REPRESENTATION('',(#2847),#2898);
#2847 = B_SPLINE_CURVE_WITH_KNOTS('',7,(#2848,#2849,#2850,#2851,#2852,
    #2853,#2854,#2855,#2856,#2857,#2858,#2859,#2860,#2861,#2862,#2863,
    #2864,#2865,#2866,#2867,#2868,#2869,#2870,#2871,#2872,#2873,#2874,
    #2875,#2876,#2877,#2878,#2879,#2880,#2881,#2882,#2883,#2884,#2885,
    #2886,#2887,#2888,#2889,#2890,#2891,#2892,#2893,#2894,#2895,#2896,
    #2897),.UNSPECIFIED.,.F.,.F.,(8,6,6,6,6,6,6,6,8),(0.,
    5.622490263377E-02,0.327891299589,0.393756582816,0.499997311081,
    0.60805224122,0.671864985908,0.942689785283,1.),.UNSPECIFIED.);
#2848 = CARTESIAN_POINT('',(0.673745547683,20.870523353198));
#2849 = CARTESIAN_POINT('',(0.683660684091,20.895601003267));
#2850 = CARTESIAN_POINT('',(0.693759106996,20.920431377698));
#2851 = CARTESIAN_POINT('',(0.704034134688,20.945019603479));
#2852 = CARTESIAN_POINT('',(0.714480186654,20.969369732151));
#2853 = CARTESIAN_POINT('',(0.725092783573,20.993484739813));
#2854 = CARTESIAN_POINT('',(0.735868547314,21.017366527114));
#2855 = CARTESIAN_POINT('',(0.799648712392,21.155284594767));
#2856 = CARTESIAN_POINT('',(0.856143898145,21.263907598795));
#2857 = CARTESIAN_POINT('',(0.916139825372,21.367335400626));
#2858 = CARTESIAN_POINT('',(0.97987161491,21.465055470843));
#2859 = CARTESIAN_POINT('',(1.047623932612,21.555785599873));
#2860 = CARTESIAN_POINT('',(1.119720236895,21.637327132312));
#2861 = CARTESIAN_POINT('',(1.215195715258,21.723289101727));
#2862 = CARTESIAN_POINT('',(1.234104596436,21.739336258666));
#2863 = CARTESIAN_POINT('',(1.253284485146,21.754599718953));
#2864 = CARTESIAN_POINT('',(1.272728978638,21.769023824975));
#2865 = CARTESIAN_POINT('',(1.292432243744,21.782553661633));
#2866 = CARTESIAN_POINT('',(1.312389016874,21.79513505634));
#2867 = CARTESIAN_POINT('',(1.365186224196,21.825392353755));
#2868 = CARTESIAN_POINT('',(1.398479512594,21.841494424749));
#2869 = CARTESIAN_POINT('',(1.432332137447,21.854708527147));
#2870 = CARTESIAN_POINT('',(1.466612764314,21.86479603289));
#2871 = CARTESIAN_POINT('',(1.501197344379,21.871591129689));
#2872 = CARTESIAN_POINT('',(1.535965402757,21.875));
#2873 = CARTESIAN_POINT('',(1.606222035232,21.875));
#2874 = CARTESIAN_POINT('',(1.641579103292,21.871473703557));
#2875 = CARTESIAN_POINT('',(1.676742512896,21.864446261627));
#2876 = CARTESIAN_POINT('',(1.711587401189,21.854017800857));
#2877 = CARTESIAN_POINT('',(1.745985074956,21.84036432981));
#2878 = CARTESIAN_POINT('',(1.77979902505,21.823738645184));
#2879 = CARTESIAN_POINT('',(1.832417743453,21.793092709248));
#2880 = CARTESIAN_POINT('',(1.851719817103,21.780780939357));
#2881 = CARTESIAN_POINT('',(1.870783013141,21.767584596923));
#2882 = CARTESIAN_POINT('',(1.889602686275,21.753552942633));
#2883 = CARTESIAN_POINT('',(1.908173694539,21.738735829296));
#2884 = CARTESIAN_POINT('',(1.926490399296,21.723183701843));
#2885 = CARTESIAN_POINT('',(2.021178451339,21.638040676494));
#2886 = CARTESIAN_POINT('',(2.093090536267,21.556841201594));
#2887 = CARTESIAN_POINT('',(2.160682651207,21.466489129737));
#2888 = CARTESIAN_POINT('',(2.224275225036,21.369169698625));
#2889 = CARTESIAN_POINT('',(2.284150772285,21.266162761733));
#2890 = CARTESIAN_POINT('',(2.340543720799,21.157985340143));
#2891 = CARTESIAN_POINT('',(2.404479120439,21.02012242991));
#2892 = CARTESIAN_POINT('',(2.415477887128,20.995804867952));
#2893 = CARTESIAN_POINT('',(2.426307379128,20.971245094934));
#2894 = CARTESIAN_POINT('',(2.436964553026,20.946440139436));
#2895 = CARTESIAN_POINT('',(2.447444735855,20.921386987908));
#2896 = CARTESIAN_POINT('',(2.457741594635,20.896082504884));
#2897 = CARTESIAN_POINT('',(2.467847105907,20.870523353198));
#2898 = ( GEOMETRIC_REPRESENTATION_CONTEXT(2) 
PARAMETRIC_REPRESENTATION_CONTEXT() REPRESENTATION_CONTEXT('2D SPACE',''
  ) );
#2899 = PCURVE('',#2900,#2905);
#2900 = CYLINDRICAL_SURFACE('',#2901,1.875);
#2901 = AXIS2_PLACEMENT_3D('',#2902,#2903,#2904);
#2902 = CARTESIAN_POINT('',(15.,20.,5.));
#2903 = DIRECTION('',(-0.,1.,-1.110223024625E-16));
#2904 = DIRECTION('',(1.,0.,0.));
#2905 = DEFINITIONAL_REPRESENTATION('',(#2906),#2957);
#2906 = B_SPLINE_CURVE_WITH_KNOTS('',7,(#2907,#2908,#2909,#2910,#2911,
    #2912,#2913,#2914,#2915,#2916,#2917,#2918,#2919,#2920,#2921,#2922,
    #2923,#2924,#2925,#2926,#2927,#2928,#2929,#2930,#2931,#2932,#2933,
    #2934,#2935,#2936,#2937,#2938,#2939,#2940,#2941,#2942,#2943,#2944,
    #2945,#2946,#2947,#2948,#2949,#2950,#2951,#2952,#2953,#2954,#2955,
    #2956),.UNSPECIFIED.,.F.,.F.,(8,6,6,6,6,6,6,6,8),(0.,
    5.622490263377E-02,0.327891299589,0.393756582816,0.499997311081,
    0.60805224122,0.671864985908,0.942689785283,1.),.UNSPECIFIED.);
#2907 = CARTESIAN_POINT('',(-0.482820519282,-13.67417538548));
#2908 = CARTESIAN_POINT('',(-0.497921471897,-13.65770964801));
#2909 = CARTESIAN_POINT('',(-0.513013007271,-13.64109166281));
#2910 = CARTESIAN_POINT('',(-0.528103468638,-13.62434513897));
#2911 = CARTESIAN_POINT('',(-0.543200975878,-13.60749220207));
#2912 = CARTESIAN_POINT('',(-0.558313425527,-13.5905533942));
#2913 = CARTESIAN_POINT('',(-0.573448490772,-13.57354767392));
#2914 = CARTESIAN_POINT('',(-0.661888206509,-13.47408515249));
#2915 = CARTESIAN_POINT('',(-0.735723791285,-13.39068587675));
#2916 = CARTESIAN_POINT('',(-0.811169015839,-13.30807645867));
#2917 = CARTESIAN_POINT('',(-0.888996206237,-13.22767541825));
#2918 = CARTESIAN_POINT('',(-0.969919174273,-13.15139892022));
#2919 = CARTESIAN_POINT('',(-1.054558343923,-13.08176733684));
#2920 = CARTESIAN_POINT('',(-1.165218662568,-13.00760109323));
#2921 = CARTESIAN_POINT('',(-1.187071590376,-12.99371344383));
#2922 = CARTESIAN_POINT('',(-1.209178757089,-12.98046754564));
#2923 = CARTESIAN_POINT('',(-1.231536339557,-12.96791915494));
#2924 = CARTESIAN_POINT('',(-1.254141338536,-12.95612304192));
#2925 = CARTESIAN_POINT('',(-1.276991578679,-12.94513299063));
#2926 = CARTESIAN_POINT('',(-1.33733654927,-12.91866018288));
#2927 = CARTESIAN_POINT('',(-1.375283952952,-12.90452575275));
#2928 = CARTESIAN_POINT('',(-1.413781667784,-12.89289674405));
#2929 = CARTESIAN_POINT('',(-1.452699395686,-12.88400359389));
#2930 = CARTESIAN_POINT('',(-1.491917427729,-12.87800767004));
#2931 = CARTESIAN_POINT('',(-1.531321279552,-12.875));
#2932 = CARTESIAN_POINT('',(-1.610945463023,-12.875));
#2933 = CARTESIAN_POINT('',(-1.651016864552,-12.87811126917));
#2934 = CARTESIAN_POINT('',(-1.690892052715,-12.88431222896));
#2935 = CARTESIAN_POINT('',(-1.7304527031,-12.8935056944));
#2936 = CARTESIAN_POINT('',(-1.769574887117,-12.90552025909));
#2937 = CARTESIAN_POINT('',(-1.808123313591,-12.92011168027));
#2938 = CARTESIAN_POINT('',(-1.868281821064,-12.94691669823));
#2939 = CARTESIAN_POINT('',(-1.890388315377,-12.95766825978));
#2940 = CARTESIAN_POINT('',(-1.912263939442,-12.96917082424));
#2941 = CARTESIAN_POINT('',(-1.933906862054,-12.98137545519));
#2942 = CARTESIAN_POINT('',(-1.95531453463,-12.994232404));
#2943 = CARTESIAN_POINT('',(-1.976483691212,-13.00769110984));
#2944 = CARTESIAN_POINT('',(-2.086224233186,-13.08115554759));
#2945 = CARTESIAN_POINT('',(-2.170636412237,-13.15050277858));
#2946 = CARTESIAN_POINT('',(-2.251350193901,-13.22647636984));
#2947 = CARTESIAN_POINT('',(-2.328980064805,-13.30657358548));
#2948 = CARTESIAN_POINT('',(-2.404232176769,-13.38889007877));
#2949 = CARTESIAN_POINT('',(-2.477871372423,-13.47201557584));
#2950 = CARTESIAN_POINT('',(-2.566396675161,-13.57158394769));
#2951 = CARTESIAN_POINT('',(-2.581824606399,-13.58892295634));
#2952 = CARTESIAN_POINT('',(-2.597228546873,-13.60619376868));
#2953 = CARTESIAN_POINT('',(-2.612617218635,-13.62337720952));
#2954 = CARTESIAN_POINT('',(-2.627998828011,-13.64045180386));
#2955 = CARTESIAN_POINT('',(-2.643381236938,-13.6573934988));
#2956 = CARTESIAN_POINT('',(-2.658772134308,-13.67417538548));
#2957 = ( GEOMETRIC_REPRESENTATION_CONTEXT(2) 
PARAMETRIC_REPRESENTATION_CONTEXT() REPRESENTATION_CONTEXT('2D SPACE',''
  ) );
#2958 = ORIENTED_EDGE('',*,*,#2959,.F.);
#2959 = EDGE_CURVE('',#2960,#2791,#2962,.T.);
#2960 = VERTEX_POINT('',#2961);
#2961 = CARTESIAN_POINT('',(12.875,5.,6.875));
#2962 = SURFACE_CURVE('',#2963,(#2990,#3020),.PCURVE_S1.);
#2963 = B_SPLINE_CURVE_WITH_KNOTS('',7,(#2964,#2965,#2966,#2967,#2968,
    #2969,#2970,#2971,#2972,#2973,#2974,#2975,#2976,#2977,#2978,#2979,
    #2980,#2981,#2982,#2983,#2984,#2985,#2986,#2987,#2988,#2989),
  .UNSPECIFIED.,.F.,.F.,(8,6,6,6,8),(0.,0.212420727601,0.341230234109,
    0.885372937304,1.),.UNSPECIFIED.);
#2964 = CARTESIAN_POINT('',(12.875,5.,6.875));
#2965 = CARTESIAN_POINT('',(12.875,5.073963375588,6.875));
#2966 = CARTESIAN_POINT('',(12.878003424561,5.14778818407,6.871595944014
    ));
#2967 = CARTESIAN_POINT('',(12.883990106395,5.221074494093,
    6.864811321058));
#2968 = CARTESIAN_POINT('',(12.892869136559,5.293425876837,
    6.854739847545));
#2969 = CARTESIAN_POINT('',(12.904480112282,5.364453907001,
    6.841546295535));
#2970 = CARTESIAN_POINT('',(12.918594384779,5.433782663799,
    6.825467320998));
#2971 = CARTESIAN_POINT('',(12.944813734611,5.541845337236,
    6.795500095284));
#2972 = CARTESIAN_POINT('',(12.955532344503,5.581919216644,
    6.783230024481));
#2973 = CARTESIAN_POINT('',(12.96702281102,5.621249336995,6.770052003221
    ));
#2974 = CARTESIAN_POINT('',(12.979234846986,5.659812246701,6.75601670038
    ));
#2975 = CARTESIAN_POINT('',(12.992117203774,5.697586575762,6.74117553014
    ));
#2976 = CARTESIAN_POINT('',(13.005617671317,5.734553035765,6.72558065199
    ));
#2977 = CARTESIAN_POINT('',(13.079100963297,5.923370033566,
    6.640445517078));
#2978 = CARTESIAN_POINT('',(13.148613902495,6.061354109704,
    6.559086588106));
#2979 = CARTESIAN_POINT('',(13.224905038709,6.185082163708,6.46839931118
    ));
#2980 = CARTESIAN_POINT('',(13.305397859917,6.295466480389,
    6.370643758162));
#2981 = CARTESIAN_POINT('',(13.388122841946,6.393643473252,
    6.267162170728));
#2982 = CARTESIAN_POINT('',(13.471642102959,6.480687561609,
    6.158502452742));
#2983 = CARTESIAN_POINT('',(13.571583947741,6.573472480846,
    6.020122429849));
#2984 = CARTESIAN_POINT('',(13.588922956384,6.589148013532,
    5.995804867889));
#2985 = CARTESIAN_POINT('',(13.606193768732,6.604361222894,
    5.971245094867));
#2986 = CARTESIAN_POINT('',(13.623377209576,6.619117095348,
    5.946440139367));
#2987 = CARTESIAN_POINT('',(13.640451803914,6.63341894375,5.921386987836
    ));
#2988 = CARTESIAN_POINT('',(13.657393498857,6.647268625588,
    5.896082504809));
#2989 = CARTESIAN_POINT('',(13.674175385533,6.660666761175,5.87052335312
    ));
#2990 = PCURVE('',#488,#2991);
#2991 = DEFINITIONAL_REPRESENTATION('',(#2992),#3019);
#2992 = B_SPLINE_CURVE_WITH_KNOTS('',7,(#2993,#2994,#2995,#2996,#2997,
    #2998,#2999,#3000,#3001,#3002,#3003,#3004,#3005,#3006,#3007,#3008,
    #3009,#3010,#3011,#3012,#3013,#3014,#3015,#3016,#3017,#3018),
  .UNSPECIFIED.,.F.,.F.,(8,6,6,6,8),(0.,0.212420727601,0.341230234109,
    0.885372937304,1.),.UNSPECIFIED.);
#2993 = CARTESIAN_POINT('',(3.14159265359,21.875));
#2994 = CARTESIAN_POINT('',(3.106786359196,21.875));
#2995 = CARTESIAN_POINT('',(3.072045317722,21.871595944014));
#2996 = CARTESIAN_POINT('',(3.037488701131,21.864811321058));
#2997 = CARTESIAN_POINT('',(3.003235511751,21.854739847545));
#2998 = CARTESIAN_POINT('',(2.969408273216,21.841546295535));
#2999 = CARTESIAN_POINT('',(2.936136721395,21.825467320998));
#3000 = CARTESIAN_POINT('',(2.883808249766,21.795500095284));
#3001 = CARTESIAN_POINT('',(2.864292349845,21.783230024481));
#3002 = CARTESIAN_POINT('',(2.845018344035,21.770052003221));
#3003 = CARTESIAN_POINT('',(2.825991312882,21.75601670038));
#3004 = CARTESIAN_POINT('',(2.80721686901,21.74117553014));
#3005 = CARTESIAN_POINT('',(2.78870115712,21.72558065199));
#3006 = CARTESIAN_POINT('',(2.693354298385,21.640445517078));
#3007 = CARTESIAN_POINT('',(2.62097757411,21.559086588106));
#3008 = CARTESIAN_POINT('',(2.552948483719,21.46839931118));
#3009 = CARTESIAN_POINT('',(2.488966190845,21.370643758163));
#3010 = CARTESIAN_POINT('',(2.428758346221,21.267162170728));
#3011 = CARTESIAN_POINT('',(2.372085076083,21.158502452742));
#3012 = CARTESIAN_POINT('',(2.307909859918,21.020122429849));
#3013 = CARTESIAN_POINT('',(2.296911093229,20.995804867889));
#3014 = CARTESIAN_POINT('',(2.286081601228,20.971245094867));
#3015 = CARTESIAN_POINT('',(2.27542442733,20.946440139367));
#3016 = CARTESIAN_POINT('',(2.2649442445,20.921386987836));
#3017 = CARTESIAN_POINT('',(2.25464738572,20.896082504809));
#3018 = CARTESIAN_POINT('',(2.244541874447,20.87052335312));
#3019 = ( GEOMETRIC_REPRESENTATION_CONTEXT(2) 
PARAMETRIC_REPRESENTATION_CONTEXT() REPRESENTATION_CONTEXT('2D SPACE',''
  ) );
#3020 = PCURVE('',#1645,#3021);
#3021 = DEFINITIONAL_REPRESENTATION('',(#3022),#3049);
#3022 = B_SPLINE_CURVE_WITH_KNOTS('',7,(#3023,#3024,#3025,#3026,#3027,
    #3028,#3029,#3030,#3031,#3032,#3033,#3034,#3035,#3036,#3037,#3038,
    #3039,#3040,#3041,#3042,#3043,#3044,#3045,#3046,#3047,#3048),
  .UNSPECIFIED.,.F.,.F.,(8,6,6,6,8),(0.,0.212420727601,0.341230234109,
    0.885372937304,1.),.UNSPECIFIED.);
#3023 = CARTESIAN_POINT('',(0.,-17.125));
#3024 = CARTESIAN_POINT('',(-3.944713364678E-02,-17.125));
#3025 = CARTESIAN_POINT('',(-7.882036607856E-02,-17.12199657543));
#3026 = CARTESIAN_POINT('',(-0.118006658042,-17.1160098936));
#3027 = CARTESIAN_POINT('',(-0.156893133831,-17.10713086344));
#3028 = CARTESIAN_POINT('',(-0.19536176277,-17.09551988771));
#3029 = CARTESIAN_POINT('',(-0.233284040704,-17.08140561522));
#3030 = CARTESIAN_POINT('',(-0.293092507755,-17.05518626538));
#3031 = CARTESIAN_POINT('',(-0.315436738967,-17.04446765549));
#3032 = CARTESIAN_POINT('',(-0.33754692014,-17.03297718898));
#3033 = CARTESIAN_POINT('',(-0.359420837417,-17.02076515301));
#3034 = CARTESIAN_POINT('',(-0.381055508065,-17.00788279622));
#3035 = CARTESIAN_POINT('',(-0.402447180476,-16.99438232868));
#3036 = CARTESIAN_POINT('',(-0.512912668113,-16.9208990367));
#3037 = CARTESIAN_POINT('',(-0.597835443868,-16.8513860975));
#3038 = CARTESIAN_POINT('',(-0.67903640914,-16.77509496129));
#3039 = CARTESIAN_POINT('',(-0.75711051972,-16.69460214008));
#3040 = CARTESIAN_POINT('',(-0.832756076765,-16.61187715805));
#3041 = CARTESIAN_POINT('',(-0.906742994396,-16.52835789704));
#3042 = CARTESIAN_POINT('',(-0.995600348405,-16.42841605225));
#3043 = CARTESIAN_POINT('',(-1.011028279644,-16.41107704361));
#3044 = CARTESIAN_POINT('',(-1.026432220119,-16.39380623126));
#3045 = CARTESIAN_POINT('',(-1.041820891883,-16.37662279042));
#3046 = CARTESIAN_POINT('',(-1.05720250126,-16.35954819608));
#3047 = CARTESIAN_POINT('',(-1.072584910189,-16.34260650114));
#3048 = CARTESIAN_POINT('',(-1.08797580756,-16.32582461446));
#3049 = ( GEOMETRIC_REPRESENTATION_CONTEXT(2) 
PARAMETRIC_REPRESENTATION_CONTEXT() REPRESENTATION_CONTEXT('2D SPACE',''
  ) );
#3050 = ORIENTED_EDGE('',*,*,#3051,.F.);
#3051 = EDGE_CURVE('',#1775,#2960,#3052,.T.);
#3052 = SURFACE_CURVE('',#3053,(#3080,#3110),.PCURVE_S1.);
#3053 = B_SPLINE_CURVE_WITH_KNOTS('',7,(#3054,#3055,#3056,#3057,#3058,
    #3059,#3060,#3061,#3062,#3063,#3064,#3065,#3066,#3067,#3068,#3069,
    #3070,#3071,#3072,#3073,#3074,#3075,#3076,#3077,#3078,#3079),
  .UNSPECIFIED.,.F.,.F.,(8,6,6,6,8),(0.,0.112449885255,0.658301862636,
    0.787455655763,1.),.UNSPECIFIED.);
#3054 = CARTESIAN_POINT('',(13.674175385533,3.339333238825,5.87052335312
    ));
#3055 = CARTESIAN_POINT('',(13.657709648059,3.352478970737,
    5.895601003202));
#3056 = CARTESIAN_POINT('',(13.641091662852,3.366058253537,
    5.920431377646));
#3057 = CARTESIAN_POINT('',(13.624345139003,3.38007261538,5.945019603439
    ));
#3058 = CARTESIAN_POINT('',(13.607492202098,3.394524443563,
    5.969369732124));
#3059 = CARTESIAN_POINT('',(13.590553394216,3.409416984532,
    5.993484739798));
#3060 = CARTESIAN_POINT('',(13.573547673931,3.424754343878,6.01736652711
    ));
#3061 = CARTESIAN_POINT('',(13.473703126879,3.5171751166,6.155814324298)
  );
#3062 = CARTESIAN_POINT('',(13.389909903108,3.604259383457,
    6.264918431779));
#3063 = CARTESIAN_POINT('',(13.306906262098,3.702513738429,
    6.368801887935));
#3064 = CARTESIAN_POINT('',(13.226131905221,3.813016831678,
    6.466931943693));
#3065 = CARTESIAN_POINT('',(13.149553396317,3.936925860152,
    6.557980056514));
#3066 = CARTESIAN_POINT('',(13.079753597734,4.075188147414,
    6.639684613301));
#3067 = CARTESIAN_POINT('',(13.005963146953,4.264504589704,
    6.725181508565));
#3068 = CARTESIAN_POINT('',(12.992411415118,4.301557767267,
    6.740836472093));
#3069 = CARTESIAN_POINT('',(12.979480408608,4.339423575757,
    6.755734340564));
#3070 = CARTESIAN_POINT('',(12.967222756492,4.378082664579,
    6.769822543544));
#3071 = CARTESIAN_POINT('',(12.955690126625,4.417513579034,
    6.783049252191));
#3072 = CARTESIAN_POINT('',(12.944933225644,4.457692760323,
    6.795363379254));
#3073 = CARTESIAN_POINT('',(12.918657961772,4.565905329898,
    6.825394892396));
#3074 = CARTESIAN_POINT('',(12.904524209906,4.635277457007,
    6.841496186472));
#3075 = CARTESIAN_POINT('',(12.892896638163,4.706352217777,
    6.854708646765));
#3076 = CARTESIAN_POINT('',(12.884004382346,4.778753798201,
    6.864795131931));
#3077 = CARTESIAN_POINT('',(12.878008358142,4.852093815378,
    6.871590344238));
#3078 = CARTESIAN_POINT('',(12.875,4.925975853525,6.875));
#3079 = CARTESIAN_POINT('',(12.875,5.,6.875));
#3080 = PCURVE('',#488,#3081);
#3081 = DEFINITIONAL_REPRESENTATION('',(#3082),#3109);
#3082 = B_SPLINE_CURVE_WITH_KNOTS('',7,(#3083,#3084,#3085,#3086,#3087,
    #3088,#3089,#3090,#3091,#3092,#3093,#3094,#3095,#3096,#3097,#3098,
    #3099,#3100,#3101,#3102,#3103,#3104,#3105,#3106,#3107,#3108),
  .UNSPECIFIED.,.F.,.F.,(8,6,6,6,8),(0.,0.112449885255,0.658301862636,
    0.787455655763,1.),.UNSPECIFIED.);
#3083 = CARTESIAN_POINT('',(4.038643432733,20.87052335312));
#3084 = CARTESIAN_POINT('',(4.02872829632,20.895601003202));
#3085 = CARTESIAN_POINT('',(4.018629873411,20.920431377646));
#3086 = CARTESIAN_POINT('',(4.008354845714,20.945019603439));
#3087 = CARTESIAN_POINT('',(3.997908793742,20.969369732124));
#3088 = CARTESIAN_POINT('',(3.987296196819,20.993484739798));
#3089 = CARTESIAN_POINT('',(3.976520433072,21.01736652711));
#3090 = CARTESIAN_POINT('',(3.912495294745,21.155814324298));
#3091 = CARTESIAN_POINT('',(3.855719468469,21.264918431779));
#3092 = CARTESIAN_POINT('',(3.795400480207,21.368801887935));
#3093 = CARTESIAN_POINT('',(3.731296538366,21.466931943693));
#3094 = CARTESIAN_POINT('',(3.663126029018,21.557980056514));
#3095 = CARTESIAN_POINT('',(3.590574712521,21.639684613301));
#3096 = CARTESIAN_POINT('',(3.494956387109,21.725181508565));
#3097 = CARTESIAN_POINT('',(3.476394095361,21.740836472093));
#3098 = CARTESIAN_POINT('',(3.457571568685,21.755734340564));
#3099 = CARTESIAN_POINT('',(3.43849497303,21.769822543544));
#3100 = CARTESIAN_POINT('',(3.419169937317,21.783049252191));
#3101 = CARTESIAN_POINT('',(3.399601553441,21.795363379254));
#3102 = CARTESIAN_POINT('',(3.347198326397,21.825394892396));
#3103 = CARTESIAN_POINT('',(3.313904990141,21.841496186472));
#3104 = CARTESIAN_POINT('',(3.280054868597,21.854708646765));
#3105 = CARTESIAN_POINT('',(3.245777577023,21.864795131931));
#3106 = CARTESIAN_POINT('',(3.211195516577,21.871590344238));
#3107 = CARTESIAN_POINT('',(3.176427546049,21.875));
#3108 = CARTESIAN_POINT('',(3.14159265359,21.875));
#3109 = ( GEOMETRIC_REPRESENTATION_CONTEXT(2) 
PARAMETRIC_REPRESENTATION_CONTEXT() REPRESENTATION_CONTEXT('2D SPACE',''
  ) );
#3110 = PCURVE('',#1645,#3111);
#3111 = DEFINITIONAL_REPRESENTATION('',(#3112),#3139);
#3112 = B_SPLINE_CURVE_WITH_KNOTS('',7,(#3113,#3114,#3115,#3116,#3117,
    #3118,#3119,#3120,#3121,#3122,#3123,#3124,#3125,#3126,#3127,#3128,
    #3129,#3130,#3131,#3132,#3133,#3134,#3135,#3136,#3137,#3138),
  .UNSPECIFIED.,.F.,.F.,(8,6,6,6,8),(0.,0.112449885255,0.658301862636,
    0.787455655763,1.),.UNSPECIFIED.);
#3113 = CARTESIAN_POINT('',(-5.19520949962,-16.32582461446));
#3114 = CARTESIAN_POINT('',(-5.210310452242,-16.34229035194));
#3115 = CARTESIAN_POINT('',(-5.225401987624,-16.35890833714));
#3116 = CARTESIAN_POINT('',(-5.240492448998,-16.37565486099));
#3117 = CARTESIAN_POINT('',(-5.255589956246,-16.3925077979));
#3118 = CARTESIAN_POINT('',(-5.270702405902,-16.40944660578));
#3119 = CARTESIAN_POINT('',(-5.285837471154,-16.42645232606));
#3120 = CARTESIAN_POINT('',(-5.374616875015,-16.52629687312));
#3121 = CARTESIAN_POINT('',(-5.448799810109,-16.61009009689));
#3122 = CARTESIAN_POINT('',(-5.524626111126,-16.6930937379));
#3123 = CARTESIAN_POINT('',(-5.602876564808,-16.77386809477));
#3124 = CARTESIAN_POINT('',(-5.684265372404,-16.85044660368));
#3125 = CARTESIAN_POINT('',(-5.769404810282,-16.92024640226));
#3126 = CARTESIAN_POINT('',(-5.880192451049,-16.99403685304));
#3127 = CARTESIAN_POINT('',(-5.901639147141,-17.00758858488));
#3128 = CARTESIAN_POINT('',(-5.923330204115,-17.02051959139));
#3129 = CARTESIAN_POINT('',(-5.945261872519,-17.0327772435));
#3130 = CARTESIAN_POINT('',(-5.967431178718,-17.04430987337));
#3131 = CARTESIAN_POINT('',(-5.98983592489,-17.05506677435));
#3132 = CARTESIAN_POINT('',(-6.049730592719,-17.08134203822));
#3133 = CARTESIAN_POINT('',(-6.087678026145,-17.09547579009));
#3134 = CARTESIAN_POINT('',(-6.126172880316,-17.10710336183));
#3135 = CARTESIAN_POINT('',(-6.165086824237,-17.11599561765));
#3136 = CARTESIAN_POINT('',(-6.204302007423,-17.12199164185));
#3137 = CARTESIAN_POINT('',(-6.243705762393,-17.125));
#3138 = CARTESIAN_POINT('',(-6.28318530718,-17.125));
#3139 = ( GEOMETRIC_REPRESENTATION_CONTEXT(2) 
PARAMETRIC_REPRESENTATION_CONTEXT() REPRESENTATION_CONTEXT('2D SPACE',''
  ) );
#3140 = ORIENTED_EDGE('',*,*,#1826,.F.);
#3141 = ORIENTED_EDGE('',*,*,#3142,.T.);
#3142 = EDGE_CURVE('',#1827,#2676,#3143,.T.);
#3143 = SURFACE_CURVE('',#3144,(#3171,#3201),.PCURVE_S1.);
#3144 = B_SPLINE_CURVE_WITH_KNOTS('',7,(#3145,#3146,#3147,#3148,#3149,
    #3150,#3151,#3152,#3153,#3154,#3155,#3156,#3157,#3158,#3159,#3160,
    #3161,#3162,#3163,#3164,#3165,#3166,#3167,#3168,#3169,#3170),
  .UNSPECIFIED.,.F.,.F.,(8,6,6,6,8),(0.,0.11244988521,0.658301862599,
    0.787455655645,1.),.UNSPECIFIED.);
#3145 = CARTESIAN_POINT('',(16.325824614519,3.339333238866,
    5.870523353198));
#3146 = CARTESIAN_POINT('',(16.342290351984,3.352478970772,
    5.895601003267));
#3147 = CARTESIAN_POINT('',(16.358908337183,3.366058253567,
    5.920431377698));
#3148 = CARTESIAN_POINT('',(16.375654861024,3.380072615403,
    5.945019603479));
#3149 = CARTESIAN_POINT('',(16.392507797921,3.394524443579,
    5.969369732151));
#3150 = CARTESIAN_POINT('',(16.409446605795,3.409416984541,
    5.993484739813));
#3151 = CARTESIAN_POINT('',(16.426452326071,3.42475434388,6.017366527114
    ));
#3152 = CARTESIAN_POINT('',(16.526296873108,3.517175116587,6.15581432428
    ));
#3153 = CARTESIAN_POINT('',(16.610090096872,3.604259383436,
    6.264918431753));
#3154 = CARTESIAN_POINT('',(16.693093737874,3.702513738396,
    6.368801887901));
#3155 = CARTESIAN_POINT('',(16.773868094745,3.813016831632,
    6.466931943653));
#3156 = CARTESIAN_POINT('',(16.850446603644,3.936925860089,
    6.557980056468));
#3157 = CARTESIAN_POINT('',(16.920246402224,4.075188147331,
    6.639684613252));
#3158 = CARTESIAN_POINT('',(16.994036852998,4.264504589572,
    6.725181508508));
#3159 = CARTESIAN_POINT('',(17.007588584837,4.301557767142,6.74083647204
    ));
#3160 = CARTESIAN_POINT('',(17.020519591351,4.339423575637,
    6.755734340517));
#3161 = CARTESIAN_POINT('',(17.032777243467,4.378082664444,
    6.769822543497));
#3162 = CARTESIAN_POINT('',(17.044309873329,4.417513578868,
    6.783049252138));
#3163 = CARTESIAN_POINT('',(17.055066774305,4.457692760127,
    6.795363379195));
#3164 = CARTESIAN_POINT('',(17.081342038212,4.565905329806,
    6.825394892378));
#3165 = CARTESIAN_POINT('',(17.095475790064,4.635277456864,
    6.841496186438));
#3166 = CARTESIAN_POINT('',(17.107103361809,4.706352217587,
    6.854708646734));
#3167 = CARTESIAN_POINT('',(17.115995617647,4.77875379805,6.864795131922
    ));
#3168 = CARTESIAN_POINT('',(17.121991641864,4.85209381535,6.871590344245
    ));
#3169 = CARTESIAN_POINT('',(17.125,4.925975853614,6.875));
#3170 = CARTESIAN_POINT('',(17.125,5.,6.875));
#3171 = PCURVE('',#488,#3172);
#3172 = DEFINITIONAL_REPRESENTATION('',(#3173),#3200);
#3173 = B_SPLINE_CURVE_WITH_KNOTS('',7,(#3174,#3175,#3176,#3177,#3178,
    #3179,#3180,#3181,#3182,#3183,#3184,#3185,#3186,#3187,#3188,#3189,
    #3190,#3191,#3192,#3193,#3194,#3195,#3196,#3197,#3198,#3199),
  .UNSPECIFIED.,.F.,.F.,(8,6,6,6,8),(0.,0.11244988521,0.658301862599,
    0.787455655645,1.),.UNSPECIFIED.);
#3174 = CARTESIAN_POINT('',(5.386134528068,20.870523353198));
#3175 = CARTESIAN_POINT('',(5.396049664476,20.895601003267));
#3176 = CARTESIAN_POINT('',(5.40614808738,20.920431377698));
#3177 = CARTESIAN_POINT('',(5.416423115073,20.945019603479));
#3178 = CARTESIAN_POINT('',(5.426869167039,20.969369732151));
#3179 = CARTESIAN_POINT('',(5.437481763957,20.993484739813));
#3180 = CARTESIAN_POINT('',(5.448257527699,21.017366527114));
#3181 = CARTESIAN_POINT('',(5.512282666016,21.15581432428));
#3182 = CARTESIAN_POINT('',(5.569058492286,21.264918431753));
#3183 = CARTESIAN_POINT('',(5.629377480542,21.368801887901));
#3184 = CARTESIAN_POINT('',(5.693481422377,21.466931943653));
#3185 = CARTESIAN_POINT('',(5.761651931716,21.557980056468));
#3186 = CARTESIAN_POINT('',(5.834203248205,21.639684613252));
#3187 = CARTESIAN_POINT('',(5.929821573594,21.725181508508));
#3188 = CARTESIAN_POINT('',(5.948383865346,21.74083647204));
#3189 = CARTESIAN_POINT('',(5.967206392024,21.755734340517));
#3190 = CARTESIAN_POINT('',(5.986282987674,21.769822543497));
#3191 = CARTESIAN_POINT('',(6.005608023372,21.783049252138));
#3192 = CARTESIAN_POINT('',(6.025176407233,21.795363379195));
#3193 = CARTESIAN_POINT('',(6.077579634329,21.825394892378));
#3194 = CARTESIAN_POINT('',(6.11087297056,21.841496186438));
#3195 = CARTESIAN_POINT('',(6.144723092082,21.854708646734));
#3196 = CARTESIAN_POINT('',(6.179000383675,21.864795131922));
#3197 = CARTESIAN_POINT('',(6.21358244418,21.871590344245));
#3198 = CARTESIAN_POINT('',(6.248350414763,21.875));
#3199 = CARTESIAN_POINT('',(6.28318530718,21.875));
#3200 = ( GEOMETRIC_REPRESENTATION_CONTEXT(2) 
PARAMETRIC_REPRESENTATION_CONTEXT() REPRESENTATION_CONTEXT('2D SPACE',''
  ) );
#3201 = PCURVE('',#2013,#3202);
#3202 = DEFINITIONAL_REPRESENTATION('',(#3203),#3230);
#3203 = B_SPLINE_CURVE_WITH_KNOTS('',7,(#3204,#3205,#3206,#3207,#3208,
    #3209,#3210,#3211,#3212,#3213,#3214,#3215,#3216,#3217,#3218,#3219,
    #3220,#3221,#3222,#3223,#3224,#3225,#3226,#3227,#3228,#3229),
  .UNSPECIFIED.,.F.,.F.,(8,6,6,6,8),(0.,0.11244988521,0.658301862599,
    0.787455655645,1.),.UNSPECIFIED.);
#3204 = CARTESIAN_POINT('',(-5.195209499667,-13.67417538548));
#3205 = CARTESIAN_POINT('',(-5.210310452281,-13.65770964801));
#3206 = CARTESIAN_POINT('',(-5.225401987656,-13.64109166281));
#3207 = CARTESIAN_POINT('',(-5.240492449022,-13.62434513897));
#3208 = CARTESIAN_POINT('',(-5.255589956263,-13.60749220207));
#3209 = CARTESIAN_POINT('',(-5.270702405912,-13.5905533942));
#3210 = CARTESIAN_POINT('',(-5.285837471156,-13.57354767392));
#3211 = CARTESIAN_POINT('',(-5.374616875003,-13.47370312689));
#3212 = CARTESIAN_POINT('',(-5.44879981009,-13.38990990312));
#3213 = CARTESIAN_POINT('',(-5.5246261111,-13.30690626212));
#3214 = CARTESIAN_POINT('',(-5.602876564776,-13.22613190525));
#3215 = CARTESIAN_POINT('',(-5.684265372363,-13.14955339635));
#3216 = CARTESIAN_POINT('',(-5.769404810232,-13.07975359777));
#3217 = CARTESIAN_POINT('',(-5.880192450972,-13.005963147));
#3218 = CARTESIAN_POINT('',(-5.901639147069,-12.99241141516));
#3219 = CARTESIAN_POINT('',(-5.923330204046,-12.97948040864));
#3220 = CARTESIAN_POINT('',(-5.945261872443,-12.96722275653));
#3221 = CARTESIAN_POINT('',(-5.967431178625,-12.95569012667));
#3222 = CARTESIAN_POINT('',(-5.989835924781,-12.94493322569));
#3223 = CARTESIAN_POINT('',(-6.049730592669,-12.91865796178));
#3224 = CARTESIAN_POINT('',(-6.087678026068,-12.90452420993));
#3225 = CARTESIAN_POINT('',(-6.126172880213,-12.89289663819));
#3226 = CARTESIAN_POINT('',(-6.165086824157,-12.88400438235));
#3227 = CARTESIAN_POINT('',(-6.204302007409,-12.87800835813));
#3228 = CARTESIAN_POINT('',(-6.24370576244,-12.875));
#3229 = CARTESIAN_POINT('',(-6.28318530718,-12.875));
#3230 = ( GEOMETRIC_REPRESENTATION_CONTEXT(2) 
PARAMETRIC_REPRESENTATION_CONTEXT() REPRESENTATION_CONTEXT('2D SPACE',''
  ) );
#3231 = ORIENTED_EDGE('',*,*,#2675,.T.);
#3232 = ADVANCED_FACE('',(#3233),#519,.F.);
#3233 = FACE_BOUND('',#3234,.T.);
#3234 = EDGE_LOOP('',(#3235,#3273,#3294,#3295,#3296,#3330,#3331,#3367,
    #3403,#3444));
#3235 = ORIENTED_EDGE('',*,*,#3236,.T.);
#3236 = EDGE_CURVE('',#3237,#3239,#3241,.T.);
#3237 = VERTEX_POINT('',#3238);
#3238 = CARTESIAN_POINT('',(26.325825214725,6.325825214725,
    6.325825214725));
#3239 = VERTEX_POINT('',#3240);
#3240 = CARTESIAN_POINT('',(26.875,5.,6.875));
#3241 = SURFACE_CURVE('',#3242,(#3247,#3260),.PCURVE_S1.);
#3242 = ELLIPSE('',#3243,2.65165042945,1.875);
#3243 = AXIS2_PLACEMENT_3D('',#3244,#3245,#3246);
#3244 = CARTESIAN_POINT('',(25.,5.,5.));
#3245 = DIRECTION('',(0.707106781187,0.,-0.707106781187));
#3246 = DIRECTION('',(0.707106781187,0.,0.707106781187));
#3247 = PCURVE('',#519,#3248);
#3248 = DEFINITIONAL_REPRESENTATION('',(#3249),#3259);
#3249 = B_SPLINE_CURVE_WITH_KNOTS('',8,(#3250,#3251,#3252,#3253,#3254,
    #3255,#3256,#3257,#3258),.UNSPECIFIED.,.F.,.F.,(9,9),(4.712388947541
    ,6.28318530718),.PIECEWISE_BEZIER_KNOTS.);
#3250 = CARTESIAN_POINT('',(-1.570796359638,-4.999999938419));
#3251 = CARTESIAN_POINT('',(-1.374446814684,-5.368155335209));
#3252 = CARTESIAN_POINT('',(-1.178097269728,-5.736310822115));
#3253 = CARTESIAN_POINT('',(-0.981747724777,-6.082837333073));
#3254 = CARTESIAN_POINT('',(-0.785398179816,-6.386110137133));
#3255 = CARTESIAN_POINT('',(-0.589048634864,-6.627158826519));
#3256 = CARTESIAN_POINT('',(-0.392699089909,-6.792386041562));
#3257 = CARTESIAN_POINT('',(-0.196349544955,-6.875));
#3258 = CARTESIAN_POINT('',(-4.736951571734E-16,-6.875));
#3259 = ( GEOMETRIC_REPRESENTATION_CONTEXT(2) 
PARAMETRIC_REPRESENTATION_CONTEXT() REPRESENTATION_CONTEXT('2D SPACE',''
  ) );
#3260 = PCURVE('',#1557,#3261);
#3261 = DEFINITIONAL_REPRESENTATION('',(#3262),#3272);
#3262 = B_SPLINE_CURVE_WITH_KNOTS('',8,(#3263,#3264,#3265,#3266,#3267,
    #3268,#3269,#3270,#3271),.UNSPECIFIED.,.F.,.F.,(9,9),(4.712388947541
    ,6.28318530718),.PIECEWISE_BEZIER_KNOTS.);
#3263 = CARTESIAN_POINT('',(-1.570796359638,-5.000000061581));
#3264 = CARTESIAN_POINT('',(-1.374446814684,-4.631844664791));
#3265 = CARTESIAN_POINT('',(-1.178097269728,-4.263689177881));
#3266 = CARTESIAN_POINT('',(-0.981747724773,-3.917162666912));
#3267 = CARTESIAN_POINT('',(-0.785398179822,-3.613889862834));
#3268 = CARTESIAN_POINT('',(-0.589048634864,-3.372841173463));
#3269 = CARTESIAN_POINT('',(-0.392699089909,-3.207613958431));
#3270 = CARTESIAN_POINT('',(-0.196349544955,-3.125));
#3271 = CARTESIAN_POINT('',(-4.736951571734E-16,-3.125));
#3272 = ( GEOMETRIC_REPRESENTATION_CONTEXT(2) 
PARAMETRIC_REPRESENTATION_CONTEXT() REPRESENTATION_CONTEXT('2D SPACE',''
  ) );
#3273 = ORIENTED_EDGE('',*,*,#3274,.T.);
#3274 = EDGE_CURVE('',#3239,#503,#3275,.T.);
#3275 = SEAM_CURVE('',#3276,(#3280,#3287),.PCURVE_S1.);
#3276 = LINE('',#3277,#3278);
#3277 = CARTESIAN_POINT('',(26.875,5.,0.));
#3278 = VECTOR('',#3279,1.);
#3279 = DIRECTION('',(0.,0.,1.));
#3280 = PCURVE('',#519,#3281);
#3281 = DEFINITIONAL_REPRESENTATION('',(#3282),#3286);
#3282 = LINE('',#3283,#3284);
#3283 = CARTESIAN_POINT('',(-6.28318530718,0.));
#3284 = VECTOR('',#3285,1.);
#3285 = DIRECTION('',(-0.,-1.));
#3286 = ( GEOMETRIC_REPRESENTATION_CONTEXT(2) 
PARAMETRIC_REPRESENTATION_CONTEXT() REPRESENTATION_CONTEXT('2D SPACE',''
  ) );
#3287 = PCURVE('',#519,#3288);
#3288 = DEFINITIONAL_REPRESENTATION('',(#3289),#3293);
#3289 = LINE('',#3290,#3291);
#3290 = CARTESIAN_POINT('',(-0.,0.));
#3291 = VECTOR('',#3292,1.);
#3292 = DIRECTION('',(-0.,-1.));
#3293 = ( GEOMETRIC_REPRESENTATION_CONTEXT(2) 
PARAMETRIC_REPRESENTATION_CONTEXT() REPRESENTATION_CONTEXT('2D SPACE',''
  ) );
#3294 = ORIENTED_EDGE('',*,*,#502,.T.);
#3295 = ORIENTED_EDGE('',*,*,#3274,.F.);
#3296 = ORIENTED_EDGE('',*,*,#3297,.T.);
#3297 = EDGE_CURVE('',#3239,#2258,#3298,.T.);
#3298 = SURFACE_CURVE('',#3299,(#3304,#3317),.PCURVE_S1.);
#3299 = ELLIPSE('',#3300,2.65165042945,1.875);
#3300 = AXIS2_PLACEMENT_3D('',#3301,#3302,#3303);
#3301 = CARTESIAN_POINT('',(25.,5.,5.));
#3302 = DIRECTION('',(0.707106781187,0.,-0.707106781187));
#3303 = DIRECTION('',(0.707106781187,0.,0.707106781187));
#3304 = PCURVE('',#519,#3305);
#3305 = DEFINITIONAL_REPRESENTATION('',(#3306),#3316);
#3306 = B_SPLINE_CURVE_WITH_KNOTS('',8,(#3307,#3308,#3309,#3310,#3311,
    #3312,#3313,#3314,#3315),.UNSPECIFIED.,.F.,.F.,(9,9),(0.,
    1.570796613951),.PIECEWISE_BEZIER_KNOTS.);
#3307 = CARTESIAN_POINT('',(-6.28318530718,-6.875));
#3308 = CARTESIAN_POINT('',(-6.086835730436,-6.875));
#3309 = CARTESIAN_POINT('',(-5.890486153692,-6.792386014818));
#3310 = CARTESIAN_POINT('',(-5.694136576946,-6.627158746243));
#3311 = CARTESIAN_POINT('',(-5.497787000207,-6.38610998106));
#3312 = CARTESIAN_POINT('',(-5.301437423461,-6.082837087557));
#3313 = CARTESIAN_POINT('',(-5.105087846717,-5.736310485506));
#3314 = CARTESIAN_POINT('',(-4.908738269972,-5.368154917976));
#3315 = CARTESIAN_POINT('',(-4.712388693228,-4.999999461581));
#3316 = ( GEOMETRIC_REPRESENTATION_CONTEXT(2) 
PARAMETRIC_REPRESENTATION_CONTEXT() REPRESENTATION_CONTEXT('2D SPACE',''
  ) );
#3317 = PCURVE('',#1557,#3318);
#3318 = DEFINITIONAL_REPRESENTATION('',(#3319),#3329);
#3319 = B_SPLINE_CURVE_WITH_KNOTS('',8,(#3320,#3321,#3322,#3323,#3324,
    #3325,#3326,#3327,#3328),.UNSPECIFIED.,.F.,.F.,(9,9),(0.,
    1.570796613951),.PIECEWISE_BEZIER_KNOTS.);
#3320 = CARTESIAN_POINT('',(-6.28318530718,-3.125));
#3321 = CARTESIAN_POINT('',(-6.086835730436,-3.125));
#3322 = CARTESIAN_POINT('',(-5.890486153692,-3.20761398518));
#3323 = CARTESIAN_POINT('',(-5.694136576948,-3.372841253706));
#3324 = CARTESIAN_POINT('',(-5.497787000201,-3.613890018933));
#3325 = CARTESIAN_POINT('',(-5.301437423461,-3.917162912419));
#3326 = CARTESIAN_POINT('',(-5.105087846716,-4.263689514496));
#3327 = CARTESIAN_POINT('',(-4.908738269972,-4.631845082024));
#3328 = CARTESIAN_POINT('',(-4.712388693228,-5.000000538419));
#3329 = ( GEOMETRIC_REPRESENTATION_CONTEXT(2) 
PARAMETRIC_REPRESENTATION_CONTEXT() REPRESENTATION_CONTEXT('2D SPACE',''
  ) );
#3330 = ORIENTED_EDGE('',*,*,#2255,.F.);
#3331 = ORIENTED_EDGE('',*,*,#3332,.F.);
#3332 = EDGE_CURVE('',#3333,#2256,#3335,.T.);
#3333 = VERTEX_POINT('',#3334);
#3334 = CARTESIAN_POINT('',(23.125,5.,6.875));
#3335 = SURFACE_CURVE('',#3336,(#3341,#3354),.PCURVE_S1.);
#3336 = ELLIPSE('',#3337,2.65165042945,1.875);
#3337 = AXIS2_PLACEMENT_3D('',#3338,#3339,#3340);
#3338 = CARTESIAN_POINT('',(25.,5.,5.));
#3339 = DIRECTION('',(0.707106781187,0.,0.707106781187));
#3340 = DIRECTION('',(0.707106781187,0.,-0.707106781187));
#3341 = PCURVE('',#519,#3342);
#3342 = DEFINITIONAL_REPRESENTATION('',(#3343),#3353);
#3343 = B_SPLINE_CURVE_WITH_KNOTS('',8,(#3344,#3345,#3346,#3347,#3348,
    #3349,#3350,#3351,#3352),.UNSPECIFIED.,.F.,.F.,(9,9),(3.14159265359,
    4.712388960558),.PIECEWISE_BEZIER_KNOTS.);
#3344 = CARTESIAN_POINT('',(-3.14159265359,-6.875));
#3345 = CARTESIAN_POINT('',(-3.337942191961,-6.875));
#3346 = CARTESIAN_POINT('',(-3.534291730327,-6.792386047106));
#3347 = CARTESIAN_POINT('',(-3.730641268714,-6.627158843126));
#3348 = CARTESIAN_POINT('',(-3.926990807046,-6.386110169497));
#3349 = CARTESIAN_POINT('',(-4.123340345452,-6.082837383903));
#3350 = CARTESIAN_POINT('',(-4.319689883811,-5.736310891836));
#3351 = CARTESIAN_POINT('',(-4.516039422187,-5.36815542162));
#3352 = CARTESIAN_POINT('',(-4.712388960558,-5.000000037175));
#3353 = ( GEOMETRIC_REPRESENTATION_CONTEXT(2) 
PARAMETRIC_REPRESENTATION_CONTEXT() REPRESENTATION_CONTEXT('2D SPACE',''
  ) );
#3354 = PCURVE('',#2013,#3355);
#3355 = DEFINITIONAL_REPRESENTATION('',(#3356),#3366);
#3356 = B_SPLINE_CURVE_WITH_KNOTS('',8,(#3357,#3358,#3359,#3360,#3361,
    #3362,#3363,#3364,#3365),.UNSPECIFIED.,.F.,.F.,(9,9),(3.14159265359,
    4.712388960558),.PIECEWISE_BEZIER_KNOTS.);
#3357 = CARTESIAN_POINT('',(-6.28318530718,-6.875));
#3358 = CARTESIAN_POINT('',(-6.086835768809,-6.875));
#3359 = CARTESIAN_POINT('',(-5.890486230437,-6.792386047113));
#3360 = CARTESIAN_POINT('',(-5.694136692069,-6.627158843145));
#3361 = CARTESIAN_POINT('',(-5.497787153691,-6.386110169478));
#3362 = CARTESIAN_POINT('',(-5.301437615326,-6.082837383914));
#3363 = CARTESIAN_POINT('',(-5.105088076953,-5.736310891843));
#3364 = CARTESIAN_POINT('',(-4.908738538582,-5.36815542162));
#3365 = CARTESIAN_POINT('',(-4.712389000211,-5.000000037175));
#3366 = ( GEOMETRIC_REPRESENTATION_CONTEXT(2) 
PARAMETRIC_REPRESENTATION_CONTEXT() REPRESENTATION_CONTEXT('2D SPACE',''
  ) );
#3367 = ORIENTED_EDGE('',*,*,#3368,.F.);
#3368 = EDGE_CURVE('',#3369,#3333,#3371,.T.);
#3369 = VERTEX_POINT('',#3370);
#3370 = CARTESIAN_POINT('',(23.674174785275,6.325825214725,
    6.325825214725));
#3371 = SURFACE_CURVE('',#3372,(#3377,#3390),.PCURVE_S1.);
#3372 = ELLIPSE('',#3373,2.65165042945,1.875);
#3373 = AXIS2_PLACEMENT_3D('',#3374,#3375,#3376);
#3374 = CARTESIAN_POINT('',(25.,5.,5.));
#3375 = DIRECTION('',(0.707106781187,0.,0.707106781187));
#3376 = DIRECTION('',(0.707106781187,0.,-0.707106781187));
#3377 = PCURVE('',#519,#3378);
#3378 = DEFINITIONAL_REPRESENTATION('',(#3379),#3389);
#3379 = B_SPLINE_CURVE_WITH_KNOTS('',8,(#3380,#3381,#3382,#3383,#3384,
    #3385,#3386,#3387,#3388),.UNSPECIFIED.,.F.,.F.,(9,9),(1.570795986968
    ,3.14159265359),.PIECEWISE_BEZIER_KNOTS.);
#3380 = CARTESIAN_POINT('',(-1.570795986968,-4.999999362825));
#3381 = CARTESIAN_POINT('',(-1.767145570296,-5.368154831565));
#3382 = CARTESIAN_POINT('',(-1.963495153622,-5.736310415788));
#3383 = CARTESIAN_POINT('',(-2.15984473695,-6.082837036724));
#3384 = CARTESIAN_POINT('',(-2.356194320266,-6.386109948693));
#3385 = CARTESIAN_POINT('',(-2.552543903608,-6.627158729651));
#3386 = CARTESIAN_POINT('',(-2.748893486933,-6.792386009278));
#3387 = CARTESIAN_POINT('',(-2.945243070262,-6.875));
#3388 = CARTESIAN_POINT('',(-3.14159265359,-6.875));
#3389 = ( GEOMETRIC_REPRESENTATION_CONTEXT(2) 
PARAMETRIC_REPRESENTATION_CONTEXT() REPRESENTATION_CONTEXT('2D SPACE',''
  ) );
#3390 = PCURVE('',#2013,#3391);
#3391 = DEFINITIONAL_REPRESENTATION('',(#3392),#3402);
#3392 = B_SPLINE_CURVE_WITH_KNOTS('',8,(#3393,#3394,#3395,#3396,#3397,
    #3398,#3399,#3400,#3401),.UNSPECIFIED.,.F.,.F.,(9,9),(1.570795986968
    ,3.14159265359),.PIECEWISE_BEZIER_KNOTS.);
#3393 = CARTESIAN_POINT('',(-1.570796666621,-4.999999362825));
#3394 = CARTESIAN_POINT('',(-1.374447083294,-5.368154831565));
#3395 = CARTESIAN_POINT('',(-1.178097499966,-5.73631041579));
#3396 = CARTESIAN_POINT('',(-0.98174791664,-6.082837036698));
#3397 = CARTESIAN_POINT('',(-0.785398333308,-6.386109948719));
#3398 = CARTESIAN_POINT('',(-0.589048749983,-6.62715872964));
#3399 = CARTESIAN_POINT('',(-0.392699166655,-6.792386009281));
#3400 = CARTESIAN_POINT('',(-0.196349583328,-6.875));
#3401 = CARTESIAN_POINT('',(0.,-6.875));
#3402 = ( GEOMETRIC_REPRESENTATION_CONTEXT(2) 
PARAMETRIC_REPRESENTATION_CONTEXT() REPRESENTATION_CONTEXT('2D SPACE',''
  ) );
#3403 = ORIENTED_EDGE('',*,*,#3404,.T.);
#3404 = EDGE_CURVE('',#3369,#3405,#3407,.T.);
#3405 = VERTEX_POINT('',#3406);
#3406 = CARTESIAN_POINT('',(25.,6.875,6.875));
#3407 = SURFACE_CURVE('',#3408,(#3413,#3426),.PCURVE_S1.);
#3408 = ELLIPSE('',#3409,2.65165042945,1.875);
#3409 = AXIS2_PLACEMENT_3D('',#3410,#3411,#3412);
#3410 = CARTESIAN_POINT('',(25.,5.,5.));
#3411 = DIRECTION('',(-0.,0.707106781187,-0.707106781187));
#3412 = DIRECTION('',(0.,0.707106781187,0.707106781187));
#3413 = PCURVE('',#519,#3414);
#3414 = DEFINITIONAL_REPRESENTATION('',(#3415),#3425);
#3415 = B_SPLINE_CURVE_WITH_KNOTS('',8,(#3416,#3417,#3418,#3419,#3420,
    #3421,#3422,#3423,#3424),.UNSPECIFIED.,.F.,.F.,(9,9),(4.712389000211
    ,6.28318530718),.PIECEWISE_BEZIER_KNOTS.);
#3416 = CARTESIAN_POINT('',(-3.141592633763,-5.000000037175));
#3417 = CARTESIAN_POINT('',(-2.945243095392,-5.36815542162));
#3418 = CARTESIAN_POINT('',(-2.748893557021,-5.736310891841));
#3419 = CARTESIAN_POINT('',(-2.552544018646,-6.082837383907));
#3420 = CARTESIAN_POINT('',(-2.356194480277,-6.386110169475));
#3421 = CARTESIAN_POINT('',(-2.159844941903,-6.627158843155));
#3422 = CARTESIAN_POINT('',(-1.963495403536,-6.792386047109));
#3423 = CARTESIAN_POINT('',(-1.767145865166,-6.875));
#3424 = CARTESIAN_POINT('',(-1.570796326795,-6.875));
#3425 = ( GEOMETRIC_REPRESENTATION_CONTEXT(2) 
PARAMETRIC_REPRESENTATION_CONTEXT() REPRESENTATION_CONTEXT('2D SPACE',''
  ) );
#3426 = PCURVE('',#3427,#3432);
#3427 = CYLINDRICAL_SURFACE('',#3428,1.875);
#3428 = AXIS2_PLACEMENT_3D('',#3429,#3430,#3431);
#3429 = CARTESIAN_POINT('',(25.,20.,5.));
#3430 = DIRECTION('',(-0.,1.,-1.110223024625E-16));
#3431 = DIRECTION('',(1.,0.,0.));
#3432 = DEFINITIONAL_REPRESENTATION('',(#3433),#3443);
#3433 = B_SPLINE_CURVE_WITH_KNOTS('',8,(#3434,#3435,#3436,#3437,#3438,
    #3439,#3440,#3441,#3442),.UNSPECIFIED.,.F.,.F.,(9,9),(4.712389000211
    ,6.28318530718),.PIECEWISE_BEZIER_KNOTS.);
#3434 = CARTESIAN_POINT('',(-3.141592633763,-14.99999996282));
#3435 = CARTESIAN_POINT('',(-2.945243095392,-14.63184457838));
#3436 = CARTESIAN_POINT('',(-2.748893557017,-14.26368910816));
#3437 = CARTESIAN_POINT('',(-2.552544018659,-13.91716261602));
#3438 = CARTESIAN_POINT('',(-2.356194480259,-13.6138898305));
#3439 = CARTESIAN_POINT('',(-2.15984494192,-13.3728411568));
#3440 = CARTESIAN_POINT('',(-1.963495403532,-13.20761395289));
#3441 = CARTESIAN_POINT('',(-1.767145865166,-13.125));
#3442 = CARTESIAN_POINT('',(-1.570796326795,-13.125));
#3443 = ( GEOMETRIC_REPRESENTATION_CONTEXT(2) 
PARAMETRIC_REPRESENTATION_CONTEXT() REPRESENTATION_CONTEXT('2D SPACE',''
  ) );
#3444 = ORIENTED_EDGE('',*,*,#3445,.T.);
#3445 = EDGE_CURVE('',#3405,#3237,#3446,.T.);
#3446 = SURFACE_CURVE('',#3447,(#3452,#3465),.PCURVE_S1.);
#3447 = ELLIPSE('',#3448,2.65165042945,1.875);
#3448 = AXIS2_PLACEMENT_3D('',#3449,#3450,#3451);
#3449 = CARTESIAN_POINT('',(25.,5.,5.));
#3450 = DIRECTION('',(-0.,0.707106781187,-0.707106781187));
#3451 = DIRECTION('',(0.,0.707106781187,0.707106781187));
#3452 = PCURVE('',#519,#3453);
#3453 = DEFINITIONAL_REPRESENTATION('',(#3454),#3464);
#3454 = B_SPLINE_CURVE_WITH_KNOTS('',8,(#3455,#3456,#3457,#3458,#3459,
    #3460,#3461,#3462,#3463),.UNSPECIFIED.,.F.,.F.,(9,9),(0.,
    1.570796306968),.PIECEWISE_BEZIER_KNOTS.);
#3455 = CARTESIAN_POINT('',(-1.570796326795,-6.875));
#3456 = CARTESIAN_POINT('',(-1.374446788424,-6.875));
#3457 = CARTESIAN_POINT('',(-1.178097250052,-6.792386047106));
#3458 = CARTESIAN_POINT('',(-0.981747711681,-6.627158843141));
#3459 = CARTESIAN_POINT('',(-0.785398173306,-6.386110169467));
#3460 = CARTESIAN_POINT('',(-0.589048634939,-6.082837383918));
#3461 = CARTESIAN_POINT('',(-0.392699096568,-5.736310891836));
#3462 = CARTESIAN_POINT('',(-0.196349558198,-5.36815542162));
#3463 = CARTESIAN_POINT('',(-1.982655438345E-08,-5.000000037175));
#3464 = ( GEOMETRIC_REPRESENTATION_CONTEXT(2) 
PARAMETRIC_REPRESENTATION_CONTEXT() REPRESENTATION_CONTEXT('2D SPACE',''
  ) );
#3465 = PCURVE('',#3427,#3466);
#3466 = DEFINITIONAL_REPRESENTATION('',(#3467),#3477);
#3467 = B_SPLINE_CURVE_WITH_KNOTS('',8,(#3468,#3469,#3470,#3471,#3472,
    #3473,#3474,#3475,#3476),.UNSPECIFIED.,.F.,.F.,(9,9),(0.,
    1.570796306968),.PIECEWISE_BEZIER_KNOTS.);
#3468 = CARTESIAN_POINT('',(-1.570796326795,-13.125));
#3469 = CARTESIAN_POINT('',(-1.374446788424,-13.125));
#3470 = CARTESIAN_POINT('',(-1.178097250053,-13.20761395287));
#3471 = CARTESIAN_POINT('',(-0.981747711683,-13.3728411569));
#3472 = CARTESIAN_POINT('',(-0.785398173308,-13.61388983044));
#3473 = CARTESIAN_POINT('',(-0.58904863494,-13.91716261612));
#3474 = CARTESIAN_POINT('',(-0.392699096568,-14.26368910813));
#3475 = CARTESIAN_POINT('',(-0.196349558198,-14.63184457838));
#3476 = CARTESIAN_POINT('',(-1.982655390975E-08,-14.99999996282));
#3477 = ( GEOMETRIC_REPRESENTATION_CONTEXT(2) 
PARAMETRIC_REPRESENTATION_CONTEXT() REPRESENTATION_CONTEXT('2D SPACE',''
  ) );
#3478 = ADVANCED_FACE('',(#3479),#550,.F.);
#3479 = FACE_BOUND('',#3480,.T.);
#3480 = EDGE_LOOP('',(#3481,#3524,#3545,#3546,#3547,#3583,#3631,#3632,
    #3633,#3669));
#3481 = ORIENTED_EDGE('',*,*,#3482,.T.);
#3482 = EDGE_CURVE('',#3483,#3485,#3487,.T.);
#3483 = VERTEX_POINT('',#3484);
#3484 = CARTESIAN_POINT('',(6.325825214725,16.325825214725,
    6.325825214725));
#3485 = VERTEX_POINT('',#3486);
#3486 = CARTESIAN_POINT('',(6.875,15.,6.875));
#3487 = SURFACE_CURVE('',#3488,(#3493,#3506),.PCURVE_S1.);
#3488 = ELLIPSE('',#3489,2.65165042945,1.875);
#3489 = AXIS2_PLACEMENT_3D('',#3490,#3491,#3492);
#3490 = CARTESIAN_POINT('',(5.,15.,5.));
#3491 = DIRECTION('',(0.707106781187,0.,-0.707106781187));
#3492 = DIRECTION('',(0.707106781187,0.,0.707106781187));
#3493 = PCURVE('',#550,#3494);
#3494 = DEFINITIONAL_REPRESENTATION('',(#3495),#3505);
#3495 = B_SPLINE_CURVE_WITH_KNOTS('',8,(#3496,#3497,#3498,#3499,#3500,
    #3501,#3502,#3503,#3504),.UNSPECIFIED.,.F.,.F.,(9,9),(4.712388976119
    ,6.28318530718),.PIECEWISE_BEZIER_KNOTS.);
#3496 = CARTESIAN_POINT('',(-1.570796331061,-4.999999992002));
#3497 = CARTESIAN_POINT('',(-1.374446789678,-5.368155382094));
#3498 = CARTESIAN_POINT('',(-1.178097248296,-5.736310859952));
#3499 = CARTESIAN_POINT('',(-0.98174770691,-6.082837360627));
#3500 = CARTESIAN_POINT('',(-0.785398165533,-6.386110154705));
#3501 = CARTESIAN_POINT('',(-0.589048624146,-6.627158835516));
#3502 = CARTESIAN_POINT('',(-0.392699082766,-6.79238604458));
#3503 = CARTESIAN_POINT('',(-0.196349541383,-6.875));
#3504 = CARTESIAN_POINT('',(0.,-6.875));
#3505 = ( GEOMETRIC_REPRESENTATION_CONTEXT(2) 
PARAMETRIC_REPRESENTATION_CONTEXT() REPRESENTATION_CONTEXT('2D SPACE',''
  ) );
#3506 = PCURVE('',#3507,#3512);
#3507 = CYLINDRICAL_SURFACE('',#3508,1.875);
#3508 = AXIS2_PLACEMENT_3D('',#3509,#3510,#3511);
#3509 = CARTESIAN_POINT('',(30.,15.,5.));
#3510 = DIRECTION('',(1.,-0.,-1.110223024625E-16));
#3511 = DIRECTION('',(1.110223024625E-16,0.,1.));
#3512 = DEFINITIONAL_REPRESENTATION('',(#3513),#3523);
#3513 = B_SPLINE_CURVE_WITH_KNOTS('',8,(#3514,#3515,#3516,#3517,#3518,
    #3519,#3520,#3521,#3522),.UNSPECIFIED.,.F.,.F.,(9,9),(4.712388976119
    ,6.28318530718),.PIECEWISE_BEZIER_KNOTS.);
#3514 = CARTESIAN_POINT('',(-1.570796331061,-25.00000000799));
#3515 = CARTESIAN_POINT('',(-1.374446789678,-24.6318446179));
#3516 = CARTESIAN_POINT('',(-1.178097248294,-24.26368914006));
#3517 = CARTESIAN_POINT('',(-0.981747706913,-23.91716263919));
#3518 = CARTESIAN_POINT('',(-0.785398165524,-23.61388984542));
#3519 = CARTESIAN_POINT('',(-0.58904862415,-23.37284116433));
#3520 = CARTESIAN_POINT('',(-0.392699082764,-23.20761395543));
#3521 = CARTESIAN_POINT('',(-0.196349541383,-23.125));
#3522 = CARTESIAN_POINT('',(0.,-23.125));
#3523 = ( GEOMETRIC_REPRESENTATION_CONTEXT(2) 
PARAMETRIC_REPRESENTATION_CONTEXT() REPRESENTATION_CONTEXT('2D SPACE',''
  ) );
#3524 = ORIENTED_EDGE('',*,*,#3525,.T.);
#3525 = EDGE_CURVE('',#3485,#534,#3526,.T.);
#3526 = SEAM_CURVE('',#3527,(#3531,#3538),.PCURVE_S1.);
#3527 = LINE('',#3528,#3529);
#3528 = CARTESIAN_POINT('',(6.875,15.,0.));
#3529 = VECTOR('',#3530,1.);
#3530 = DIRECTION('',(0.,0.,1.));
#3531 = PCURVE('',#550,#3532);
#3532 = DEFINITIONAL_REPRESENTATION('',(#3533),#3537);
#3533 = LINE('',#3534,#3535);
#3534 = CARTESIAN_POINT('',(-6.28318530718,0.));
#3535 = VECTOR('',#3536,1.);
#3536 = DIRECTION('',(-0.,-1.));
#3537 = ( GEOMETRIC_REPRESENTATION_CONTEXT(2) 
PARAMETRIC_REPRESENTATION_CONTEXT() REPRESENTATION_CONTEXT('2D SPACE',''
  ) );
#3538 = PCURVE('',#550,#3539);
#3539 = DEFINITIONAL_REPRESENTATION('',(#3540),#3544);
#3540 = LINE('',#3541,#3542);
#3541 = CARTESIAN_POINT('',(-0.,0.));
#3542 = VECTOR('',#3543,1.);
#3543 = DIRECTION('',(-0.,-1.));
#3544 = ( GEOMETRIC_REPRESENTATION_CONTEXT(2) 
PARAMETRIC_REPRESENTATION_CONTEXT() REPRESENTATION_CONTEXT('2D SPACE',''
  ) );
#3545 = ORIENTED_EDGE('',*,*,#533,.T.);
#3546 = ORIENTED_EDGE('',*,*,#3525,.F.);
#3547 = ORIENTED_EDGE('',*,*,#3548,.T.);
#3548 = EDGE_CURVE('',#3485,#3549,#3551,.T.);
#3549 = VERTEX_POINT('',#3550);
#3550 = CARTESIAN_POINT('',(6.325825214725,13.674174785275,
    6.325825214725));
#3551 = SURFACE_CURVE('',#3552,(#3557,#3570),.PCURVE_S1.);
#3552 = ELLIPSE('',#3553,2.65165042945,1.875);
#3553 = AXIS2_PLACEMENT_3D('',#3554,#3555,#3556);
#3554 = CARTESIAN_POINT('',(5.,15.,5.));
#3555 = DIRECTION('',(0.707106781187,0.,-0.707106781187));
#3556 = DIRECTION('',(0.707106781187,0.,0.707106781187));
#3557 = PCURVE('',#550,#3558);
#3558 = DEFINITIONAL_REPRESENTATION('',(#3559),#3569);
#3559 = B_SPLINE_CURVE_WITH_KNOTS('',8,(#3560,#3561,#3562,#3563,#3564,
    #3565,#3566,#3567,#3568),.UNSPECIFIED.,.F.,.F.,(9,9),(0.,
    1.570796642529),.PIECEWISE_BEZIER_KNOTS.);
#3560 = CARTESIAN_POINT('',(-6.28318530718,-6.875));
#3561 = CARTESIAN_POINT('',(-6.086835726863,-6.875));
#3562 = CARTESIAN_POINT('',(-5.890486146547,-6.792386011809));
#3563 = CARTESIAN_POINT('',(-5.69413656623,-6.627158737243));
#3564 = CARTESIAN_POINT('',(-5.497786985914,-6.386109963511));
#3565 = CARTESIAN_POINT('',(-5.301437405599,-6.082837059988));
#3566 = CARTESIAN_POINT('',(-5.105087825282,-5.736310447674));
#3567 = CARTESIAN_POINT('',(-4.908738244966,-5.368154871091));
#3568 = CARTESIAN_POINT('',(-4.71238866465,-4.999999407998));
#3569 = ( GEOMETRIC_REPRESENTATION_CONTEXT(2) 
PARAMETRIC_REPRESENTATION_CONTEXT() REPRESENTATION_CONTEXT('2D SPACE',''
  ) );
#3570 = PCURVE('',#3507,#3571);
#3571 = DEFINITIONAL_REPRESENTATION('',(#3572),#3582);
#3572 = B_SPLINE_CURVE_WITH_KNOTS('',8,(#3573,#3574,#3575,#3576,#3577,
    #3578,#3579,#3580,#3581),.UNSPECIFIED.,.F.,.F.,(9,9),(0.,
    1.570796642529),.PIECEWISE_BEZIER_KNOTS.);
#3573 = CARTESIAN_POINT('',(-6.28318530718,-23.125));
#3574 = CARTESIAN_POINT('',(-6.086835726863,-23.125));
#3575 = CARTESIAN_POINT('',(-5.890486146548,-23.20761398817));
#3576 = CARTESIAN_POINT('',(-5.694136566232,-23.37284126273));
#3577 = CARTESIAN_POINT('',(-5.497786985916,-23.61389003641));
#3578 = CARTESIAN_POINT('',(-5.301437405599,-23.91716294006));
#3579 = CARTESIAN_POINT('',(-5.105087825283,-24.26368955231));
#3580 = CARTESIAN_POINT('',(-4.908738244966,-24.6318451289));
#3581 = CARTESIAN_POINT('',(-4.71238866465,-25.000000592));
#3582 = ( GEOMETRIC_REPRESENTATION_CONTEXT(2) 
PARAMETRIC_REPRESENTATION_CONTEXT() REPRESENTATION_CONTEXT('2D SPACE',''
  ) );
#3583 = ORIENTED_EDGE('',*,*,#3584,.F.);
#3584 = EDGE_CURVE('',#1156,#3549,#3585,.T.);
#3585 = SURFACE_CURVE('',#3586,(#3591,#3611),.PCURVE_S1.);
#3586 = ELLIPSE('',#3587,2.65165042945,1.875);
#3587 = AXIS2_PLACEMENT_3D('',#3588,#3589,#3590);
#3588 = CARTESIAN_POINT('',(5.,15.,5.));
#3589 = DIRECTION('',(0.,0.707106781187,0.707106781187));
#3590 = DIRECTION('',(-0.,0.707106781187,-0.707106781187));
#3591 = PCURVE('',#550,#3592);
#3592 = DEFINITIONAL_REPRESENTATION('',(#3593),#3610);
#3593 = B_SPLINE_CURVE_WITH_KNOTS('',8,(#3594,#3595,#3596,#3597,#3598,
    #3599,#3600,#3601,#3602,#3603,#3604,#3605,#3606,#3607,#3608,#3609),
  .UNSPECIFIED.,.F.,.F.,(9,7,9),(1.570796011061,3.141592495723,
    4.712388980385),.UNSPECIFIED.);
#3594 = CARTESIAN_POINT('',(-3.141592337855,-4.999999407998));
#3595 = CARTESIAN_POINT('',(-3.337941898438,-5.368154834091));
#3596 = CARTESIAN_POINT('',(-3.534291459021,-5.736310373685));
#3597 = CARTESIAN_POINT('',(-3.730641019609,-6.082836955462));
#3598 = CARTESIAN_POINT('',(-3.926990580186,-6.386109841642));
#3599 = CARTESIAN_POINT('',(-4.123340140774,-6.627158616091));
#3600 = CARTESIAN_POINT('',(-4.319689701352,-6.792385912187));
#3601 = CARTESIAN_POINT('',(-4.516039261935,-6.87499994188));
#3602 = CARTESIAN_POINT('',(-4.9087383831,-6.87500005812));
#3603 = CARTESIAN_POINT('',(-5.105087943684,-6.792386144662));
#3604 = CARTESIAN_POINT('',(-5.301437504263,-6.627158957999));
#3605 = CARTESIAN_POINT('',(-5.497787064852,-6.386110279265));
#3606 = CARTESIAN_POINT('',(-5.69413662543,-6.082837469225));
#3607 = CARTESIAN_POINT('',(-5.890486186015,-5.736310939601));
#3608 = CARTESIAN_POINT('',(-6.086835746597,-5.368155426093));
#3609 = CARTESIAN_POINT('',(-6.28318530718,-5.));
#3610 = ( GEOMETRIC_REPRESENTATION_CONTEXT(2) 
PARAMETRIC_REPRESENTATION_CONTEXT() REPRESENTATION_CONTEXT('2D SPACE',''
  ) );
#3611 = PCURVE('',#1219,#3612);
#3612 = DEFINITIONAL_REPRESENTATION('',(#3613),#3630);
#3613 = B_SPLINE_CURVE_WITH_KNOTS('',8,(#3614,#3615,#3616,#3617,#3618,
    #3619,#3620,#3621,#3622,#3623,#3624,#3625,#3626,#3627,#3628,#3629),
  .UNSPECIFIED.,.F.,.F.,(9,7,9),(1.570796011061,3.141592495723,
    4.712388980385),.UNSPECIFIED.);
#3614 = CARTESIAN_POINT('',(-3.141592969324,-4.999999407998));
#3615 = CARTESIAN_POINT('',(-2.945243408741,-5.368154834091));
#3616 = CARTESIAN_POINT('',(-2.748893848159,-5.73631037368));
#3617 = CARTESIAN_POINT('',(-2.552544287571,-6.082836955498));
#3618 = CARTESIAN_POINT('',(-2.356194726994,-6.386109841602));
#3619 = CARTESIAN_POINT('',(-2.159845166406,-6.627158616113));
#3620 = CARTESIAN_POINT('',(-1.963495605827,-6.792385912181));
#3621 = CARTESIAN_POINT('',(-1.767146045245,-6.87499994188));
#3622 = CARTESIAN_POINT('',(-1.374446924079,-6.87500005812));
#3623 = CARTESIAN_POINT('',(-1.178097363497,-6.792386144651));
#3624 = CARTESIAN_POINT('',(-0.981747802914,-6.627158958032));
#3625 = CARTESIAN_POINT('',(-0.785398242332,-6.386110279233));
#3626 = CARTESIAN_POINT('',(-0.589048681747,-6.082837469243));
#3627 = CARTESIAN_POINT('',(-0.392699121166,-5.736310939589));
#3628 = CARTESIAN_POINT('',(-0.196349560583,-5.368155426093));
#3629 = CARTESIAN_POINT('',(0.,-5.));
#3630 = ( GEOMETRIC_REPRESENTATION_CONTEXT(2) 
PARAMETRIC_REPRESENTATION_CONTEXT() REPRESENTATION_CONTEXT('2D SPACE',''
  ) );
#3631 = ORIENTED_EDGE('',*,*,#1155,.F.);
#3632 = ORIENTED_EDGE('',*,*,#1096,.F.);
#3633 = ORIENTED_EDGE('',*,*,#3634,.T.);
#3634 = EDGE_CURVE('',#1047,#3635,#3637,.T.);
#3635 = VERTEX_POINT('',#3636);
#3636 = CARTESIAN_POINT('',(5.,16.875,6.875));
#3637 = SURFACE_CURVE('',#3638,(#3643,#3656),.PCURVE_S1.);
#3638 = ELLIPSE('',#3639,2.65165042945,1.875);
#3639 = AXIS2_PLACEMENT_3D('',#3640,#3641,#3642);
#3640 = CARTESIAN_POINT('',(5.,15.,5.));
#3641 = DIRECTION('',(-0.,0.707106781187,-0.707106781187));
#3642 = DIRECTION('',(0.,0.707106781187,0.707106781187));
#3643 = PCURVE('',#550,#3644);
#3644 = DEFINITIONAL_REPRESENTATION('',(#3645),#3655);
#3645 = B_SPLINE_CURVE_WITH_KNOTS('',8,(#3646,#3647,#3648,#3649,#3650,
    #3651,#3652,#3653,#3654),.UNSPECIFIED.,.F.,.F.,(9,9),(4.712388988597
    ,6.28318530718),.PIECEWISE_BEZIER_KNOTS.);
#3646 = CARTESIAN_POINT('',(-3.141592645377,-5.000000015398));
#3647 = CARTESIAN_POINT('',(-2.945243105555,-5.368155402566));
#3648 = CARTESIAN_POINT('',(-2.748893565732,-5.736310876462));
#3649 = CARTESIAN_POINT('',(-2.552544025903,-6.08283737268));
#3650 = CARTESIAN_POINT('',(-2.356194486092,-6.386110162355));
#3651 = CARTESIAN_POINT('',(-2.159844946251,-6.627158839459));
#3652 = CARTESIAN_POINT('',(-1.963495406442,-6.792386045887));
#3653 = CARTESIAN_POINT('',(-1.767145866618,-6.875));
#3654 = CARTESIAN_POINT('',(-1.570796326795,-6.875));
#3655 = ( GEOMETRIC_REPRESENTATION_CONTEXT(2) 
PARAMETRIC_REPRESENTATION_CONTEXT() REPRESENTATION_CONTEXT('2D SPACE',''
  ) );
#3656 = PCURVE('',#909,#3657);
#3657 = DEFINITIONAL_REPRESENTATION('',(#3658),#3668);
#3658 = B_SPLINE_CURVE_WITH_KNOTS('',8,(#3659,#3660,#3661,#3662,#3663,
    #3664,#3665,#3666,#3667),.UNSPECIFIED.,.F.,.F.,(9,9),(4.712388988597
    ,6.28318530718),.PIECEWISE_BEZIER_KNOTS.);
#3659 = CARTESIAN_POINT('',(-3.141592645377,-4.999999984602));
#3660 = CARTESIAN_POINT('',(-2.945243105555,-4.631844597434));
#3661 = CARTESIAN_POINT('',(-2.748893565731,-4.263689123533));
#3662 = CARTESIAN_POINT('',(-2.552544025908,-3.917162627296));
#3663 = CARTESIAN_POINT('',(-2.356194486087,-3.613889837627));
#3664 = CARTESIAN_POINT('',(-2.159844946256,-3.37284116053));
#3665 = CARTESIAN_POINT('',(-1.963495406442,-3.20761395411));
#3666 = CARTESIAN_POINT('',(-1.767145866618,-3.125));
#3667 = CARTESIAN_POINT('',(-1.570796326795,-3.125));
#3668 = ( GEOMETRIC_REPRESENTATION_CONTEXT(2) 
PARAMETRIC_REPRESENTATION_CONTEXT() REPRESENTATION_CONTEXT('2D SPACE',''
  ) );
#3669 = ORIENTED_EDGE('',*,*,#3670,.T.);
#3670 = EDGE_CURVE('',#3635,#3483,#3671,.T.);
#3671 = SURFACE_CURVE('',#3672,(#3677,#3690),.PCURVE_S1.);
#3672 = ELLIPSE('',#3673,2.65165042945,1.875);
#3673 = AXIS2_PLACEMENT_3D('',#3674,#3675,#3676);
#3674 = CARTESIAN_POINT('',(5.,15.,5.));
#3675 = DIRECTION('',(-0.,0.707106781187,-0.707106781187));
#3676 = DIRECTION('',(0.,0.707106781187,0.707106781187));
#3677 = PCURVE('',#550,#3678);
#3678 = DEFINITIONAL_REPRESENTATION('',(#3679),#3689);
#3679 = B_SPLINE_CURVE_WITH_KNOTS('',8,(#3680,#3681,#3682,#3683,#3684,
    #3685,#3686,#3687,#3688),.UNSPECIFIED.,.F.,.F.,(9,9),(0.,
    1.570796318583),.PIECEWISE_BEZIER_KNOTS.);
#3680 = CARTESIAN_POINT('',(-1.570796326795,-6.875));
#3681 = CARTESIAN_POINT('',(-1.374446786972,-6.875));
#3682 = CARTESIAN_POINT('',(-1.178097247148,-6.792386045891));
#3683 = CARTESIAN_POINT('',(-0.98174770733,-6.627158839459));
#3684 = CARTESIAN_POINT('',(-0.785398167498,-6.386110162355));
#3685 = CARTESIAN_POINT('',(-0.589048627683,-6.08283737268));
#3686 = CARTESIAN_POINT('',(-0.392699087857,-5.73631087647));
#3687 = CARTESIAN_POINT('',(-0.196349548035,-5.368155402566));
#3688 = CARTESIAN_POINT('',(-8.212338305687E-09,-5.000000015398));
#3689 = ( GEOMETRIC_REPRESENTATION_CONTEXT(2) 
PARAMETRIC_REPRESENTATION_CONTEXT() REPRESENTATION_CONTEXT('2D SPACE',''
  ) );
#3690 = PCURVE('',#909,#3691);
#3691 = DEFINITIONAL_REPRESENTATION('',(#3692),#3702);
#3692 = B_SPLINE_CURVE_WITH_KNOTS('',8,(#3693,#3694,#3695,#3696,#3697,
    #3698,#3699,#3700,#3701),.UNSPECIFIED.,.F.,.F.,(9,9),(0.,
    1.570796318583),.PIECEWISE_BEZIER_KNOTS.);
#3693 = CARTESIAN_POINT('',(-1.570796326795,-3.125));
#3694 = CARTESIAN_POINT('',(-1.374446786972,-3.125));
#3695 = CARTESIAN_POINT('',(-1.178097247149,-3.207613954111));
#3696 = CARTESIAN_POINT('',(-0.981747707324,-3.372841160504));
#3697 = CARTESIAN_POINT('',(-0.785398167503,-3.613889837634));
#3698 = CARTESIAN_POINT('',(-0.589048627679,-3.917162627295));
#3699 = CARTESIAN_POINT('',(-0.392699087858,-4.263689123533));
#3700 = CARTESIAN_POINT('',(-0.196349548035,-4.631844597434));
#3701 = CARTESIAN_POINT('',(-8.212338305687E-09,-4.999999984602));
#3702 = ( GEOMETRIC_REPRESENTATION_CONTEXT(2) 
PARAMETRIC_REPRESENTATION_CONTEXT() REPRESENTATION_CONTEXT('2D SPACE',''
  ) );
#3703 = ADVANCED_FACE('',(#3704),#581,.F.);
#3704 = FACE_BOUND('',#3705,.F.);
#3705 = EDGE_LOOP('',(#3706,#3707,#3730,#3827,#3991,#4083,#4175,#4339,
    #4429));
#3706 = ORIENTED_EDGE('',*,*,#564,.F.);
#3707 = ORIENTED_EDGE('',*,*,#3708,.F.);
#3708 = EDGE_CURVE('',#3709,#565,#3711,.T.);
#3709 = VERTEX_POINT('',#3710);
#3710 = CARTESIAN_POINT('',(17.125,15.,6.875));
#3711 = SEAM_CURVE('',#3712,(#3716,#3723),.PCURVE_S1.);
#3712 = LINE('',#3713,#3714);
#3713 = CARTESIAN_POINT('',(17.125,15.,-15.));
#3714 = VECTOR('',#3715,1.);
#3715 = DIRECTION('',(0.,0.,1.));
#3716 = PCURVE('',#581,#3717);
#3717 = DEFINITIONAL_REPRESENTATION('',(#3718),#3722);
#3718 = LINE('',#3719,#3720);
#3719 = CARTESIAN_POINT('',(6.28318530718,-0.));
#3720 = VECTOR('',#3721,1.);
#3721 = DIRECTION('',(0.,1.));
#3722 = ( GEOMETRIC_REPRESENTATION_CONTEXT(2) 
PARAMETRIC_REPRESENTATION_CONTEXT() REPRESENTATION_CONTEXT('2D SPACE',''
  ) );
#3723 = PCURVE('',#581,#3724);
#3724 = DEFINITIONAL_REPRESENTATION('',(#3725),#3729);
#3725 = LINE('',#3726,#3727);
#3726 = CARTESIAN_POINT('',(0.,-0.));
#3727 = VECTOR('',#3728,1.);
#3728 = DIRECTION('',(0.,1.));
#3729 = ( GEOMETRIC_REPRESENTATION_CONTEXT(2) 
PARAMETRIC_REPRESENTATION_CONTEXT() REPRESENTATION_CONTEXT('2D SPACE',''
  ) );
#3730 = ORIENTED_EDGE('',*,*,#3731,.T.);
#3731 = EDGE_CURVE('',#3709,#3732,#3734,.T.);
#3732 = VERTEX_POINT('',#3733);
#3733 = CARTESIAN_POINT('',(16.502601910021,16.502601910021,
    6.121522402808));
#3734 = SURFACE_CURVE('',#3735,(#3762,#3792),.PCURVE_S1.);
#3735 = B_SPLINE_CURVE_WITH_KNOTS('',7,(#3736,#3737,#3738,#3739,#3740,
    #3741,#3742,#3743,#3744,#3745,#3746,#3747,#3748,#3749,#3750,#3751,
    #3752,#3753,#3754,#3755,#3756,#3757,#3758,#3759,#3760,#3761),
  .UNSPECIFIED.,.F.,.F.,(8,6,6,6,8),(0.,0.212420840027,0.341230365341,
    0.885372960142,1.),.UNSPECIFIED.);
#3736 = CARTESIAN_POINT('',(17.125,15.,6.875));
#3737 = CARTESIAN_POINT('',(17.125,15.073963375586,6.875));
#3738 = CARTESIAN_POINT('',(17.121996575439,15.147788184067,
    6.871595944014));
#3739 = CARTESIAN_POINT('',(17.116009893606,15.221074494089,
    6.864811321058));
#3740 = CARTESIAN_POINT('',(17.107130863441,15.293425876832,
    6.854739847546));
#3741 = CARTESIAN_POINT('',(17.095519887719,15.364453906995,
    6.841546295536));
#3742 = CARTESIAN_POINT('',(17.081405615223,15.433782663792,
    6.825467320999));
#3743 = CARTESIAN_POINT('',(17.055186269184,15.541845321593,
    6.795500099622));
#3744 = CARTESIAN_POINT('',(17.044467655423,15.581919213444,
    6.783230024361));
#3745 = CARTESIAN_POINT('',(17.032977185263,15.621249347507,
    6.770051998926));
#3746 = CARTESIAN_POINT('',(17.020765149723,15.659812258475,
    6.756016696602));
#3747 = CARTESIAN_POINT('',(17.007882797216,15.697586575715,
    6.741175531313));
#3748 = CARTESIAN_POINT('',(16.994382333545,15.734553023272,
    6.725580657623));
#3749 = CARTESIAN_POINT('',(16.920899036714,15.92337003354,
    6.640445517092));
#3750 = CARTESIAN_POINT('',(16.851386097522,16.061354109673,
    6.559086588125));
#3751 = CARTESIAN_POINT('',(16.775094961313,16.185082163673,
    6.468399311207));
#3752 = CARTESIAN_POINT('',(16.69460214011,16.295466480353,
    6.370643758196));
#3753 = CARTESIAN_POINT('',(16.611877158086,16.393643473213,
    6.267162170769));
#3754 = CARTESIAN_POINT('',(16.528357897079,16.48068756157,
    6.158502452791));
#3755 = CARTESIAN_POINT('',(16.428416052302,16.573472480807,
    6.02012242991));
#3756 = CARTESIAN_POINT('',(16.41107704366,16.589148013492,
    5.995804867952));
#3757 = CARTESIAN_POINT('',(16.393806231314,16.604361222854,
    5.971245094934));
#3758 = CARTESIAN_POINT('',(16.376622790472,16.619117095307,
    5.946440139436));
#3759 = CARTESIAN_POINT('',(16.359548196135,16.633418943709,
    5.921386987908));
#3760 = CARTESIAN_POINT('',(16.342606501193,16.647268625547,
    5.896082504884));
#3761 = CARTESIAN_POINT('',(16.325824614519,16.660666761134,
    5.870523353198));
#3762 = PCURVE('',#581,#3763);
#3763 = DEFINITIONAL_REPRESENTATION('',(#3764),#3791);
#3764 = B_SPLINE_CURVE_WITH_KNOTS('',7,(#3765,#3766,#3767,#3768,#3769,
    #3770,#3771,#3772,#3773,#3774,#3775,#3776,#3777,#3778,#3779,#3780,
    #3781,#3782,#3783,#3784,#3785,#3786,#3787,#3788,#3789,#3790),
  .UNSPECIFIED.,.F.,.F.,(8,6,6,6,8),(0.,0.212420840027,0.341230365341,
    0.885372960142,1.),.UNSPECIFIED.);
#3765 = CARTESIAN_POINT('',(0.,21.875));
#3766 = CARTESIAN_POINT('',(3.480629439361E-02,21.875));
#3767 = CARTESIAN_POINT('',(6.954733586628E-02,21.871595944014));
#3768 = CARTESIAN_POINT('',(0.104103952457,21.864811321058));
#3769 = CARTESIAN_POINT('',(0.138357141836,21.854739847546));
#3770 = CARTESIAN_POINT('',(0.172184380371,21.841546295536));
#3771 = CARTESIAN_POINT('',(0.205455932192,21.825467320999));
#3772 = CARTESIAN_POINT('',(0.257784396249,21.795500099622));
#3773 = CARTESIAN_POINT('',(0.277300302314,21.783230024361));
#3774 = CARTESIAN_POINT('',(0.296574314808,21.770051998926));
#3775 = CARTESIAN_POINT('',(0.315601346468,21.756016696602));
#3776 = CARTESIAN_POINT('',(0.334375784417,21.741175531313));
#3777 = CARTESIAN_POINT('',(0.352891490161,21.725580657623));
#3778 = CARTESIAN_POINT('',(0.448238355191,21.640445517092));
#3779 = CARTESIAN_POINT('',(0.520615079464,21.559086588125));
#3780 = CARTESIAN_POINT('',(0.588644169852,21.468399311207));
#3781 = CARTESIAN_POINT('',(0.652626462724,21.370643758196));
#3782 = CARTESIAN_POINT('',(0.712834307345,21.267162170769));
#3783 = CARTESIAN_POINT('',(0.769507577481,21.158502452791));
#3784 = CARTESIAN_POINT('',(0.833682793644,21.02012242991));
#3785 = CARTESIAN_POINT('',(0.844681560333,20.995804867952));
#3786 = CARTESIAN_POINT('',(0.855511052333,20.971245094934));
#3787 = CARTESIAN_POINT('',(0.866168226231,20.946440139436));
#3788 = CARTESIAN_POINT('',(0.87664840906,20.921386987908));
#3789 = CARTESIAN_POINT('',(0.88694526784,20.896082504884));
#3790 = CARTESIAN_POINT('',(0.897050779112,20.870523353198));
#3791 = ( GEOMETRIC_REPRESENTATION_CONTEXT(2) 
PARAMETRIC_REPRESENTATION_CONTEXT() REPRESENTATION_CONTEXT('2D SPACE',''
  ) );
#3792 = PCURVE('',#3793,#3798);
#3793 = CYLINDRICAL_SURFACE('',#3794,1.875);
#3794 = AXIS2_PLACEMENT_3D('',#3795,#3796,#3797);
#3795 = CARTESIAN_POINT('',(30.,15.,5.));
#3796 = DIRECTION('',(1.,-0.,-1.110223024625E-16));
#3797 = DIRECTION('',(1.110223024625E-16,0.,1.));
#3798 = DEFINITIONAL_REPRESENTATION('',(#3799),#3826);
#3799 = B_SPLINE_CURVE_WITH_KNOTS('',7,(#3800,#3801,#3802,#3803,#3804,
    #3805,#3806,#3807,#3808,#3809,#3810,#3811,#3812,#3813,#3814,#3815,
    #3816,#3817,#3818,#3819,#3820,#3821,#3822,#3823,#3824,#3825),
  .UNSPECIFIED.,.F.,.F.,(8,6,6,6,8),(0.,0.212420840027,0.341230365341,
    0.885372960142,1.),.UNSPECIFIED.);
#3800 = CARTESIAN_POINT('',(0.,-12.875));
#3801 = CARTESIAN_POINT('',(-3.944713364609E-02,-12.875));
#3802 = CARTESIAN_POINT('',(-7.882036607718E-02,-12.87800342456));
#3803 = CARTESIAN_POINT('',(-0.11800665804,-12.88399010639));
#3804 = CARTESIAN_POINT('',(-0.156893133828,-12.89286913655));
#3805 = CARTESIAN_POINT('',(-0.195361762767,-12.90448011228));
#3806 = CARTESIAN_POINT('',(-0.2332840407,-12.91859438477));
#3807 = CARTESIAN_POINT('',(-0.293092499097,-12.94481373081));
#3808 = CARTESIAN_POINT('',(-0.315436737377,-12.95553234457));
#3809 = CARTESIAN_POINT('',(-0.337546926206,-12.96702281473));
#3810 = CARTESIAN_POINT('',(-0.359420844023,-12.97923485027));
#3811 = CARTESIAN_POINT('',(-0.381055507826,-12.99211720278));
#3812 = CARTESIAN_POINT('',(-0.402447173167,-13.00561766645));
#3813 = CARTESIAN_POINT('',(-0.512912668097,-13.07910096328));
#3814 = CARTESIAN_POINT('',(-0.597835443849,-13.14861390247));
#3815 = CARTESIAN_POINT('',(-0.679036409117,-13.22490503868));
#3816 = CARTESIAN_POINT('',(-0.757110519694,-13.30539785989));
#3817 = CARTESIAN_POINT('',(-0.832756076735,-13.38812284191));
#3818 = CARTESIAN_POINT('',(-0.906742994363,-13.47164210292));
#3819 = CARTESIAN_POINT('',(-0.995600348366,-13.57158394769));
#3820 = CARTESIAN_POINT('',(-1.011028279605,-13.58892295634));
#3821 = CARTESIAN_POINT('',(-1.026432220078,-13.60619376868));
#3822 = CARTESIAN_POINT('',(-1.04182089184,-13.62337720952));
#3823 = CARTESIAN_POINT('',(-1.057202501216,-13.64045180386));
#3824 = CARTESIAN_POINT('',(-1.072584910143,-13.6573934988));
#3825 = CARTESIAN_POINT('',(-1.087975807513,-13.67417538548));
#3826 = ( GEOMETRIC_REPRESENTATION_CONTEXT(2) 
PARAMETRIC_REPRESENTATION_CONTEXT() REPRESENTATION_CONTEXT('2D SPACE',''
  ) );
#3827 = ORIENTED_EDGE('',*,*,#3828,.T.);
#3828 = EDGE_CURVE('',#3732,#3829,#3831,.T.);
#3829 = VERTEX_POINT('',#3830);
#3830 = CARTESIAN_POINT('',(13.497398089979,16.502601910021,
    6.121522402808));
#3831 = SURFACE_CURVE('',#3832,(#3883,#3937),.PCURVE_S1.);
#3832 = B_SPLINE_CURVE_WITH_KNOTS('',7,(#3833,#3834,#3835,#3836,#3837,
    #3838,#3839,#3840,#3841,#3842,#3843,#3844,#3845,#3846,#3847,#3848,
    #3849,#3850,#3851,#3852,#3853,#3854,#3855,#3856,#3857,#3858,#3859,
    #3860,#3861,#3862,#3863,#3864,#3865,#3866,#3867,#3868,#3869,#3870,
    #3871,#3872,#3873,#3874,#3875,#3876,#3877,#3878,#3879,#3880,#3881,
    #3882),.UNSPECIFIED.,.F.,.F.,(8,6,6,6,6,6,6,6,8),(0.,
    5.622488844326E-02,0.327891216829,0.393756483431,0.499997184878,
    0.608052087745,0.671864839733,0.942689759753,1.),.UNSPECIFIED.);
#3833 = CARTESIAN_POINT('',(16.660666761136,16.325824614517,
    5.870523353195));
#3834 = CARTESIAN_POINT('',(16.647521029229,16.342290351982,
    5.895601003264));
#3835 = CARTESIAN_POINT('',(16.633941746434,16.358908337182,
    5.920431377696));
#3836 = CARTESIAN_POINT('',(16.619927384598,16.375654861023,
    5.945019603477));
#3837 = CARTESIAN_POINT('',(16.605475556421,16.392507797921,
    5.96936973215));
#3838 = CARTESIAN_POINT('',(16.590583015459,16.409446605794,
    5.993484739812));
#3839 = CARTESIAN_POINT('',(16.57524565612,16.426452326071,
    6.017366527113));
#3840 = CARTESIAN_POINT('',(16.483178504142,16.525914847505,
    6.155284594768));
#3841 = CARTESIAN_POINT('',(16.39654657093,16.60931412325,6.263907598796
    ));
#3842 = CARTESIAN_POINT('',(16.298866315341,16.691923541325,
    6.367335400628));
#3843 = CARTESIAN_POINT('',(16.189083732721,16.772324581746,
    6.465055470845));
#3844 = CARTESIAN_POINT('',(16.066051390277,16.848601079774,
    6.555785599875));
#3845 = CARTESIAN_POINT('',(15.928802248937,16.918232663153,
    6.637327132314));
#3846 = CARTESIAN_POINT('',(15.739958794186,16.992398906767,
    6.723289101729));
#3847 = CARTESIAN_POINT('',(15.702243845221,17.006286556168,
    6.739336258668));
#3848 = CARTESIAN_POINT('',(15.663682275678,17.019532454361,
    6.754599718955));
#3849 = CARTESIAN_POINT('',(15.624294152916,17.032080845057,
    6.769023824977));
#3850 = CARTESIAN_POINT('',(15.584101832009,17.043876958081,
    6.782553661635));
#3851 = CARTESIAN_POINT('',(15.543129955747,17.054867009372,
    6.795135056342));
#3852 = CARTESIAN_POINT('',(15.434103817609,17.081339817113,
    6.825392353757));
#3853 = CARTESIAN_POINT('',(15.364731966345,17.09547424725,6.84149442475
    ));
#3854 = CARTESIAN_POINT('',(15.293652024932,17.107103255944,
    6.854708527147));
#3855 = CARTESIAN_POINT('',(15.221243356583,17.115996406102,
    6.86479603289));
#3856 = CARTESIAN_POINT('',(15.147897934641,17.121992329951,
    6.871591129689));
#3857 = CARTESIAN_POINT('',(15.074015713579,17.125,6.875));
#3858 = CARTESIAN_POINT('',(14.924720369572,17.125,6.875));
#3859 = CARTESIAN_POINT('',(14.849586494178,17.121888730826,
    6.871473703557));
#3860 = CARTESIAN_POINT('',(14.775018719721,17.115687771032,
    6.864446261627));
#3861 = CARTESIAN_POINT('',(14.701433620734,17.106494305596,
    6.854017800857));
#3862 = CARTESIAN_POINT('',(14.629239078024,17.094479740902,
    6.84036432981));
#3863 = CARTESIAN_POINT('',(14.558829356312,17.079888319726,
    6.823738645184));
#3864 = CARTESIAN_POINT('',(14.450275045069,17.053083298116,
    6.793092705074));
#3865 = CARTESIAN_POINT('',(14.410681037187,17.042331740272,
    6.780780939456));
#3866 = CARTESIAN_POINT('',(14.371822000993,17.030829179315,
    6.767584601035));
#3867 = CARTESIAN_POINT('',(14.333719780569,17.018624547972,
    6.753552946265));
#3868 = CARTESIAN_POINT('',(14.29639422131,17.005767595068,
    6.738735828193));
#3869 = CARTESIAN_POINT('',(14.259863169928,16.99230888552,
    6.723183696467));
#3870 = CARTESIAN_POINT('',(14.072541827301,16.9188444524,6.638040676494
    ));
#3871 = CARTESIAN_POINT('',(13.935594068043,16.849497221411,
    6.556841201593));
#3872 = CARTESIAN_POINT('',(13.81278117315,16.773523630154,
    6.466489129736));
#3873 = CARTESIAN_POINT('',(13.703147889929,16.693426414512,
    6.369169698624));
#3874 = CARTESIAN_POINT('',(13.60555840171,16.611109921226,
    6.266162761731));
#3875 = CARTESIAN_POINT('',(13.518965710235,16.527984424152,
    6.157985340141));
#3876 = CARTESIAN_POINT('',(13.426527519192,16.428416052301,
    6.020122429907));
#3877 = CARTESIAN_POINT('',(13.410851986506,16.411077043658,
    5.99580486795));
#3878 = CARTESIAN_POINT('',(13.395638777144,16.393806231312,
    5.971245094931));
#3879 = CARTESIAN_POINT('',(13.380882904691,16.37662279047,
    5.946440139433));
#3880 = CARTESIAN_POINT('',(13.366581056289,16.359548196133,
    5.921386987905));
#3881 = CARTESIAN_POINT('',(13.352731374451,16.34260650119,
    5.896082504881));
#3882 = CARTESIAN_POINT('',(13.339333238864,16.325824614517,
    5.870523353195));
#3883 = PCURVE('',#581,#3884);
#3884 = DEFINITIONAL_REPRESENTATION('',(#3885),#3936);
#3885 = B_SPLINE_CURVE_WITH_KNOTS('',7,(#3886,#3887,#3888,#3889,#3890,
    #3891,#3892,#3893,#3894,#3895,#3896,#3897,#3898,#3899,#3900,#3901,
    #3902,#3903,#3904,#3905,#3906,#3907,#3908,#3909,#3910,#3911,#3912,
    #3913,#3914,#3915,#3916,#3917,#3918,#3919,#3920,#3921,#3922,#3923,
    #3924,#3925,#3926,#3927,#3928,#3929,#3930,#3931,#3932,#3933,#3934,
    #3935),.UNSPECIFIED.,.F.,.F.,(8,6,6,6,6,6,6,6,8),(0.,
    5.622488844326E-02,0.327891216829,0.393756483431,0.499997184878,
    0.608052087745,0.671864839733,0.942689759753,1.),.UNSPECIFIED.);
#3886 = CARTESIAN_POINT('',(0.673745547682,20.870523353195));
#3887 = CARTESIAN_POINT('',(0.68366068409,20.895601003264));
#3888 = CARTESIAN_POINT('',(0.693759106995,20.920431377696));
#3889 = CARTESIAN_POINT('',(0.704034134687,20.945019603477));
#3890 = CARTESIAN_POINT('',(0.714480186654,20.96936973215));
#3891 = CARTESIAN_POINT('',(0.725092783572,20.993484739812));
#3892 = CARTESIAN_POINT('',(0.735868547314,21.017366527113));
#3893 = CARTESIAN_POINT('',(0.799648712392,21.155284594768));
#3894 = CARTESIAN_POINT('',(0.856143898146,21.263907598796));
#3895 = CARTESIAN_POINT('',(0.916139825373,21.367335400628));
#3896 = CARTESIAN_POINT('',(0.979871614911,21.465055470845));
#3897 = CARTESIAN_POINT('',(1.047623932613,21.555785599875));
#3898 = CARTESIAN_POINT('',(1.119720236896,21.637327132314));
#3899 = CARTESIAN_POINT('',(1.215195715261,21.723289101729));
#3900 = CARTESIAN_POINT('',(1.234104596439,21.739336258668));
#3901 = CARTESIAN_POINT('',(1.253284485149,21.754599718955));
#3902 = CARTESIAN_POINT('',(1.272728978641,21.769023824977));
#3903 = CARTESIAN_POINT('',(1.292432243747,21.782553661635));
#3904 = CARTESIAN_POINT('',(1.312389016877,21.795135056342));
#3905 = CARTESIAN_POINT('',(1.3651862242,21.825392353757));
#3906 = CARTESIAN_POINT('',(1.398479512596,21.84149442475));
#3907 = CARTESIAN_POINT('',(1.432332137449,21.854708527147));
#3908 = CARTESIAN_POINT('',(1.466612764316,21.86479603289));
#3909 = CARTESIAN_POINT('',(1.501197344381,21.871591129689));
#3910 = CARTESIAN_POINT('',(1.535965402758,21.875));
#3911 = CARTESIAN_POINT('',(1.606222035232,21.875));
#3912 = CARTESIAN_POINT('',(1.641579103292,21.871473703557));
#3913 = CARTESIAN_POINT('',(1.676742512896,21.864446261627));
#3914 = CARTESIAN_POINT('',(1.711587401189,21.854017800857));
#3915 = CARTESIAN_POINT('',(1.745985074956,21.84036432981));
#3916 = CARTESIAN_POINT('',(1.77979902505,21.823738645184));
#3917 = CARTESIAN_POINT('',(1.832417750619,21.793092705074));
#3918 = CARTESIAN_POINT('',(1.851719818445,21.780780939456));
#3919 = CARTESIAN_POINT('',(1.870783008153,21.767584601035));
#3920 = CARTESIAN_POINT('',(1.889602680812,21.753552946265));
#3921 = CARTESIAN_POINT('',(1.908173694693,21.738735828193));
#3922 = CARTESIAN_POINT('',(1.926490405274,21.723183696467));
#3923 = CARTESIAN_POINT('',(2.02117845134,21.638040676494));
#3924 = CARTESIAN_POINT('',(2.093090536267,21.556841201593));
#3925 = CARTESIAN_POINT('',(2.160682651207,21.466489129736));
#3926 = CARTESIAN_POINT('',(2.224275225037,21.369169698624));
#3927 = CARTESIAN_POINT('',(2.284150772286,21.266162761731));
#3928 = CARTESIAN_POINT('',(2.3405437208,21.157985340141));
#3929 = CARTESIAN_POINT('',(2.40447912044,21.020122429907));
#3930 = CARTESIAN_POINT('',(2.415477887129,20.99580486795));
#3931 = CARTESIAN_POINT('',(2.426307379129,20.971245094931));
#3932 = CARTESIAN_POINT('',(2.436964553027,20.946440139433));
#3933 = CARTESIAN_POINT('',(2.447444735856,20.921386987905));
#3934 = CARTESIAN_POINT('',(2.457741594636,20.896082504881));
#3935 = CARTESIAN_POINT('',(2.467847105908,20.870523353195));
#3936 = ( GEOMETRIC_REPRESENTATION_CONTEXT(2) 
PARAMETRIC_REPRESENTATION_CONTEXT() REPRESENTATION_CONTEXT('2D SPACE',''
  ) );
#3937 = PCURVE('',#944,#3938);
#3938 = DEFINITIONAL_REPRESENTATION('',(#3939),#3990);
#3939 = B_SPLINE_CURVE_WITH_KNOTS('',7,(#3940,#3941,#3942,#3943,#3944,
    #3945,#3946,#3947,#3948,#3949,#3950,#3951,#3952,#3953,#3954,#3955,
    #3956,#3957,#3958,#3959,#3960,#3961,#3962,#3963,#3964,#3965,#3966,
    #3967,#3968,#3969,#3970,#3971,#3972,#3973,#3974,#3975,#3976,#3977,
    #3978,#3979,#3980,#3981,#3982,#3983,#3984,#3985,#3986,#3987,#3988,
    #3989),.UNSPECIFIED.,.F.,.F.,(8,6,6,6,6,6,6,6,8),(0.,
    5.622488844326E-02,0.327891216829,0.393756483431,0.499997184878,
    0.608052087745,0.671864839733,0.942689759753,1.),.UNSPECIFIED.);
#3940 = CARTESIAN_POINT('',(-0.48282051928,-3.674175385483));
#3941 = CARTESIAN_POINT('',(-0.497921471895,-3.657709648018));
#3942 = CARTESIAN_POINT('',(-0.51301300727,-3.641091662818));
#3943 = CARTESIAN_POINT('',(-0.528103468636,-3.624345138977));
#3944 = CARTESIAN_POINT('',(-0.543200975877,-3.607492202079));
#3945 = CARTESIAN_POINT('',(-0.558313425527,-3.590553394206));
#3946 = CARTESIAN_POINT('',(-0.573448490771,-3.573547673929));
#3947 = CARTESIAN_POINT('',(-0.66188820651,-3.474085152495));
#3948 = CARTESIAN_POINT('',(-0.735723791286,-3.39068587675));
#3949 = CARTESIAN_POINT('',(-0.81116901584,-3.308076458675));
#3950 = CARTESIAN_POINT('',(-0.888996206239,-3.227675418254));
#3951 = CARTESIAN_POINT('',(-0.969919174274,-3.151398920226));
#3952 = CARTESIAN_POINT('',(-1.054558343925,-3.081767336847));
#3953 = CARTESIAN_POINT('',(-1.165218662571,-3.007601093233));
#3954 = CARTESIAN_POINT('',(-1.187071590379,-2.993713443832));
#3955 = CARTESIAN_POINT('',(-1.209178757092,-2.980467545639));
#3956 = CARTESIAN_POINT('',(-1.231536339561,-2.967919154943));
#3957 = CARTESIAN_POINT('',(-1.25414133854,-2.956123041919));
#3958 = CARTESIAN_POINT('',(-1.276991578683,-2.945132990628));
#3959 = CARTESIAN_POINT('',(-1.337336549274,-2.918660182887));
#3960 = CARTESIAN_POINT('',(-1.375283952955,-2.90452575275));
#3961 = CARTESIAN_POINT('',(-1.413781667786,-2.892896744056));
#3962 = CARTESIAN_POINT('',(-1.452699395688,-2.884003593898));
#3963 = CARTESIAN_POINT('',(-1.49191742773,-2.878007670049));
#3964 = CARTESIAN_POINT('',(-1.531321279553,-2.875));
#3965 = CARTESIAN_POINT('',(-1.610945463023,-2.875));
#3966 = CARTESIAN_POINT('',(-1.651016864552,-2.878111269174));
#3967 = CARTESIAN_POINT('',(-1.690892052715,-2.884312228968));
#3968 = CARTESIAN_POINT('',(-1.7304527031,-2.893505694404));
#3969 = CARTESIAN_POINT('',(-1.769574887118,-2.905520259098));
#3970 = CARTESIAN_POINT('',(-1.808123313591,-2.920111680274));
#3971 = CARTESIAN_POINT('',(-1.868281829257,-2.946916701884));
#3972 = CARTESIAN_POINT('',(-1.890388316869,-2.957668259728));
#3973 = CARTESIAN_POINT('',(-1.912263933681,-2.969170820685));
#3974 = CARTESIAN_POINT('',(-1.933906855787,-2.981375452028));
#3975 = CARTESIAN_POINT('',(-1.955314534857,-2.994232404932));
#3976 = CARTESIAN_POINT('',(-1.97648369814,-3.00769111448));
#3977 = CARTESIAN_POINT('',(-2.086224233186,-3.0811555476));
#3978 = CARTESIAN_POINT('',(-2.170636412238,-3.150502778589));
#3979 = CARTESIAN_POINT('',(-2.251350193903,-3.226476369846));
#3980 = CARTESIAN_POINT('',(-2.328980064806,-3.306573585488));
#3981 = CARTESIAN_POINT('',(-2.40423217677,-3.388890078774));
#3982 = CARTESIAN_POINT('',(-2.477871372424,-3.472015575848));
#3983 = CARTESIAN_POINT('',(-2.566396675163,-3.571583947699));
#3984 = CARTESIAN_POINT('',(-2.581824606401,-3.588922956342));
#3985 = CARTESIAN_POINT('',(-2.597228546875,-3.606193768688));
#3986 = CARTESIAN_POINT('',(-2.612617218637,-3.62337720953));
#3987 = CARTESIAN_POINT('',(-2.627998828013,-3.640451803867));
#3988 = CARTESIAN_POINT('',(-2.64338123694,-3.65739349881));
#3989 = CARTESIAN_POINT('',(-2.65877213431,-3.674175385483));
#3990 = ( GEOMETRIC_REPRESENTATION_CONTEXT(2) 
PARAMETRIC_REPRESENTATION_CONTEXT() REPRESENTATION_CONTEXT('2D SPACE',''
  ) );
#3991 = ORIENTED_EDGE('',*,*,#3992,.F.);
#3992 = EDGE_CURVE('',#3993,#3829,#3995,.T.);
#3993 = VERTEX_POINT('',#3994);
#3994 = CARTESIAN_POINT('',(12.875,15.,6.875));
#3995 = SURFACE_CURVE('',#3996,(#4023,#4053),.PCURVE_S1.);
#3996 = B_SPLINE_CURVE_WITH_KNOTS('',7,(#3997,#3998,#3999,#4000,#4001,
    #4002,#4003,#4004,#4005,#4006,#4007,#4008,#4009,#4010,#4011,#4012,
    #4013,#4014,#4015,#4016,#4017,#4018,#4019,#4020,#4021,#4022),
  .UNSPECIFIED.,.F.,.F.,(8,6,6,6,8),(0.,0.212420727667,0.341230234186,
    0.885372937318,1.),.UNSPECIFIED.);
#3997 = CARTESIAN_POINT('',(12.875,15.,6.875));
#3998 = CARTESIAN_POINT('',(12.875,15.073963375587,6.875));
#3999 = CARTESIAN_POINT('',(12.878003424561,15.147788184069,
    6.871595944014));
#4000 = CARTESIAN_POINT('',(12.883990106394,15.221074494092,
    6.864811321058));
#4001 = CARTESIAN_POINT('',(12.892869136559,15.293425876835,
    6.854739847545));
#4002 = CARTESIAN_POINT('',(12.904480112281,15.364453906999,
    6.841546295536));
#4003 = CARTESIAN_POINT('',(12.918594384779,15.433782663797,
    6.825467320998));
#4004 = CARTESIAN_POINT('',(12.944813734609,15.541845337224,
    6.795500095288));
#4005 = CARTESIAN_POINT('',(12.955532344502,15.581919216639,
    6.783230024482));
#4006 = CARTESIAN_POINT('',(12.967022811022,15.621249336998,
    6.77005200322));
#4007 = CARTESIAN_POINT('',(12.979234846986,15.659812246704,
    6.756016700379));
#4008 = CARTESIAN_POINT('',(12.992117203772,15.697586575757,
    6.741175530142));
#4009 = CARTESIAN_POINT('',(13.005617671313,15.734553035753,
    6.725580651995));
#4010 = CARTESIAN_POINT('',(13.079100963294,15.92337003356,
    6.640445517082));
#4011 = CARTESIAN_POINT('',(13.14861390249,16.061354109695,
    6.559086588111));
#4012 = CARTESIAN_POINT('',(13.224905038704,16.185082163699,
    6.468399311187));
#4013 = CARTESIAN_POINT('',(13.305397859909,16.295466480379,
    6.370643758172));
#4014 = CARTESIAN_POINT('',(13.388122841938,16.393643473242,
    6.267162170738));
#4015 = CARTESIAN_POINT('',(13.471642102949,16.480687561599,
    6.158502452755));
#4016 = CARTESIAN_POINT('',(13.57158394773,16.573472480835,
    6.020122429865));
#4017 = CARTESIAN_POINT('',(13.588922956373,16.589148013522,
    5.995804867906));
#4018 = CARTESIAN_POINT('',(13.60619376872,16.604361222884,
    5.971245094885));
#4019 = CARTESIAN_POINT('',(13.623377209563,16.619117095337,
    5.946440139385));
#4020 = CARTESIAN_POINT('',(13.640451803901,16.633418943739,
    5.921386987855));
#4021 = CARTESIAN_POINT('',(13.657393498844,16.647268625578,
    5.896082504828));
#4022 = CARTESIAN_POINT('',(13.674175385519,16.660666761165,
    5.870523353141));
#4023 = PCURVE('',#581,#4024);
#4024 = DEFINITIONAL_REPRESENTATION('',(#4025),#4052);
#4025 = B_SPLINE_CURVE_WITH_KNOTS('',7,(#4026,#4027,#4028,#4029,#4030,
    #4031,#4032,#4033,#4034,#4035,#4036,#4037,#4038,#4039,#4040,#4041,
    #4042,#4043,#4044,#4045,#4046,#4047,#4048,#4049,#4050,#4051),
  .UNSPECIFIED.,.F.,.F.,(8,6,6,6,8),(0.,0.212420727667,0.341230234186,
    0.885372937318,1.),.UNSPECIFIED.);
#4026 = CARTESIAN_POINT('',(3.14159265359,21.875));
#4027 = CARTESIAN_POINT('',(3.106786359196,21.875));
#4028 = CARTESIAN_POINT('',(3.072045317723,21.871595944014));
#4029 = CARTESIAN_POINT('',(3.037488701131,21.864811321058));
#4030 = CARTESIAN_POINT('',(3.003235511752,21.854739847545));
#4031 = CARTESIAN_POINT('',(2.969408273217,21.841546295536));
#4032 = CARTESIAN_POINT('',(2.936136721395,21.825467320998));
#4033 = CARTESIAN_POINT('',(2.883808249771,21.795500095288));
#4034 = CARTESIAN_POINT('',(2.864292349847,21.783230024482));
#4035 = CARTESIAN_POINT('',(2.845018344034,21.77005200322));
#4036 = CARTESIAN_POINT('',(2.825991312881,21.756016700379));
#4037 = CARTESIAN_POINT('',(2.807216869012,21.741175530142));
#4038 = CARTESIAN_POINT('',(2.788701157126,21.725580651995));
#4039 = CARTESIAN_POINT('',(2.693354298389,21.640445517082));
#4040 = CARTESIAN_POINT('',(2.620977574114,21.559086588111));
#4041 = CARTESIAN_POINT('',(2.552948483723,21.468399311187));
#4042 = CARTESIAN_POINT('',(2.48896619085,21.370643758172));
#4043 = CARTESIAN_POINT('',(2.428758346228,21.267162170738));
#4044 = CARTESIAN_POINT('',(2.37208507609,21.158502452755));
#4045 = CARTESIAN_POINT('',(2.307909859926,21.020122429865));
#4046 = CARTESIAN_POINT('',(2.296911093236,20.995804867906));
#4047 = CARTESIAN_POINT('',(2.286081601235,20.971245094885));
#4048 = CARTESIAN_POINT('',(2.275424427337,20.946440139385));
#4049 = CARTESIAN_POINT('',(2.264944244508,20.921386987855));
#4050 = CARTESIAN_POINT('',(2.254647385728,20.896082504828));
#4051 = CARTESIAN_POINT('',(2.244541874455,20.870523353141));
#4052 = ( GEOMETRIC_REPRESENTATION_CONTEXT(2) 
PARAMETRIC_REPRESENTATION_CONTEXT() REPRESENTATION_CONTEXT('2D SPACE',''
  ) );
#4053 = PCURVE('',#3507,#4054);
#4054 = DEFINITIONAL_REPRESENTATION('',(#4055),#4082);
#4055 = B_SPLINE_CURVE_WITH_KNOTS('',7,(#4056,#4057,#4058,#4059,#4060,
    #4061,#4062,#4063,#4064,#4065,#4066,#4067,#4068,#4069,#4070,#4071,
    #4072,#4073,#4074,#4075,#4076,#4077,#4078,#4079,#4080,#4081),
  .UNSPECIFIED.,.F.,.F.,(8,6,6,6,8),(0.,0.212420727667,0.341230234186,
    0.885372937318,1.),.UNSPECIFIED.);
#4056 = CARTESIAN_POINT('',(0.,-17.125));
#4057 = CARTESIAN_POINT('',(-3.944713364659E-02,-17.125));
#4058 = CARTESIAN_POINT('',(-7.882036607819E-02,-17.12199657543));
#4059 = CARTESIAN_POINT('',(-0.118006658042,-17.1160098936));
#4060 = CARTESIAN_POINT('',(-0.15689313383,-17.10713086344));
#4061 = CARTESIAN_POINT('',(-0.195361762769,-17.09551988771));
#4062 = CARTESIAN_POINT('',(-0.233284040703,-17.08140561522));
#4063 = CARTESIAN_POINT('',(-0.293092507748,-17.05518626539));
#4064 = CARTESIAN_POINT('',(-0.315436738964,-17.04446765549));
#4065 = CARTESIAN_POINT('',(-0.337546920142,-17.03297718897));
#4066 = CARTESIAN_POINT('',(-0.359420837418,-17.02076515301));
#4067 = CARTESIAN_POINT('',(-0.381055508062,-17.00788279622));
#4068 = CARTESIAN_POINT('',(-0.402447180469,-16.99438232868));
#4069 = CARTESIAN_POINT('',(-0.512912668109,-16.9208990367));
#4070 = CARTESIAN_POINT('',(-0.597835443863,-16.85138609751));
#4071 = CARTESIAN_POINT('',(-0.679036409134,-16.77509496129));
#4072 = CARTESIAN_POINT('',(-0.757110519713,-16.69460214009));
#4073 = CARTESIAN_POINT('',(-0.832756076758,-16.61187715806));
#4074 = CARTESIAN_POINT('',(-0.906742994387,-16.52835789705));
#4075 = CARTESIAN_POINT('',(-0.995600348394,-16.42841605227));
#4076 = CARTESIAN_POINT('',(-1.011028279634,-16.41107704362));
#4077 = CARTESIAN_POINT('',(-1.026432220108,-16.39380623128));
#4078 = CARTESIAN_POINT('',(-1.041820891872,-16.37662279043));
#4079 = CARTESIAN_POINT('',(-1.057202501249,-16.35954819609));
#4080 = CARTESIAN_POINT('',(-1.072584910177,-16.34260650115));
#4081 = CARTESIAN_POINT('',(-1.087975807548,-16.32582461448));
#4082 = ( GEOMETRIC_REPRESENTATION_CONTEXT(2) 
PARAMETRIC_REPRESENTATION_CONTEXT() REPRESENTATION_CONTEXT('2D SPACE',''
  ) );
#4083 = ORIENTED_EDGE('',*,*,#4084,.F.);
#4084 = EDGE_CURVE('',#4085,#3993,#4087,.T.);
#4085 = VERTEX_POINT('',#4086);
#4086 = CARTESIAN_POINT('',(13.497398089979,13.497398089979,
    6.121522402808));
#4087 = SURFACE_CURVE('',#4088,(#4115,#4145),.PCURVE_S1.);
#4088 = B_SPLINE_CURVE_WITH_KNOTS('',7,(#4089,#4090,#4091,#4092,#4093,
    #4094,#4095,#4096,#4097,#4098,#4099,#4100,#4101,#4102,#4103,#4104,
    #4105,#4106,#4107,#4108,#4109,#4110,#4111,#4112,#4113,#4114),
  .UNSPECIFIED.,.F.,.F.,(8,6,6,6,8),(0.,0.112449885254,0.658301862688,
    0.787455655748,1.),.UNSPECIFIED.);
#4089 = CARTESIAN_POINT('',(13.674175385519,13.339333238835,
    5.870523353141));
#4090 = CARTESIAN_POINT('',(13.657709648048,13.352478970746,
    5.895601003219));
#4091 = CARTESIAN_POINT('',(13.641091662843,13.366058253545,
    5.920431377659));
#4092 = CARTESIAN_POINT('',(13.624345138996,13.380072615386,
    5.945019603449));
#4093 = CARTESIAN_POINT('',(13.607492202093,13.394524443567,
    5.969369732131));
#4094 = CARTESIAN_POINT('',(13.590553394213,13.409416984534,
    5.993484739802));
#4095 = CARTESIAN_POINT('',(13.57354767393,13.424754343878,
    6.017366527111));
#4096 = CARTESIAN_POINT('',(13.473703126882,13.517175116596,
    6.155814324294));
#4097 = CARTESIAN_POINT('',(13.389909903114,13.604259383452,
    6.264918431772));
#4098 = CARTESIAN_POINT('',(13.306906262105,13.70251373842,
    6.368801887926));
#4099 = CARTESIAN_POINT('',(13.22613190523,13.813016831666,
    6.466931943683));
#4100 = CARTESIAN_POINT('',(13.149553396328,13.936925860136,
    6.557980056502));
#4101 = CARTESIAN_POINT('',(13.079753597745,14.075188147392,
    6.639684613288));
#4102 = CARTESIAN_POINT('',(13.005963146973,14.264504589653,
    6.725181508543));
#4103 = CARTESIAN_POINT('',(12.992411415131,14.301557767234,
    6.740836472077));
#4104 = CARTESIAN_POINT('',(12.979480408615,14.339423575741,
    6.755734340557));
#4105 = CARTESIAN_POINT('',(12.967222756498,14.378082664557,
    6.769822543538));
#4106 = CARTESIAN_POINT('',(12.955690126637,14.417513578986,
    6.783049252177));
#4107 = CARTESIAN_POINT('',(12.944933225662,14.45769276025,
    6.795363379232));
#4108 = CARTESIAN_POINT('',(12.918657961764,14.565905329927,
    6.825394892406));
#4109 = CARTESIAN_POINT('',(12.904524209919,14.635277456967,
    6.841496186457));
#4110 = CARTESIAN_POINT('',(12.89289663818,14.706352217671,
    6.854708646746));
#4111 = CARTESIAN_POINT('',(12.884004382348,14.778753798114,
    6.864795131928));
#4112 = CARTESIAN_POINT('',(12.878008358134,14.852093815393,
    6.871590344247));
#4113 = CARTESIAN_POINT('',(12.875,14.925975853636,6.875));
#4114 = CARTESIAN_POINT('',(12.875,15.,6.875));
#4115 = PCURVE('',#581,#4116);
#4116 = DEFINITIONAL_REPRESENTATION('',(#4117),#4144);
#4117 = B_SPLINE_CURVE_WITH_KNOTS('',7,(#4118,#4119,#4120,#4121,#4122,
    #4123,#4124,#4125,#4126,#4127,#4128,#4129,#4130,#4131,#4132,#4133,
    #4134,#4135,#4136,#4137,#4138,#4139,#4140,#4141,#4142,#4143),
  .UNSPECIFIED.,.F.,.F.,(8,6,6,6,8),(0.,0.112449885254,0.658301862688,
    0.787455655748,1.),.UNSPECIFIED.);
#4118 = CARTESIAN_POINT('',(4.038643432725,20.870523353141));
#4119 = CARTESIAN_POINT('',(4.028728296313,20.895601003219));
#4120 = CARTESIAN_POINT('',(4.018629873405,20.920431377659));
#4121 = CARTESIAN_POINT('',(4.008354845709,20.945019603449));
#4122 = CARTESIAN_POINT('',(3.997908793739,20.969369732131));
#4123 = CARTESIAN_POINT('',(3.987296196817,20.993484739802));
#4124 = CARTESIAN_POINT('',(3.976520433072,21.017366527111));
#4125 = CARTESIAN_POINT('',(3.912495294747,21.155814324294));
#4126 = CARTESIAN_POINT('',(3.855719468473,21.264918431772));
#4127 = CARTESIAN_POINT('',(3.795400480212,21.368801887926));
#4128 = CARTESIAN_POINT('',(3.731296538373,21.466931943683));
#4129 = CARTESIAN_POINT('',(3.663126029028,21.557980056502));
#4130 = CARTESIAN_POINT('',(3.590574712532,21.639684613288));
#4131 = CARTESIAN_POINT('',(3.494956387135,21.725181508543));
#4132 = CARTESIAN_POINT('',(3.476394095378,21.740836472077));
#4133 = CARTESIAN_POINT('',(3.457571568693,21.755734340557));
#4134 = CARTESIAN_POINT('',(3.43849497304,21.769822543538));
#4135 = CARTESIAN_POINT('',(3.41916993734,21.783049252177));
#4136 = CARTESIAN_POINT('',(3.399601553476,21.795363379232));
#4137 = CARTESIAN_POINT('',(3.347198326382,21.825394892406));
#4138 = CARTESIAN_POINT('',(3.31390499016,21.841496186457));
#4139 = CARTESIAN_POINT('',(3.280054868648,21.854708646746));
#4140 = CARTESIAN_POINT('',(3.245777577064,21.864795131928));
#4141 = CARTESIAN_POINT('',(3.211195516569,21.871590344247));
#4142 = CARTESIAN_POINT('',(3.176427545996,21.875));
#4143 = CARTESIAN_POINT('',(3.14159265359,21.875));
#4144 = ( GEOMETRIC_REPRESENTATION_CONTEXT(2) 
PARAMETRIC_REPRESENTATION_CONTEXT() REPRESENTATION_CONTEXT('2D SPACE',''
  ) );
#4145 = PCURVE('',#3507,#4146);
#4146 = DEFINITIONAL_REPRESENTATION('',(#4147),#4174);
#4147 = B_SPLINE_CURVE_WITH_KNOTS('',7,(#4148,#4149,#4150,#4151,#4152,
    #4153,#4154,#4155,#4156,#4157,#4158,#4159,#4160,#4161,#4162,#4163,
    #4164,#4165,#4166,#4167,#4168,#4169,#4170,#4171,#4172,#4173),
  .UNSPECIFIED.,.F.,.F.,(8,6,6,6,8),(0.,0.112449885254,0.658301862688,
    0.787455655748,1.),.UNSPECIFIED.);
#4148 = CARTESIAN_POINT('',(-5.195209499632,-16.32582461448));
#4149 = CARTESIAN_POINT('',(-5.210310452252,-16.34229035195));
#4150 = CARTESIAN_POINT('',(-5.225401987632,-16.35890833715));
#4151 = CARTESIAN_POINT('',(-5.240492449004,-16.375654861));
#4152 = CARTESIAN_POINT('',(-5.25558995625,-16.3925077979));
#4153 = CARTESIAN_POINT('',(-5.270702405905,-16.40944660578));
#4154 = CARTESIAN_POINT('',(-5.285837471155,-16.42645232607));
#4155 = CARTESIAN_POINT('',(-5.374616875012,-16.52629687311));
#4156 = CARTESIAN_POINT('',(-5.448799810104,-16.61009009688));
#4157 = CARTESIAN_POINT('',(-5.524626111119,-16.69309373789));
#4158 = CARTESIAN_POINT('',(-5.6028765648,-16.77386809477));
#4159 = CARTESIAN_POINT('',(-5.684265372393,-16.85044660367));
#4160 = CARTESIAN_POINT('',(-5.769404810269,-16.92024640225));
#4161 = CARTESIAN_POINT('',(-5.880192451019,-16.99403685302));
#4162 = CARTESIAN_POINT('',(-5.901639147122,-17.00758858486));
#4163 = CARTESIAN_POINT('',(-5.923330204105,-17.02051959138));
#4164 = CARTESIAN_POINT('',(-5.945261872507,-17.0327772435));
#4165 = CARTESIAN_POINT('',(-5.967431178692,-17.04430987336));
#4166 = CARTESIAN_POINT('',(-5.98983592485,-17.05506677433));
#4167 = CARTESIAN_POINT('',(-6.049730592735,-17.08134203823));
#4168 = CARTESIAN_POINT('',(-6.087678026124,-17.09547579008));
#4169 = CARTESIAN_POINT('',(-6.126172880258,-17.10710336182));
#4170 = CARTESIAN_POINT('',(-6.165086824191,-17.11599561765));
#4171 = CARTESIAN_POINT('',(-6.204302007432,-17.12199164186));
#4172 = CARTESIAN_POINT('',(-6.243705762452,-17.125));
#4173 = CARTESIAN_POINT('',(-6.28318530718,-17.125));
#4174 = ( GEOMETRIC_REPRESENTATION_CONTEXT(2) 
PARAMETRIC_REPRESENTATION_CONTEXT() REPRESENTATION_CONTEXT('2D SPACE',''
  ) );
#4175 = ORIENTED_EDGE('',*,*,#4176,.F.);
#4176 = EDGE_CURVE('',#4177,#4085,#4179,.T.);
#4177 = VERTEX_POINT('',#4178);
#4178 = CARTESIAN_POINT('',(16.502601910021,13.497398089979,
    6.121522402808));
#4179 = SURFACE_CURVE('',#4180,(#4231,#4285),.PCURVE_S1.);
#4180 = B_SPLINE_CURVE_WITH_KNOTS('',7,(#4181,#4182,#4183,#4184,#4185,
    #4186,#4187,#4188,#4189,#4190,#4191,#4192,#4193,#4194,#4195,#4196,
    #4197,#4198,#4199,#4200,#4201,#4202,#4203,#4204,#4205,#4206,#4207,
    #4208,#4209,#4210,#4211,#4212,#4213,#4214,#4215,#4216,#4217,#4218,
    #4219,#4220,#4221,#4222,#4223,#4224,#4225,#4226,#4227,#4228,#4229,
    #4230),.UNSPECIFIED.,.F.,.F.,(8,6,6,6,6,6,6,6,8),(0.,
    5.622491621268E-02,0.327891378755,0.393756653776,0.499997325554,
    0.608052198054,0.671864932094,0.942689775884,1.),.UNSPECIFIED.);
#4181 = CARTESIAN_POINT('',(16.660666761143,13.674175385492,
    5.870523353182));
#4182 = CARTESIAN_POINT('',(16.647521029235,13.657709648025,
    5.895601003253));
#4183 = CARTESIAN_POINT('',(16.633941746439,13.641091662824,
    5.920431377687));
#4184 = CARTESIAN_POINT('',(16.619927384602,13.624345138982,
    5.94501960347));
#4185 = CARTESIAN_POINT('',(16.605475556424,13.607492202083,
    5.969369732146));
#4186 = CARTESIAN_POINT('',(16.590583015461,13.590553394207,
    5.993484739809));
#4187 = CARTESIAN_POINT('',(16.57524565612,13.573547673929,
    6.017366527113));
#4188 = CARTESIAN_POINT('',(16.483178504139,13.474085152493,
    6.155284594771));
#4189 = CARTESIAN_POINT('',(16.396546570926,13.390685876746,6.2639075988
    ));
#4190 = CARTESIAN_POINT('',(16.298866315335,13.308076458671,
    6.367335400633));
#4191 = CARTESIAN_POINT('',(16.189083732713,13.227675418248,
    6.465055470852));
#4192 = CARTESIAN_POINT('',(16.066051390267,13.15139892022,
    6.555785599882));
#4193 = CARTESIAN_POINT('',(15.928802248923,13.08176733684,
    6.637327132322));
#4194 = CARTESIAN_POINT('',(15.739958807655,13.007601098523,
    6.723289095598));
#4195 = CARTESIAN_POINT('',(15.702243845223,12.993713444911,
    6.739336257388));
#4196 = CARTESIAN_POINT('',(15.663682262894,12.980467542052,
    6.754599723073));
#4197 = CARTESIAN_POINT('',(15.624294141501,12.96791915088,
    6.769023829673));
#4198 = CARTESIAN_POINT('',(15.584101835434,12.956123041808,6.7825536618
    ));
#4199 = CARTESIAN_POINT('',(15.543129972635,12.945132994728,
    6.795135051656));
#4200 = CARTESIAN_POINT('',(15.434103817683,12.918660182906,
    6.825392353735));
#4201 = CARTESIAN_POINT('',(15.364731966331,12.904525752739,
    6.841494424762));
#4202 = CARTESIAN_POINT('',(15.293652024826,12.892896744037,
    6.854708527169));
#4203 = CARTESIAN_POINT('',(15.221243356486,12.884003593895,
    6.864796032894));
#4204 = CARTESIAN_POINT('',(15.147897934659,12.878007670058,
    6.871591129678));
#4205 = CARTESIAN_POINT('',(15.074015713709,12.875,6.875));
#4206 = CARTESIAN_POINT('',(14.924720369571,12.875,6.875));
#4207 = CARTESIAN_POINT('',(14.849586494177,12.878111269174,
    6.871473703557));
#4208 = CARTESIAN_POINT('',(14.77501871972,12.884312228968,
    6.864446261627));
#4209 = CARTESIAN_POINT('',(14.701433620733,12.893505694404,
    6.854017800857));
#4210 = CARTESIAN_POINT('',(14.629239078023,12.905520259098,
    6.84036432981));
#4211 = CARTESIAN_POINT('',(14.55882935631,12.920111680275,
    6.823738645184));
#4212 = CARTESIAN_POINT('',(14.450275045077,12.946916701882,
    6.793092705077));
#4213 = CARTESIAN_POINT('',(14.410681037187,12.957668259729,
    6.780780939455));
#4214 = CARTESIAN_POINT('',(14.371822000984,12.969170820688,
    6.767584601032));
#4215 = CARTESIAN_POINT('',(14.333719780559,12.981375452031,
    6.753552946261));
#4216 = CARTESIAN_POINT('',(14.296394221307,12.994232404932,
    6.738735828192));
#4217 = CARTESIAN_POINT('',(14.259863169932,13.007691114478,
    6.72318369647));
#4218 = CARTESIAN_POINT('',(14.072541827297,13.081155547602,
    6.638040676491));
#4219 = CARTESIAN_POINT('',(13.935594068038,13.150502778592,
    6.55684120159));
#4220 = CARTESIAN_POINT('',(13.812781173144,13.22647636985,
    6.466489129731));
#4221 = CARTESIAN_POINT('',(13.703147889923,13.306573585492,
    6.369169698618));
#4222 = CARTESIAN_POINT('',(13.605558401703,13.38889007878,
    6.266162761724));
#4223 = CARTESIAN_POINT('',(13.518965710229,13.472015575855,
    6.157985340133));
#4224 = CARTESIAN_POINT('',(13.426527519185,13.571583947707,
    6.020122429897));
#4225 = CARTESIAN_POINT('',(13.410851986499,13.588922956349,
    5.995804867939));
#4226 = CARTESIAN_POINT('',(13.395638777137,13.606193768696,
    5.971245094919));
#4227 = CARTESIAN_POINT('',(13.380882904684,13.623377209538,
    5.946440139421));
#4228 = CARTESIAN_POINT('',(13.366581056282,13.640451803875,
    5.921386987893));
#4229 = CARTESIAN_POINT('',(13.352731374444,13.657393498818,
    5.896082504868));
#4230 = CARTESIAN_POINT('',(13.339333238857,13.674175385492,
    5.870523353182));
#4231 = PCURVE('',#581,#4232);
#4232 = DEFINITIONAL_REPRESENTATION('',(#4233),#4284);
#4233 = B_SPLINE_CURVE_WITH_KNOTS('',7,(#4234,#4235,#4236,#4237,#4238,
    #4239,#4240,#4241,#4242,#4243,#4244,#4245,#4246,#4247,#4248,#4249,
    #4250,#4251,#4252,#4253,#4254,#4255,#4256,#4257,#4258,#4259,#4260,
    #4261,#4262,#4263,#4264,#4265,#4266,#4267,#4268,#4269,#4270,#4271,
    #4272,#4273,#4274,#4275,#4276,#4277,#4278,#4279,#4280,#4281,#4282,
    #4283),.UNSPECIFIED.,.F.,.F.,(8,6,6,6,6,6,6,6,8),(0.,
    5.622491621268E-02,0.327891378755,0.393756653776,0.499997325554,
    0.608052198054,0.671864932094,0.942689775884,1.),.UNSPECIFIED.);
#4234 = CARTESIAN_POINT('',(5.609439759503,20.870523353182));
#4235 = CARTESIAN_POINT('',(5.599524623094,20.895601003253));
#4236 = CARTESIAN_POINT('',(5.589426200189,20.920431377687));
#4237 = CARTESIAN_POINT('',(5.579151172495,20.94501960347));
#4238 = CARTESIAN_POINT('',(5.568705120528,20.969369732146));
#4239 = CARTESIAN_POINT('',(5.558092523608,20.993484739809));
#4240 = CARTESIAN_POINT('',(5.547316759866,21.017366527113));
#4241 = CARTESIAN_POINT('',(5.483536594786,21.155284594771));
#4242 = CARTESIAN_POINT('',(5.427041409031,21.2639075988));
#4243 = CARTESIAN_POINT('',(5.367045481803,21.367335400633));
#4244 = CARTESIAN_POINT('',(5.303313692264,21.465055470852));
#4245 = CARTESIAN_POINT('',(5.23556137456,21.555785599882));
#4246 = CARTESIAN_POINT('',(5.163465070276,21.637327132322));
#4247 = CARTESIAN_POINT('',(5.067989598729,21.723289095598));
#4248 = CARTESIAN_POINT('',(5.049080710897,21.739336257388));
#4249 = CARTESIAN_POINT('',(5.029900815774,21.754599723073));
#4250 = CARTESIAN_POINT('',(5.01045632283,21.769023829673));
#4251 = CARTESIAN_POINT('',(4.990753064959,21.7825536618));
#4252 = CARTESIAN_POINT('',(4.970796298481,21.795135051656));
#4253 = CARTESIAN_POINT('',(4.917999083016,21.825392353735));
#4254 = CARTESIAN_POINT('',(4.884705794576,21.841494424762));
#4255 = CARTESIAN_POINT('',(4.850853169679,21.854708527169));
#4256 = CARTESIAN_POINT('',(4.816572542818,21.864796032894));
#4257 = CARTESIAN_POINT('',(4.781987962808,21.871591129678));
#4258 = CARTESIAN_POINT('',(4.747219904483,21.875));
#4259 = CARTESIAN_POINT('',(4.676963271948,21.875));
#4260 = CARTESIAN_POINT('',(4.641606203888,21.871473703557));
#4261 = CARTESIAN_POINT('',(4.606442794283,21.864446261627));
#4262 = CARTESIAN_POINT('',(4.57159790599,21.854017800857));
#4263 = CARTESIAN_POINT('',(4.537200232223,21.84036432981));
#4264 = CARTESIAN_POINT('',(4.503386282129,21.823738645184));
#4265 = CARTESIAN_POINT('',(4.450767556564,21.793092705077));
#4266 = CARTESIAN_POINT('',(4.431465488735,21.780780939455));
#4267 = CARTESIAN_POINT('',(4.412402299022,21.767584601032));
#4268 = CARTESIAN_POINT('',(4.393582626363,21.753552946261));
#4269 = CARTESIAN_POINT('',(4.375011612485,21.738735828192));
#4270 = CARTESIAN_POINT('',(4.356694901907,21.72318369647));
#4271 = CARTESIAN_POINT('',(4.262006855837,21.638040676491));
#4272 = CARTESIAN_POINT('',(4.190094770909,21.55684120159));
#4273 = CARTESIAN_POINT('',(4.122502655969,21.466489129731));
#4274 = CARTESIAN_POINT('',(4.058910082139,21.369169698618));
#4275 = CARTESIAN_POINT('',(3.99903453489,21.266162761724));
#4276 = CARTESIAN_POINT('',(3.942641586375,21.157985340133));
#4277 = CARTESIAN_POINT('',(3.878706186735,21.020122429897));
#4278 = CARTESIAN_POINT('',(3.867707420046,20.995804867939));
#4279 = CARTESIAN_POINT('',(3.856877928045,20.971245094919));
#4280 = CARTESIAN_POINT('',(3.846220754148,20.946440139421));
#4281 = CARTESIAN_POINT('',(3.835740571318,20.921386987893));
#4282 = CARTESIAN_POINT('',(3.825443712538,20.896082504868));
#4283 = CARTESIAN_POINT('',(3.815338201266,20.870523353182));
#4284 = ( GEOMETRIC_REPRESENTATION_CONTEXT(2) 
PARAMETRIC_REPRESENTATION_CONTEXT() REPRESENTATION_CONTEXT('2D SPACE',''
  ) );
#4285 = PCURVE('',#2900,#4286);
#4286 = DEFINITIONAL_REPRESENTATION('',(#4287),#4338);
#4287 = B_SPLINE_CURVE_WITH_KNOTS('',7,(#4288,#4289,#4290,#4291,#4292,
    #4293,#4294,#4295,#4296,#4297,#4298,#4299,#4300,#4301,#4302,#4303,
    #4304,#4305,#4306,#4307,#4308,#4309,#4310,#4311,#4312,#4313,#4314,
    #4315,#4316,#4317,#4318,#4319,#4320,#4321,#4322,#4323,#4324,#4325,
    #4326,#4327,#4328,#4329,#4330,#4331,#4332,#4333,#4334,#4335,#4336,
    #4337),.UNSPECIFIED.,.F.,.F.,(8,6,6,6,6,6,6,6,8),(0.,
    5.622491621268E-02,0.327891378755,0.393756653776,0.499997325554,
    0.608052198054,0.671864932094,0.942689775884,1.),.UNSPECIFIED.);
#4288 = CARTESIAN_POINT('',(-0.482820519272,-6.325824614508));
#4289 = CARTESIAN_POINT('',(-0.497921471888,-6.342290351975));
#4290 = CARTESIAN_POINT('',(-0.513013007265,-6.358908337176));
#4291 = CARTESIAN_POINT('',(-0.528103468632,-6.375654861018));
#4292 = CARTESIAN_POINT('',(-0.543200975874,-6.392507797917));
#4293 = CARTESIAN_POINT('',(-0.558313425525,-6.409446605793));
#4294 = CARTESIAN_POINT('',(-0.573448490771,-6.426452326071));
#4295 = CARTESIAN_POINT('',(-0.661888206512,-6.525914847507));
#4296 = CARTESIAN_POINT('',(-0.735723791289,-6.609314123254));
#4297 = CARTESIAN_POINT('',(-0.811169015845,-6.691923541329));
#4298 = CARTESIAN_POINT('',(-0.888996206244,-6.772324581752));
#4299 = CARTESIAN_POINT('',(-0.969919174281,-6.84860107978));
#4300 = CARTESIAN_POINT('',(-1.054558343933,-6.91823266316));
#4301 = CARTESIAN_POINT('',(-1.165218654678,-6.992398901477));
#4302 = CARTESIAN_POINT('',(-1.187071590142,-7.006286555089));
#4303 = CARTESIAN_POINT('',(-1.209178764268,-7.019532457948));
#4304 = CARTESIAN_POINT('',(-1.231536346154,-7.03208084912));
#4305 = CARTESIAN_POINT('',(-1.254141336846,-7.043876958192));
#4306 = CARTESIAN_POINT('',(-1.276991569336,-7.054867005272));
#4307 = CARTESIAN_POINT('',(-1.337336549233,-7.081339817094));
#4308 = CARTESIAN_POINT('',(-1.375283952963,-7.095474247261));
#4309 = CARTESIAN_POINT('',(-1.413781667844,-7.107103255963));
#4310 = CARTESIAN_POINT('',(-1.452699395741,-7.115996406105));
#4311 = CARTESIAN_POINT('',(-1.49191742772,-7.121992329942));
#4312 = CARTESIAN_POINT('',(-1.531321279483,-7.125));
#4313 = CARTESIAN_POINT('',(-1.610945463023,-7.125));
#4314 = CARTESIAN_POINT('',(-1.651016864552,-7.121888730826));
#4315 = CARTESIAN_POINT('',(-1.690892052716,-7.115687771032));
#4316 = CARTESIAN_POINT('',(-1.7304527031,-7.106494305596));
#4317 = CARTESIAN_POINT('',(-1.769574887118,-7.094479740902));
#4318 = CARTESIAN_POINT('',(-1.808123313592,-7.079888319725));
#4319 = CARTESIAN_POINT('',(-1.868281829253,-7.053083298118));
#4320 = CARTESIAN_POINT('',(-1.890388316869,-7.042331740271));
#4321 = CARTESIAN_POINT('',(-1.912263933686,-7.030829179312));
#4322 = CARTESIAN_POINT('',(-1.933906855792,-7.018624547969));
#4323 = CARTESIAN_POINT('',(-1.955314534859,-7.005767595068));
#4324 = CARTESIAN_POINT('',(-1.976483698138,-6.992308885522));
#4325 = CARTESIAN_POINT('',(-2.086224233189,-6.918844452398));
#4326 = CARTESIAN_POINT('',(-2.170636412241,-6.849497221408));
#4327 = CARTESIAN_POINT('',(-2.251350193907,-6.77352363015));
#4328 = CARTESIAN_POINT('',(-2.32898006481,-6.693426414508));
#4329 = CARTESIAN_POINT('',(-2.404232176775,-6.61110992122));
#4330 = CARTESIAN_POINT('',(-2.47787137243,-6.527984424145));
#4331 = CARTESIAN_POINT('',(-2.566396675169,-6.428416052293));
#4332 = CARTESIAN_POINT('',(-2.581824606408,-6.411077043651));
#4333 = CARTESIAN_POINT('',(-2.597228546882,-6.393806231304));
#4334 = CARTESIAN_POINT('',(-2.612617218644,-6.376622790462));
#4335 = CARTESIAN_POINT('',(-2.627998828021,-6.359548196125));
#4336 = CARTESIAN_POINT('',(-2.643381236948,-6.342606501182));
#4337 = CARTESIAN_POINT('',(-2.658772134318,-6.325824614508));
#4338 = ( GEOMETRIC_REPRESENTATION_CONTEXT(2) 
PARAMETRIC_REPRESENTATION_CONTEXT() REPRESENTATION_CONTEXT('2D SPACE',''
  ) );
#4339 = ORIENTED_EDGE('',*,*,#4340,.T.);
#4340 = EDGE_CURVE('',#4177,#3709,#4341,.T.);
#4341 = SURFACE_CURVE('',#4342,(#4369,#4399),.PCURVE_S1.);
#4342 = B_SPLINE_CURVE_WITH_KNOTS('',7,(#4343,#4344,#4345,#4346,#4347,
    #4348,#4349,#4350,#4351,#4352,#4353,#4354,#4355,#4356,#4357,#4358,
    #4359,#4360,#4361,#4362,#4363,#4364,#4365,#4366,#4367,#4368),
  .UNSPECIFIED.,.F.,.F.,(8,6,6,6,8),(0.,0.112449862641,0.658301730476,
    0.787455542595,1.),.UNSPECIFIED.);
#4343 = CARTESIAN_POINT('',(16.325824614519,13.339333238866,
    5.870523353198));
#4344 = CARTESIAN_POINT('',(16.342290351984,13.352478970772,
    5.895601003267));
#4345 = CARTESIAN_POINT('',(16.358908337183,13.366058253567,
    5.920431377698));
#4346 = CARTESIAN_POINT('',(16.375654861024,13.380072615403,
    5.945019603479));
#4347 = CARTESIAN_POINT('',(16.392507797921,13.394524443579,
    5.969369732151));
#4348 = CARTESIAN_POINT('',(16.409446605795,13.409416984541,
    5.993484739813));
#4349 = CARTESIAN_POINT('',(16.426452326071,13.42475434388,
    6.017366527114));
#4350 = CARTESIAN_POINT('',(16.526296873108,13.517175116587,
    6.15581432428));
#4351 = CARTESIAN_POINT('',(16.610090096872,13.604259383436,
    6.264918431753));
#4352 = CARTESIAN_POINT('',(16.693093737874,13.702513738396,
    6.368801887901));
#4353 = CARTESIAN_POINT('',(16.773868094746,13.813016831632,
    6.466931943653));
#4354 = CARTESIAN_POINT('',(16.850446603644,13.936925860089,
    6.557980056468));
#4355 = CARTESIAN_POINT('',(16.920246402224,14.075188147331,
    6.639684613252));
#4356 = CARTESIAN_POINT('',(16.994036857916,14.264504602192,
    6.725181514208));
#4357 = CARTESIAN_POINT('',(17.007588585841,14.301557767193,
    6.740836473231));
#4358 = CARTESIAN_POINT('',(17.020519588022,14.339423563737,
    6.755734336696));
#4359 = CARTESIAN_POINT('',(17.032777239701,14.3780826538,6.769822539146
    ));
#4360 = CARTESIAN_POINT('',(17.044309873241,14.417513582057,
    6.783049252002));
#4361 = CARTESIAN_POINT('',(17.055066778131,14.457692775885,
    6.795363383568));
#4362 = CARTESIAN_POINT('',(17.081342038195,14.565905329735,
    6.825394892358));
#4363 = CARTESIAN_POINT('',(17.095475790071,14.635277456866,
    6.841496186445));
#4364 = CARTESIAN_POINT('',(17.107103361823,14.70635221766,
    6.854708646749));
#4365 = CARTESIAN_POINT('',(17.115995617647,14.778753798112,
    6.864795131923));
#4366 = CARTESIAN_POINT('',(17.121991641856,14.85209381532,
    6.871590344235));
#4367 = CARTESIAN_POINT('',(17.125,14.925975853499,6.875));
#4368 = CARTESIAN_POINT('',(17.125,15.,6.875));
#4369 = PCURVE('',#581,#4370);
#4370 = DEFINITIONAL_REPRESENTATION('',(#4371),#4398);
#4371 = B_SPLINE_CURVE_WITH_KNOTS('',7,(#4372,#4373,#4374,#4375,#4376,
    #4377,#4378,#4379,#4380,#4381,#4382,#4383,#4384,#4385,#4386,#4387,
    #4388,#4389,#4390,#4391,#4392,#4393,#4394,#4395,#4396,#4397),
  .UNSPECIFIED.,.F.,.F.,(8,6,6,6,8),(0.,0.112449862641,0.658301730476,
    0.787455542595,1.),.UNSPECIFIED.);
#4372 = CARTESIAN_POINT('',(5.386134528068,20.870523353198));
#4373 = CARTESIAN_POINT('',(5.396049664476,20.895601003267));
#4374 = CARTESIAN_POINT('',(5.40614808738,20.920431377698));
#4375 = CARTESIAN_POINT('',(5.416423115073,20.945019603479));
#4376 = CARTESIAN_POINT('',(5.426869167039,20.969369732151));
#4377 = CARTESIAN_POINT('',(5.437481763957,20.993484739813));
#4378 = CARTESIAN_POINT('',(5.448257527699,21.017366527114));
#4379 = CARTESIAN_POINT('',(5.512282666016,21.15581432428));
#4380 = CARTESIAN_POINT('',(5.569058492286,21.264918431753));
#4381 = CARTESIAN_POINT('',(5.629377480542,21.368801887901));
#4382 = CARTESIAN_POINT('',(5.693481422377,21.466931943653));
#4383 = CARTESIAN_POINT('',(5.761651931716,21.557980056468));
#4384 = CARTESIAN_POINT('',(5.834203248205,21.639684613252));
#4385 = CARTESIAN_POINT('',(5.929821579968,21.725181514208));
#4386 = CARTESIAN_POINT('',(5.948383865512,21.740836473231));
#4387 = CARTESIAN_POINT('',(5.967206386202,21.755734336696));
#4388 = CARTESIAN_POINT('',(5.986282982354,21.769822539146));
#4389 = CARTESIAN_POINT('',(6.005608024795,21.783049252002));
#4390 = CARTESIAN_POINT('',(6.025176414864,21.795363383568));
#4391 = CARTESIAN_POINT('',(6.077579634295,21.825394892358));
#4392 = CARTESIAN_POINT('',(6.110872970561,21.841496186445));
#4393 = CARTESIAN_POINT('',(6.144723092117,21.854708646749));
#4394 = CARTESIAN_POINT('',(6.179000383704,21.864795131923));
#4395 = CARTESIAN_POINT('',(6.213582444165,21.871590344235));
#4396 = CARTESIAN_POINT('',(6.248350414709,21.875));
#4397 = CARTESIAN_POINT('',(6.28318530718,21.875));
#4398 = ( GEOMETRIC_REPRESENTATION_CONTEXT(2) 
PARAMETRIC_REPRESENTATION_CONTEXT() REPRESENTATION_CONTEXT('2D SPACE',''
  ) );
#4399 = PCURVE('',#3793,#4400);
#4400 = DEFINITIONAL_REPRESENTATION('',(#4401),#4428);
#4401 = B_SPLINE_CURVE_WITH_KNOTS('',7,(#4402,#4403,#4404,#4405,#4406,
    #4407,#4408,#4409,#4410,#4411,#4412,#4413,#4414,#4415,#4416,#4417,
    #4418,#4419,#4420,#4421,#4422,#4423,#4424,#4425,#4426,#4427),
  .UNSPECIFIED.,.F.,.F.,(8,6,6,6,8),(0.,0.112449862641,0.658301730476,
    0.787455542595,1.),.UNSPECIFIED.);
#4402 = CARTESIAN_POINT('',(-5.195209499667,-13.67417538548));
#4403 = CARTESIAN_POINT('',(-5.210310452281,-13.65770964801));
#4404 = CARTESIAN_POINT('',(-5.225401987656,-13.64109166281));
#4405 = CARTESIAN_POINT('',(-5.240492449022,-13.62434513897));
#4406 = CARTESIAN_POINT('',(-5.255589956263,-13.60749220207));
#4407 = CARTESIAN_POINT('',(-5.270702405912,-13.5905533942));
#4408 = CARTESIAN_POINT('',(-5.285837471156,-13.57354767392));
#4409 = CARTESIAN_POINT('',(-5.374616875003,-13.47370312689));
#4410 = CARTESIAN_POINT('',(-5.448799810091,-13.38990990312));
#4411 = CARTESIAN_POINT('',(-5.5246261111,-13.30690626212));
#4412 = CARTESIAN_POINT('',(-5.602876564776,-13.22613190525));
#4413 = CARTESIAN_POINT('',(-5.684265372363,-13.14955339635));
#4414 = CARTESIAN_POINT('',(-5.769404810232,-13.07975359777));
#4415 = CARTESIAN_POINT('',(-5.880192458357,-13.00596314208));
#4416 = CARTESIAN_POINT('',(-5.901639147313,-12.99241141415));
#4417 = CARTESIAN_POINT('',(-5.923330197368,-12.97948041197));
#4418 = CARTESIAN_POINT('',(-5.9452618663,-12.96722276029));
#4419 = CARTESIAN_POINT('',(-5.967431180207,-12.95569012675));
#4420 = CARTESIAN_POINT('',(-5.989835933503,-12.94493322186));
#4421 = CARTESIAN_POINT('',(-6.04973059263,-12.9186579618));
#4422 = CARTESIAN_POINT('',(-6.087678026069,-12.90452420992));
#4423 = CARTESIAN_POINT('',(-6.126172880253,-12.89289663817));
#4424 = CARTESIAN_POINT('',(-6.16508682419,-12.88400438235));
#4425 = CARTESIAN_POINT('',(-6.204302007392,-12.87800835814));
#4426 = CARTESIAN_POINT('',(-6.243705762379,-12.875));
#4427 = CARTESIAN_POINT('',(-6.28318530718,-12.875));
#4428 = ( GEOMETRIC_REPRESENTATION_CONTEXT(2) 
PARAMETRIC_REPRESENTATION_CONTEXT() REPRESENTATION_CONTEXT('2D SPACE',''
  ) );
#4429 = ORIENTED_EDGE('',*,*,#3708,.T.);
#4430 = ADVANCED_FACE('',(#4431),#612,.F.);
#4431 = FACE_BOUND('',#4432,.T.);
#4432 = EDGE_LOOP('',(#4433,#4471,#4492,#4493,#4494,#4530,#4580,#4616,
    #4652,#4688));
#4433 = ORIENTED_EDGE('',*,*,#4434,.T.);
#4434 = EDGE_CURVE('',#4435,#4437,#4439,.T.);
#4435 = VERTEX_POINT('',#4436);
#4436 = CARTESIAN_POINT('',(26.325825214725,16.325825214725,
    6.325825214725));
#4437 = VERTEX_POINT('',#4438);
#4438 = CARTESIAN_POINT('',(26.875,15.,6.875));
#4439 = SURFACE_CURVE('',#4440,(#4445,#4458),.PCURVE_S1.);
#4440 = ELLIPSE('',#4441,2.65165042945,1.875);
#4441 = AXIS2_PLACEMENT_3D('',#4442,#4443,#4444);
#4442 = CARTESIAN_POINT('',(25.,15.,5.));
#4443 = DIRECTION('',(0.707106781187,0.,-0.707106781187));
#4444 = DIRECTION('',(0.707106781187,0.,0.707106781187));
#4445 = PCURVE('',#612,#4446);
#4446 = DEFINITIONAL_REPRESENTATION('',(#4447),#4457);
#4447 = B_SPLINE_CURVE_WITH_KNOTS('',8,(#4448,#4449,#4450,#4451,#4452,
    #4453,#4454,#4455,#4456),.UNSPECIFIED.,.F.,.F.,(9,9),(4.712388947541
    ,6.28318530718),.PIECEWISE_BEZIER_KNOTS.);
#4448 = CARTESIAN_POINT('',(-1.570796359638,-4.999999938419));
#4449 = CARTESIAN_POINT('',(-1.374446814684,-5.368155335209));
#4450 = CARTESIAN_POINT('',(-1.178097269729,-5.736310822115));
#4451 = CARTESIAN_POINT('',(-0.98174772477,-6.082837333073));
#4452 = CARTESIAN_POINT('',(-0.78539817982,-6.386110137133));
#4453 = CARTESIAN_POINT('',(-0.58904863486,-6.627158826519));
#4454 = CARTESIAN_POINT('',(-0.39269908991,-6.792386041562));
#4455 = CARTESIAN_POINT('',(-0.196349544955,-6.875));
#4456 = CARTESIAN_POINT('',(0.,-6.875));
#4457 = ( GEOMETRIC_REPRESENTATION_CONTEXT(2) 
PARAMETRIC_REPRESENTATION_CONTEXT() REPRESENTATION_CONTEXT('2D SPACE',''
  ) );
#4458 = PCURVE('',#1522,#4459);
#4459 = DEFINITIONAL_REPRESENTATION('',(#4460),#4470);
#4460 = B_SPLINE_CURVE_WITH_KNOTS('',8,(#4461,#4462,#4463,#4464,#4465,
    #4466,#4467,#4468,#4469),.UNSPECIFIED.,.F.,.F.,(9,9),(4.712388947541
    ,6.28318530718),.PIECEWISE_BEZIER_KNOTS.);
#4461 = CARTESIAN_POINT('',(-1.570796359638,-5.000000061581));
#4462 = CARTESIAN_POINT('',(-1.374446814684,-4.631844664791));
#4463 = CARTESIAN_POINT('',(-1.178097269729,-4.263689177881));
#4464 = CARTESIAN_POINT('',(-0.981747724775,-3.917162666912));
#4465 = CARTESIAN_POINT('',(-0.785398179816,-3.613889862834));
#4466 = CARTESIAN_POINT('',(-0.589048634866,-3.372841173463));
#4467 = CARTESIAN_POINT('',(-0.392699089909,-3.207613958431));
#4468 = CARTESIAN_POINT('',(-0.196349544955,-3.125));
#4469 = CARTESIAN_POINT('',(0.,-3.125));
#4470 = ( GEOMETRIC_REPRESENTATION_CONTEXT(2) 
PARAMETRIC_REPRESENTATION_CONTEXT() REPRESENTATION_CONTEXT('2D SPACE',''
  ) );
#4471 = ORIENTED_EDGE('',*,*,#4472,.T.);
#4472 = EDGE_CURVE('',#4437,#596,#4473,.T.);
#4473 = SEAM_CURVE('',#4474,(#4478,#4485),.PCURVE_S1.);
#4474 = LINE('',#4475,#4476);
#4475 = CARTESIAN_POINT('',(26.875,15.,0.));
#4476 = VECTOR('',#4477,1.);
#4477 = DIRECTION('',(0.,0.,1.));
#4478 = PCURVE('',#612,#4479);
#4479 = DEFINITIONAL_REPRESENTATION('',(#4480),#4484);
#4480 = LINE('',#4481,#4482);
#4481 = CARTESIAN_POINT('',(-6.28318530718,0.));
#4482 = VECTOR('',#4483,1.);
#4483 = DIRECTION('',(-0.,-1.));
#4484 = ( GEOMETRIC_REPRESENTATION_CONTEXT(2) 
PARAMETRIC_REPRESENTATION_CONTEXT() REPRESENTATION_CONTEXT('2D SPACE',''
  ) );
#4485 = PCURVE('',#612,#4486);
#4486 = DEFINITIONAL_REPRESENTATION('',(#4487),#4491);
#4487 = LINE('',#4488,#4489);
#4488 = CARTESIAN_POINT('',(-0.,0.));
#4489 = VECTOR('',#4490,1.);
#4490 = DIRECTION('',(-0.,-1.));
#4491 = ( GEOMETRIC_REPRESENTATION_CONTEXT(2) 
PARAMETRIC_REPRESENTATION_CONTEXT() REPRESENTATION_CONTEXT('2D SPACE',''
  ) );
#4492 = ORIENTED_EDGE('',*,*,#595,.T.);
#4493 = ORIENTED_EDGE('',*,*,#4472,.F.);
#4494 = ORIENTED_EDGE('',*,*,#4495,.T.);
#4495 = EDGE_CURVE('',#4437,#4496,#4498,.T.);
#4496 = VERTEX_POINT('',#4497);
#4497 = CARTESIAN_POINT('',(26.325825214725,13.674174785275,
    6.325825214725));
#4498 = SURFACE_CURVE('',#4499,(#4504,#4517),.PCURVE_S1.);
#4499 = ELLIPSE('',#4500,2.65165042945,1.875);
#4500 = AXIS2_PLACEMENT_3D('',#4501,#4502,#4503);
#4501 = CARTESIAN_POINT('',(25.,15.,5.));
#4502 = DIRECTION('',(0.707106781187,0.,-0.707106781187));
#4503 = DIRECTION('',(0.707106781187,0.,0.707106781187));
#4504 = PCURVE('',#612,#4505);
#4505 = DEFINITIONAL_REPRESENTATION('',(#4506),#4516);
#4506 = B_SPLINE_CURVE_WITH_KNOTS('',8,(#4507,#4508,#4509,#4510,#4511,
    #4512,#4513,#4514,#4515),.UNSPECIFIED.,.F.,.F.,(9,9),(0.,
    1.570796613951),.PIECEWISE_BEZIER_KNOTS.);
#4507 = CARTESIAN_POINT('',(-6.28318530718,-6.875));
#4508 = CARTESIAN_POINT('',(-6.086835730436,-6.875));
#4509 = CARTESIAN_POINT('',(-5.890486153692,-6.792386014818));
#4510 = CARTESIAN_POINT('',(-5.694136576947,-6.627158746243));
#4511 = CARTESIAN_POINT('',(-5.497787000207,-6.38610998106));
#4512 = CARTESIAN_POINT('',(-5.30143742346,-6.082837087557));
#4513 = CARTESIAN_POINT('',(-5.105087846716,-5.736310485506));
#4514 = CARTESIAN_POINT('',(-4.908738269972,-5.368154917976));
#4515 = CARTESIAN_POINT('',(-4.712388693228,-4.999999461581));
#4516 = ( GEOMETRIC_REPRESENTATION_CONTEXT(2) 
PARAMETRIC_REPRESENTATION_CONTEXT() REPRESENTATION_CONTEXT('2D SPACE',''
  ) );
#4517 = PCURVE('',#1522,#4518);
#4518 = DEFINITIONAL_REPRESENTATION('',(#4519),#4529);
#4519 = B_SPLINE_CURVE_WITH_KNOTS('',8,(#4520,#4521,#4522,#4523,#4524,
    #4525,#4526,#4527,#4528),.UNSPECIFIED.,.F.,.F.,(9,9),(0.,
    1.570796613951),.PIECEWISE_BEZIER_KNOTS.);
#4520 = CARTESIAN_POINT('',(-6.28318530718,-3.125));
#4521 = CARTESIAN_POINT('',(-6.086835730436,-3.125));
#4522 = CARTESIAN_POINT('',(-5.890486153692,-3.20761398518));
#4523 = CARTESIAN_POINT('',(-5.694136576947,-3.372841253706));
#4524 = CARTESIAN_POINT('',(-5.497787000205,-3.613890018933));
#4525 = CARTESIAN_POINT('',(-5.301437423461,-3.917162912419));
#4526 = CARTESIAN_POINT('',(-5.105087846717,-4.263689514496));
#4527 = CARTESIAN_POINT('',(-4.908738269972,-4.631845082024));
#4528 = CARTESIAN_POINT('',(-4.712388693228,-5.000000538419));
#4529 = ( GEOMETRIC_REPRESENTATION_CONTEXT(2) 
PARAMETRIC_REPRESENTATION_CONTEXT() REPRESENTATION_CONTEXT('2D SPACE',''
  ) );
#4530 = ORIENTED_EDGE('',*,*,#4531,.F.);
#4531 = EDGE_CURVE('',#4532,#4496,#4534,.T.);
#4532 = VERTEX_POINT('',#4533);
#4533 = CARTESIAN_POINT('',(23.674174785275,13.674174785275,
    6.325825214725));
#4534 = SURFACE_CURVE('',#4535,(#4540,#4560),.PCURVE_S1.);
#4535 = ELLIPSE('',#4536,2.65165042945,1.875);
#4536 = AXIS2_PLACEMENT_3D('',#4537,#4538,#4539);
#4537 = CARTESIAN_POINT('',(25.,15.,5.));
#4538 = DIRECTION('',(0.,0.707106781187,0.707106781187));
#4539 = DIRECTION('',(-0.,0.707106781187,-0.707106781187));
#4540 = PCURVE('',#612,#4541);
#4541 = DEFINITIONAL_REPRESENTATION('',(#4542),#4559);
#4542 = B_SPLINE_CURVE_WITH_KNOTS('',8,(#4543,#4544,#4545,#4546,#4547,
    #4548,#4549,#4550,#4551,#4552,#4553,#4554,#4555,#4556,#4557,#4558),
  .UNSPECIFIED.,.F.,.F.,(9,7,9),(1.570795986968,3.141592473763,
    4.712388960558),.UNSPECIFIED.);
#4543 = CARTESIAN_POINT('',(-3.141592313763,-4.999999362825));
#4544 = CARTESIAN_POINT('',(-3.337941874613,-5.368154789418));
#4545 = CARTESIAN_POINT('',(-3.534291435457,-5.736310331497));
#4546 = CARTESIAN_POINT('',(-3.730640996322,-6.082836917689));
#4547 = CARTESIAN_POINT('',(-3.926990557124,-6.386109809875));
#4548 = CARTESIAN_POINT('',(-4.123340118018,-6.627158591658));
#4549 = CARTESIAN_POINT('',(-4.319689678855,-6.792385895788));
#4550 = CARTESIAN_POINT('',(-4.516039239709,-6.874999933796));
#4551 = CARTESIAN_POINT('',(-4.908738361407,-6.875000066204));
#4552 = CARTESIAN_POINT('',(-5.105087922248,-6.792386160615));
#4553 = CARTESIAN_POINT('',(-5.301437483136,-6.627158981075));
#4554 = CARTESIAN_POINT('',(-5.497787043903,-6.386110308402));
#4555 = CARTESIAN_POINT('',(-5.69413660483,-6.08283750289));
#4556 = CARTESIAN_POINT('',(-5.890486165646,-5.736310976142));
#4557 = CARTESIAN_POINT('',(-6.086835726504,-5.368155463767));
#4558 = CARTESIAN_POINT('',(-6.283185287353,-5.000000037175));
#4559 = ( GEOMETRIC_REPRESENTATION_CONTEXT(2) 
PARAMETRIC_REPRESENTATION_CONTEXT() REPRESENTATION_CONTEXT('2D SPACE',''
  ) );
#4560 = PCURVE('',#3427,#4561);
#4561 = DEFINITIONAL_REPRESENTATION('',(#4562),#4579);
#4562 = B_SPLINE_CURVE_WITH_KNOTS('',8,(#4563,#4564,#4565,#4566,#4567,
    #4568,#4569,#4570,#4571,#4572,#4573,#4574,#4575,#4576,#4577,#4578),
  .UNSPECIFIED.,.F.,.F.,(9,7,9),(1.570795986968,3.141592473763,
    4.712388960558),.UNSPECIFIED.);
#4563 = CARTESIAN_POINT('',(-3.141592993416,-4.999999362825));
#4564 = CARTESIAN_POINT('',(-2.945243432567,-5.368154789418));
#4565 = CARTESIAN_POINT('',(-2.748893871714,-5.736310331497));
#4566 = CARTESIAN_POINT('',(-2.552544310871,-6.082836917696));
#4567 = CARTESIAN_POINT('',(-2.356194750009,-6.38610980989));
#4568 = CARTESIAN_POINT('',(-2.159845189174,-6.627158591644));
#4569 = CARTESIAN_POINT('',(-1.963495628316,-6.792385895792));
#4570 = CARTESIAN_POINT('',(-1.767146067471,-6.874999933796));
#4571 = CARTESIAN_POINT('',(-1.374446945772,-6.875000066204));
#4572 = CARTESIAN_POINT('',(-1.178097384922,-6.792386160614));
#4573 = CARTESIAN_POINT('',(-0.981747824073,-6.627158981075));
#4574 = CARTESIAN_POINT('',(-0.78539826322,-6.386110308398));
#4575 = CARTESIAN_POINT('',(-0.589048702376,-6.082837502894));
#4576 = CARTESIAN_POINT('',(-0.392699141525,-5.736310976141));
#4577 = CARTESIAN_POINT('',(-0.196349580676,-5.368155463767));
#4578 = CARTESIAN_POINT('',(-1.982655390975E-08,-5.000000037175));
#4579 = ( GEOMETRIC_REPRESENTATION_CONTEXT(2) 
PARAMETRIC_REPRESENTATION_CONTEXT() REPRESENTATION_CONTEXT('2D SPACE',''
  ) );
#4580 = ORIENTED_EDGE('',*,*,#4581,.F.);
#4581 = EDGE_CURVE('',#4582,#4532,#4584,.T.);
#4582 = VERTEX_POINT('',#4583);
#4583 = CARTESIAN_POINT('',(23.125,15.,6.875));
#4584 = SURFACE_CURVE('',#4585,(#4590,#4603),.PCURVE_S1.);
#4585 = ELLIPSE('',#4586,2.65165042945,1.875);
#4586 = AXIS2_PLACEMENT_3D('',#4587,#4588,#4589);
#4587 = CARTESIAN_POINT('',(25.,15.,5.));
#4588 = DIRECTION('',(0.707106781187,0.,0.707106781187));
#4589 = DIRECTION('',(0.707106781187,0.,-0.707106781187));
#4590 = PCURVE('',#612,#4591);
#4591 = DEFINITIONAL_REPRESENTATION('',(#4592),#4602);
#4592 = B_SPLINE_CURVE_WITH_KNOTS('',8,(#4593,#4594,#4595,#4596,#4597,
    #4598,#4599,#4600,#4601),.UNSPECIFIED.,.F.,.F.,(9,9),(3.14159265359,
    4.712388960558),.PIECEWISE_BEZIER_KNOTS.);
#4593 = CARTESIAN_POINT('',(-3.14159265359,-6.875));
#4594 = CARTESIAN_POINT('',(-3.337942191961,-6.875));
#4595 = CARTESIAN_POINT('',(-3.534291730327,-6.792386047106));
#4596 = CARTESIAN_POINT('',(-3.730641268707,-6.627158843126));
#4597 = CARTESIAN_POINT('',(-3.926990807053,-6.386110169497));
#4598 = CARTESIAN_POINT('',(-4.123340345452,-6.082837383903));
#4599 = CARTESIAN_POINT('',(-4.319689883813,-5.736310891836));
#4600 = CARTESIAN_POINT('',(-4.516039422187,-5.36815542162));
#4601 = CARTESIAN_POINT('',(-4.712388960558,-5.000000037175));
#4602 = ( GEOMETRIC_REPRESENTATION_CONTEXT(2) 
PARAMETRIC_REPRESENTATION_CONTEXT() REPRESENTATION_CONTEXT('2D SPACE',''
  ) );
#4603 = PCURVE('',#3793,#4604);
#4604 = DEFINITIONAL_REPRESENTATION('',(#4605),#4615);
#4605 = B_SPLINE_CURVE_WITH_KNOTS('',8,(#4606,#4607,#4608,#4609,#4610,
    #4611,#4612,#4613,#4614),.UNSPECIFIED.,.F.,.F.,(9,9),(3.14159265359,
    4.712388960558),.PIECEWISE_BEZIER_KNOTS.);
#4606 = CARTESIAN_POINT('',(-6.28318530718,-6.875));
#4607 = CARTESIAN_POINT('',(-6.086835768809,-6.875));
#4608 = CARTESIAN_POINT('',(-5.890486230438,-6.792386047113));
#4609 = CARTESIAN_POINT('',(-5.694136692066,-6.627158843145));
#4610 = CARTESIAN_POINT('',(-5.497787153698,-6.386110169478));
#4611 = CARTESIAN_POINT('',(-5.301437615325,-6.082837383914));
#4612 = CARTESIAN_POINT('',(-5.105088076954,-5.736310891843));
#4613 = CARTESIAN_POINT('',(-4.908738538582,-5.36815542162));
#4614 = CARTESIAN_POINT('',(-4.712389000211,-5.000000037175));
#4615 = ( GEOMETRIC_REPRESENTATION_CONTEXT(2) 
PARAMETRIC_REPRESENTATION_CONTEXT() REPRESENTATION_CONTEXT('2D SPACE',''
  ) );
#4616 = ORIENTED_EDGE('',*,*,#4617,.F.);
#4617 = EDGE_CURVE('',#4618,#4582,#4620,.T.);
#4618 = VERTEX_POINT('',#4619);
#4619 = CARTESIAN_POINT('',(23.674174785275,16.325825214725,
    6.325825214725));
#4620 = SURFACE_CURVE('',#4621,(#4626,#4639),.PCURVE_S1.);
#4621 = ELLIPSE('',#4622,2.65165042945,1.875);
#4622 = AXIS2_PLACEMENT_3D('',#4623,#4624,#4625);
#4623 = CARTESIAN_POINT('',(25.,15.,5.));
#4624 = DIRECTION('',(0.707106781187,0.,0.707106781187));
#4625 = DIRECTION('',(0.707106781187,0.,-0.707106781187));
#4626 = PCURVE('',#612,#4627);
#4627 = DEFINITIONAL_REPRESENTATION('',(#4628),#4638);
#4628 = B_SPLINE_CURVE_WITH_KNOTS('',8,(#4629,#4630,#4631,#4632,#4633,
    #4634,#4635,#4636,#4637),.UNSPECIFIED.,.F.,.F.,(9,9),(1.570795986968
    ,3.14159265359),.PIECEWISE_BEZIER_KNOTS.);
#4629 = CARTESIAN_POINT('',(-1.570795986968,-4.999999362825));
#4630 = CARTESIAN_POINT('',(-1.767145570296,-5.368154831565));
#4631 = CARTESIAN_POINT('',(-1.963495153622,-5.736310415788));
#4632 = CARTESIAN_POINT('',(-2.159844736945,-6.082837036724));
#4633 = CARTESIAN_POINT('',(-2.356194320275,-6.386109948693));
#4634 = CARTESIAN_POINT('',(-2.552543903606,-6.627158729651));
#4635 = CARTESIAN_POINT('',(-2.748893486934,-6.792386009278));
#4636 = CARTESIAN_POINT('',(-2.945243070262,-6.875));
#4637 = CARTESIAN_POINT('',(-3.14159265359,-6.875));
#4638 = ( GEOMETRIC_REPRESENTATION_CONTEXT(2) 
PARAMETRIC_REPRESENTATION_CONTEXT() REPRESENTATION_CONTEXT('2D SPACE',''
  ) );
#4639 = PCURVE('',#3793,#4640);
#4640 = DEFINITIONAL_REPRESENTATION('',(#4641),#4651);
#4641 = B_SPLINE_CURVE_WITH_KNOTS('',8,(#4642,#4643,#4644,#4645,#4646,
    #4647,#4648,#4649,#4650),.UNSPECIFIED.,.F.,.F.,(9,9),(1.570795986968
    ,3.14159265359),.PIECEWISE_BEZIER_KNOTS.);
#4642 = CARTESIAN_POINT('',(-1.570796666621,-4.999999362825));
#4643 = CARTESIAN_POINT('',(-1.374447083294,-5.368154831565));
#4644 = CARTESIAN_POINT('',(-1.178097499966,-5.73631041579));
#4645 = CARTESIAN_POINT('',(-0.981747916636,-6.082837036698));
#4646 = CARTESIAN_POINT('',(-0.78539833331,-6.386109948719));
#4647 = CARTESIAN_POINT('',(-0.589048749981,-6.62715872964));
#4648 = CARTESIAN_POINT('',(-0.392699166655,-6.792386009281));
#4649 = CARTESIAN_POINT('',(-0.196349583328,-6.875));
#4650 = CARTESIAN_POINT('',(0.,-6.875));
#4651 = ( GEOMETRIC_REPRESENTATION_CONTEXT(2) 
PARAMETRIC_REPRESENTATION_CONTEXT() REPRESENTATION_CONTEXT('2D SPACE',''
  ) );
#4652 = ORIENTED_EDGE('',*,*,#4653,.T.);
#4653 = EDGE_CURVE('',#4618,#4654,#4656,.T.);
#4654 = VERTEX_POINT('',#4655);
#4655 = CARTESIAN_POINT('',(25.,16.875,6.875));
#4656 = SURFACE_CURVE('',#4657,(#4662,#4675),.PCURVE_S1.);
#4657 = ELLIPSE('',#4658,2.65165042945,1.875);
#4658 = AXIS2_PLACEMENT_3D('',#4659,#4660,#4661);
#4659 = CARTESIAN_POINT('',(25.,15.,5.));
#4660 = DIRECTION('',(-0.,0.707106781187,-0.707106781187));
#4661 = DIRECTION('',(0.,0.707106781187,0.707106781187));
#4662 = PCURVE('',#612,#4663);
#4663 = DEFINITIONAL_REPRESENTATION('',(#4664),#4674);
#4664 = B_SPLINE_CURVE_WITH_KNOTS('',8,(#4665,#4666,#4667,#4668,#4669,
    #4670,#4671,#4672,#4673),.UNSPECIFIED.,.F.,.F.,(9,9),(4.712388947541
    ,6.28318530718),.PIECEWISE_BEZIER_KNOTS.);
#4665 = CARTESIAN_POINT('',(-3.141592686433,-4.999999938419));
#4666 = CARTESIAN_POINT('',(-2.945243141478,-5.368155335209));
#4667 = CARTESIAN_POINT('',(-2.748893596524,-5.736310822115));
#4668 = CARTESIAN_POINT('',(-2.552544051561,-6.082837333073));
#4669 = CARTESIAN_POINT('',(-2.356194506625,-6.386110137133));
#4670 = CARTESIAN_POINT('',(-2.159844961649,-6.627158826519));
#4671 = CARTESIAN_POINT('',(-1.963495416705,-6.792386041562));
#4672 = CARTESIAN_POINT('',(-1.76714587175,-6.875));
#4673 = CARTESIAN_POINT('',(-1.570796326795,-6.875));
#4674 = ( GEOMETRIC_REPRESENTATION_CONTEXT(2) 
PARAMETRIC_REPRESENTATION_CONTEXT() REPRESENTATION_CONTEXT('2D SPACE',''
  ) );
#4675 = PCURVE('',#979,#4676);
#4676 = DEFINITIONAL_REPRESENTATION('',(#4677),#4687);
#4677 = B_SPLINE_CURVE_WITH_KNOTS('',8,(#4678,#4679,#4680,#4681,#4682,
    #4683,#4684,#4685,#4686),.UNSPECIFIED.,.F.,.F.,(9,9),(4.712388947541
    ,6.28318530718),.PIECEWISE_BEZIER_KNOTS.);
#4678 = CARTESIAN_POINT('',(-3.141592686433,-5.000000061581));
#4679 = CARTESIAN_POINT('',(-2.945243141478,-4.631844664791));
#4680 = CARTESIAN_POINT('',(-2.748893596527,-4.263689177879));
#4681 = CARTESIAN_POINT('',(-2.55254405155,-3.917162666927));
#4682 = CARTESIAN_POINT('',(-2.356194506632,-3.613889862849));
#4683 = CARTESIAN_POINT('',(-2.159844961645,-3.37284117347));
#4684 = CARTESIAN_POINT('',(-1.963495416708,-3.20761395843));
#4685 = CARTESIAN_POINT('',(-1.76714587175,-3.125));
#4686 = CARTESIAN_POINT('',(-1.570796326795,-3.125));
#4687 = ( GEOMETRIC_REPRESENTATION_CONTEXT(2) 
PARAMETRIC_REPRESENTATION_CONTEXT() REPRESENTATION_CONTEXT('2D SPACE',''
  ) );
#4688 = ORIENTED_EDGE('',*,*,#4689,.T.);
#4689 = EDGE_CURVE('',#4654,#4435,#4690,.T.);
#4690 = SURFACE_CURVE('',#4691,(#4696,#4709),.PCURVE_S1.);
#4691 = ELLIPSE('',#4692,2.65165042945,1.875);
#4692 = AXIS2_PLACEMENT_3D('',#4693,#4694,#4695);
#4693 = CARTESIAN_POINT('',(25.,15.,5.));
#4694 = DIRECTION('',(-0.,0.707106781187,-0.707106781187));
#4695 = DIRECTION('',(0.,0.707106781187,0.707106781187));
#4696 = PCURVE('',#612,#4697);
#4697 = DEFINITIONAL_REPRESENTATION('',(#4698),#4708);
#4698 = B_SPLINE_CURVE_WITH_KNOTS('',8,(#4699,#4700,#4701,#4702,#4703,
    #4704,#4705,#4706,#4707),.UNSPECIFIED.,.F.,.F.,(9,9),(0.,
    1.570796326795),.PIECEWISE_BEZIER_KNOTS.);
#4699 = CARTESIAN_POINT('',(-1.570796326795,-6.875));
#4700 = CARTESIAN_POINT('',(-1.374446785946,-6.875));
#4701 = CARTESIAN_POINT('',(-1.178097245096,-6.792386045017));
#4702 = CARTESIAN_POINT('',(-0.981747704247,-6.627158836913));
#4703 = CARTESIAN_POINT('',(-0.785398163397,-6.386110157291));
#4704 = CARTESIAN_POINT('',(-0.589048622549,-6.082837364796));
#4705 = CARTESIAN_POINT('',(-0.392699081698,-5.736310865588));
#4706 = CARTESIAN_POINT('',(-0.196349540849,-5.368155389093));
#4707 = CARTESIAN_POINT('',(0.,-5.));
#4708 = ( GEOMETRIC_REPRESENTATION_CONTEXT(2) 
PARAMETRIC_REPRESENTATION_CONTEXT() REPRESENTATION_CONTEXT('2D SPACE',''
  ) );
#4709 = PCURVE('',#979,#4710);
#4710 = DEFINITIONAL_REPRESENTATION('',(#4711),#4721);
#4711 = B_SPLINE_CURVE_WITH_KNOTS('',8,(#4712,#4713,#4714,#4715,#4716,
    #4717,#4718,#4719,#4720),.UNSPECIFIED.,.F.,.F.,(9,9),(0.,
    1.570796326795),.PIECEWISE_BEZIER_KNOTS.);
#4712 = CARTESIAN_POINT('',(-1.570796326795,-3.125));
#4713 = CARTESIAN_POINT('',(-1.374446785946,-3.125));
#4714 = CARTESIAN_POINT('',(-1.178097245096,-3.207613954971));
#4715 = CARTESIAN_POINT('',(-0.981747704246,-3.372841163115));
#4716 = CARTESIAN_POINT('',(-0.785398163398,-3.613889842654));
#4717 = CARTESIAN_POINT('',(-0.589048622548,-3.917162635234));
#4718 = CARTESIAN_POINT('',(-0.392699081698,-4.263689134402));
#4719 = CARTESIAN_POINT('',(-0.196349540849,-4.631844610907));
#4720 = CARTESIAN_POINT('',(0.,-5.));
#4721 = ( GEOMETRIC_REPRESENTATION_CONTEXT(2) 
PARAMETRIC_REPRESENTATION_CONTEXT() REPRESENTATION_CONTEXT('2D SPACE',''
  ) );
#4722 = ADVANCED_FACE('',(#4723),#692,.F.);
#4723 = FACE_BOUND('',#4724,.T.);
#4724 = EDGE_LOOP('',(#4725,#4761,#4782,#4783,#4784,#4820,#4856,#4890,
    #4891));
#4725 = ORIENTED_EDGE('',*,*,#4726,.T.);
#4726 = EDGE_CURVE('',#1687,#4727,#4729,.T.);
#4727 = VERTEX_POINT('',#4728);
#4728 = CARTESIAN_POINT('',(6.875,5.,3.125));
#4729 = SURFACE_CURVE('',#4730,(#4735,#4748),.PCURVE_S1.);
#4730 = ELLIPSE('',#4731,2.65165042945,1.875);
#4731 = AXIS2_PLACEMENT_3D('',#4732,#4733,#4734);
#4732 = CARTESIAN_POINT('',(5.,5.,5.));
#4733 = DIRECTION('',(0.707106781187,0.,0.707106781187));
#4734 = DIRECTION('',(0.707106781187,0.,-0.707106781187));
#4735 = PCURVE('',#692,#4736);
#4736 = DEFINITIONAL_REPRESENTATION('',(#4737),#4747);
#4737 = B_SPLINE_CURVE_WITH_KNOTS('',8,(#4738,#4739,#4740,#4741,#4742,
    #4743,#4744,#4745,#4746),.UNSPECIFIED.,.F.,.F.,(9,9),(4.71238897933,
    6.28318530718),.PIECEWISE_BEZIER_KNOTS.);
#4738 = CARTESIAN_POINT('',(-4.71238897933,-5.000000001977));
#4739 = CARTESIAN_POINT('',(-4.908738520312,-4.631844612637));
#4740 = CARTESIAN_POINT('',(-5.10508806129,-4.263689135795));
#4741 = CARTESIAN_POINT('',(-5.301437602269,-3.917162636249));
#4742 = CARTESIAN_POINT('',(-5.497787143257,-3.613889843306));
#4743 = CARTESIAN_POINT('',(-5.694136684218,-3.372841163447));
#4744 = CARTESIAN_POINT('',(-5.890486225215,-3.207613955081));
#4745 = CARTESIAN_POINT('',(-6.086835766198,-3.125));
#4746 = CARTESIAN_POINT('',(-6.28318530718,-3.125));
#4747 = ( GEOMETRIC_REPRESENTATION_CONTEXT(2) 
PARAMETRIC_REPRESENTATION_CONTEXT() REPRESENTATION_CONTEXT('2D SPACE',''
  ) );
#4748 = PCURVE('',#1645,#4749);
#4749 = DEFINITIONAL_REPRESENTATION('',(#4750),#4760);
#4750 = B_SPLINE_CURVE_WITH_KNOTS('',8,(#4751,#4752,#4753,#4754,#4755,
    #4756,#4757,#4758,#4759),.UNSPECIFIED.,.F.,.F.,(9,9),(4.71238897933,
    6.28318530718),.PIECEWISE_BEZIER_KNOTS.);
#4751 = CARTESIAN_POINT('',(-4.712388981439,-25.00000000197));
#4752 = CARTESIAN_POINT('',(-4.516039440458,-24.63184461263));
#4753 = CARTESIAN_POINT('',(-4.31968989948,-24.26368913579));
#4754 = CARTESIAN_POINT('',(-4.123340358488,-23.91716263619));
#4755 = CARTESIAN_POINT('',(-3.92699081753,-23.61388984328));
#4756 = CARTESIAN_POINT('',(-3.730641276512,-23.37284116334));
#4757 = CARTESIAN_POINT('',(-3.534291735556,-23.20761395507));
#4758 = CARTESIAN_POINT('',(-3.337942194571,-23.125));
#4759 = CARTESIAN_POINT('',(-3.14159265359,-23.125));
#4760 = ( GEOMETRIC_REPRESENTATION_CONTEXT(2) 
PARAMETRIC_REPRESENTATION_CONTEXT() REPRESENTATION_CONTEXT('2D SPACE',''
  ) );
#4761 = ORIENTED_EDGE('',*,*,#4762,.F.);
#4762 = EDGE_CURVE('',#676,#4727,#4763,.T.);
#4763 = SEAM_CURVE('',#4764,(#4768,#4775),.PCURVE_S1.);
#4764 = LINE('',#4765,#4766);
#4765 = CARTESIAN_POINT('',(6.875,5.,0.));
#4766 = VECTOR('',#4767,1.);
#4767 = DIRECTION('',(0.,0.,1.));
#4768 = PCURVE('',#692,#4769);
#4769 = DEFINITIONAL_REPRESENTATION('',(#4770),#4774);
#4770 = LINE('',#4771,#4772);
#4771 = CARTESIAN_POINT('',(-0.,0.));
#4772 = VECTOR('',#4773,1.);
#4773 = DIRECTION('',(-0.,-1.));
#4774 = ( GEOMETRIC_REPRESENTATION_CONTEXT(2) 
PARAMETRIC_REPRESENTATION_CONTEXT() REPRESENTATION_CONTEXT('2D SPACE',''
  ) );
#4775 = PCURVE('',#692,#4776);
#4776 = DEFINITIONAL_REPRESENTATION('',(#4777),#4781);
#4777 = LINE('',#4778,#4779);
#4778 = CARTESIAN_POINT('',(-6.28318530718,0.));
#4779 = VECTOR('',#4780,1.);
#4780 = DIRECTION('',(-0.,-1.));
#4781 = ( GEOMETRIC_REPRESENTATION_CONTEXT(2) 
PARAMETRIC_REPRESENTATION_CONTEXT() REPRESENTATION_CONTEXT('2D SPACE',''
  ) );
#4782 = ORIENTED_EDGE('',*,*,#675,.F.);
#4783 = ORIENTED_EDGE('',*,*,#4762,.T.);
#4784 = ORIENTED_EDGE('',*,*,#4785,.T.);
#4785 = EDGE_CURVE('',#4727,#4786,#4788,.T.);
#4786 = VERTEX_POINT('',#4787);
#4787 = CARTESIAN_POINT('',(6.325825214725,6.325825214725,3.674174785275
    ));
#4788 = SURFACE_CURVE('',#4789,(#4794,#4807),.PCURVE_S1.);
#4789 = ELLIPSE('',#4790,2.65165042945,1.875);
#4790 = AXIS2_PLACEMENT_3D('',#4791,#4792,#4793);
#4791 = CARTESIAN_POINT('',(5.,5.,5.));
#4792 = DIRECTION('',(0.707106781187,0.,0.707106781187));
#4793 = DIRECTION('',(0.707106781187,0.,-0.707106781187));
#4794 = PCURVE('',#692,#4795);
#4795 = DEFINITIONAL_REPRESENTATION('',(#4796),#4806);
#4796 = B_SPLINE_CURVE_WITH_KNOTS('',8,(#4797,#4798,#4799,#4800,#4801,
    #4802,#4803,#4804,#4805),.UNSPECIFIED.,.F.,.F.,(9,9),(0.,
    1.570796645741),.PIECEWISE_BEZIER_KNOTS.);
#4797 = CARTESIAN_POINT('',(0.,-3.125));
#4798 = CARTESIAN_POINT('',(-0.196349580718,-3.125));
#4799 = CARTESIAN_POINT('',(-0.392699161435,-3.207613988522));
#4800 = CARTESIAN_POINT('',(-0.589048742154,-3.372841263757));
#4801 = CARTESIAN_POINT('',(-0.785398322865,-3.613890038443));
#4802 = CARTESIAN_POINT('',(-0.981747903588,-3.917162943118));
#4803 = CARTESIAN_POINT('',(-1.178097484305,-4.263689556571));
#4804 = CARTESIAN_POINT('',(-1.374447065023,-4.631845134178));
#4805 = CARTESIAN_POINT('',(-1.570796645741,-5.000000598023));
#4806 = ( GEOMETRIC_REPRESENTATION_CONTEXT(2) 
PARAMETRIC_REPRESENTATION_CONTEXT() REPRESENTATION_CONTEXT('2D SPACE',''
  ) );
#4807 = PCURVE('',#1645,#4808);
#4808 = DEFINITIONAL_REPRESENTATION('',(#4809),#4819);
#4809 = B_SPLINE_CURVE_WITH_KNOTS('',8,(#4810,#4811,#4812,#4813,#4814,
    #4815,#4816,#4817,#4818),.UNSPECIFIED.,.F.,.F.,(9,9),(0.,
    1.570796645741),.PIECEWISE_BEZIER_KNOTS.);
#4810 = CARTESIAN_POINT('',(-3.14159265359,-23.125));
#4811 = CARTESIAN_POINT('',(-2.945243072872,-23.125));
#4812 = CARTESIAN_POINT('',(-2.74889349215,-23.20761398853));
#4813 = CARTESIAN_POINT('',(-2.55254391145,-23.37284126359));
#4814 = CARTESIAN_POINT('',(-2.356194330701,-23.61389003854));
#4815 = CARTESIAN_POINT('',(-2.159844750011,-23.91716294297));
#4816 = CARTESIAN_POINT('',(-1.963495169281,-24.26368955658));
#4817 = CARTESIAN_POINT('',(-1.767145588567,-24.63184513417));
#4818 = CARTESIAN_POINT('',(-1.570796007849,-25.00000059802));
#4819 = ( GEOMETRIC_REPRESENTATION_CONTEXT(2) 
PARAMETRIC_REPRESENTATION_CONTEXT() REPRESENTATION_CONTEXT('2D SPACE',''
  ) );
#4820 = ORIENTED_EDGE('',*,*,#4821,.T.);
#4821 = EDGE_CURVE('',#4786,#4822,#4824,.T.);
#4822 = VERTEX_POINT('',#4823);
#4823 = CARTESIAN_POINT('',(5.,6.875,3.125));
#4824 = SURFACE_CURVE('',#4825,(#4830,#4843),.PCURVE_S1.);
#4825 = ELLIPSE('',#4826,2.65165042945,1.875);
#4826 = AXIS2_PLACEMENT_3D('',#4827,#4828,#4829);
#4827 = CARTESIAN_POINT('',(5.,5.,5.));
#4828 = DIRECTION('',(0.,0.707106781187,0.707106781187));
#4829 = DIRECTION('',(-0.,0.707106781187,-0.707106781187));
#4830 = PCURVE('',#692,#4831);
#4831 = DEFINITIONAL_REPRESENTATION('',(#4832),#4842);
#4832 = B_SPLINE_CURVE_WITH_KNOTS('',8,(#4833,#4834,#4835,#4836,#4837,
    #4838,#4839,#4840,#4841),.UNSPECIFIED.,.F.,.F.,(9,9),(4.712388661439
    ,6.28318530718),.PIECEWISE_BEZIER_KNOTS.);
#4833 = CARTESIAN_POINT('',(3.189457196129E-07,-5.000000598023));
#4834 = CARTESIAN_POINT('',(-0.196349261772,-4.631845134178));
#4835 = CARTESIAN_POINT('',(-0.392698842489,-4.263689556567));
#4836 = CARTESIAN_POINT('',(-0.589048423205,-3.917162943118));
#4837 = CARTESIAN_POINT('',(-0.785398003923,-3.613890038432));
#4838 = CARTESIAN_POINT('',(-0.981747584639,-3.372841263756));
#4839 = CARTESIAN_POINT('',(-1.17809716536,-3.207613988519));
#4840 = CARTESIAN_POINT('',(-1.374446746077,-3.125));
#4841 = CARTESIAN_POINT('',(-1.570796326795,-3.125));
#4842 = ( GEOMETRIC_REPRESENTATION_CONTEXT(2) 
PARAMETRIC_REPRESENTATION_CONTEXT() REPRESENTATION_CONTEXT('2D SPACE',''
  ) );
#4843 = PCURVE('',#1219,#4844);
#4844 = DEFINITIONAL_REPRESENTATION('',(#4845),#4855);
#4845 = B_SPLINE_CURVE_WITH_KNOTS('',8,(#4846,#4847,#4848,#4849,#4850,
    #4851,#4852,#4853,#4854),.UNSPECIFIED.,.F.,.F.,(9,9),(4.712388661439
    ,6.28318530718),.PIECEWISE_BEZIER_KNOTS.);
#4846 = CARTESIAN_POINT('',(-6.283185626125,-15.00000059802));
#4847 = CARTESIAN_POINT('',(-6.086836045408,-14.63184513417));
#4848 = CARTESIAN_POINT('',(-5.890486464691,-14.26368955655));
#4849 = CARTESIAN_POINT('',(-5.694136883975,-13.91716294312));
#4850 = CARTESIAN_POINT('',(-5.497787303256,-13.61389003841));
#4851 = CARTESIAN_POINT('',(-5.301437722537,-13.37284126372));
#4852 = CARTESIAN_POINT('',(-5.10508814182,-13.20761398851));
#4853 = CARTESIAN_POINT('',(-4.908738561102,-13.125));
#4854 = CARTESIAN_POINT('',(-4.712388980385,-13.125));
#4855 = ( GEOMETRIC_REPRESENTATION_CONTEXT(2) 
PARAMETRIC_REPRESENTATION_CONTEXT() REPRESENTATION_CONTEXT('2D SPACE',''
  ) );
#4856 = ORIENTED_EDGE('',*,*,#4857,.T.);
#4857 = EDGE_CURVE('',#4822,#1250,#4858,.T.);
#4858 = SURFACE_CURVE('',#4859,(#4864,#4877),.PCURVE_S1.);
#4859 = ELLIPSE('',#4860,2.65165042945,1.875);
#4860 = AXIS2_PLACEMENT_3D('',#4861,#4862,#4863);
#4861 = CARTESIAN_POINT('',(5.,5.,5.));
#4862 = DIRECTION('',(0.,0.707106781187,0.707106781187));
#4863 = DIRECTION('',(-0.,0.707106781187,-0.707106781187));
#4864 = PCURVE('',#692,#4865);
#4865 = DEFINITIONAL_REPRESENTATION('',(#4866),#4876);
#4866 = B_SPLINE_CURVE_WITH_KNOTS('',8,(#4867,#4868,#4869,#4870,#4871,
    #4872,#4873,#4874,#4875),.UNSPECIFIED.,.F.,.F.,(9,9),(0.,
    1.570796645741),.PIECEWISE_BEZIER_KNOTS.);
#4867 = CARTESIAN_POINT('',(-1.570796326795,-3.125));
#4868 = CARTESIAN_POINT('',(-1.767145907512,-3.125));
#4869 = CARTESIAN_POINT('',(-1.963495488229,-3.207613988528));
#4870 = CARTESIAN_POINT('',(-2.159845068941,-3.372841263747));
#4871 = CARTESIAN_POINT('',(-2.356194649647,-3.613890038461));
#4872 = CARTESIAN_POINT('',(-2.552544230382,-3.917162943106));
#4873 = CARTESIAN_POINT('',(-2.748893811098,-4.263689556576));
#4874 = CARTESIAN_POINT('',(-2.945243391818,-4.631845134178));
#4875 = CARTESIAN_POINT('',(-3.141592972536,-5.000000598023));
#4876 = ( GEOMETRIC_REPRESENTATION_CONTEXT(2) 
PARAMETRIC_REPRESENTATION_CONTEXT() REPRESENTATION_CONTEXT('2D SPACE',''
  ) );
#4877 = PCURVE('',#1219,#4878);
#4878 = DEFINITIONAL_REPRESENTATION('',(#4879),#4889);
#4879 = B_SPLINE_CURVE_WITH_KNOTS('',8,(#4880,#4881,#4882,#4883,#4884,
    #4885,#4886,#4887,#4888),.UNSPECIFIED.,.F.,.F.,(9,9),(0.,
    1.570796645741),.PIECEWISE_BEZIER_KNOTS.);
#4880 = CARTESIAN_POINT('',(-4.712388980385,-13.125));
#4881 = CARTESIAN_POINT('',(-4.516039399667,-13.125));
#4882 = CARTESIAN_POINT('',(-4.319689818948,-13.20761398851));
#4883 = CARTESIAN_POINT('',(-4.12334023823,-13.37284126377));
#4884 = CARTESIAN_POINT('',(-3.926990657492,-13.61389003839));
#4885 = CARTESIAN_POINT('',(-3.730641076794,-13.91716294312));
#4886 = CARTESIAN_POINT('',(-3.534291496074,-14.26368955656));
#4887 = CARTESIAN_POINT('',(-3.337941915362,-14.63184513417));
#4888 = CARTESIAN_POINT('',(-3.141592334644,-15.00000059802));
#4889 = ( GEOMETRIC_REPRESENTATION_CONTEXT(2) 
PARAMETRIC_REPRESENTATION_CONTEXT() REPRESENTATION_CONTEXT('2D SPACE',''
  ) );
#4890 = ORIENTED_EDGE('',*,*,#1247,.F.);
#4891 = ORIENTED_EDGE('',*,*,#1722,.F.);
#4892 = ADVANCED_FACE('',(#4893),#723,.F.);
#4893 = FACE_BOUND('',#4894,.F.);
#4894 = EDGE_LOOP('',(#4895,#4989,#5010,#5011,#5012,#5102,#5103,#5285));
#4895 = ORIENTED_EDGE('',*,*,#4896,.T.);
#4896 = EDGE_CURVE('',#4897,#4899,#4901,.T.);
#4897 = VERTEX_POINT('',#4898);
#4898 = CARTESIAN_POINT('',(16.502601910021,6.502601910021,
    3.878477597192));
#4899 = VERTEX_POINT('',#4900);
#4900 = CARTESIAN_POINT('',(17.125,5.,3.125));
#4901 = SURFACE_CURVE('',#4902,(#4929,#4959),.PCURVE_S1.);
#4902 = B_SPLINE_CURVE_WITH_KNOTS('',7,(#4903,#4904,#4905,#4906,#4907,
    #4908,#4909,#4910,#4911,#4912,#4913,#4914,#4915,#4916,#4917,#4918,
    #4919,#4920,#4921,#4922,#4923,#4924,#4925,#4926,#4927,#4928),
  .UNSPECIFIED.,.F.,.F.,(8,6,6,6,8),(0.,0.112449885215,0.658301862624,
    0.787455655717,1.),.UNSPECIFIED.);
#4903 = CARTESIAN_POINT('',(16.325824614519,6.660666761134,
    4.129476646802));
#4904 = CARTESIAN_POINT('',(16.342290351984,6.647521029228,
    4.104398996733));
#4905 = CARTESIAN_POINT('',(16.358908337183,6.633941746433,
    4.079568622302));
#4906 = CARTESIAN_POINT('',(16.375654861024,6.619927384597,
    4.054980396521));
#4907 = CARTESIAN_POINT('',(16.392507797921,6.605475556421,
    4.030630267849));
#4908 = CARTESIAN_POINT('',(16.409446605795,6.590583015459,
    4.006515260187));
#4909 = CARTESIAN_POINT('',(16.426452326071,6.57524565612,3.982633472886
    ));
#4910 = CARTESIAN_POINT('',(16.526296873108,6.482824883413,
    3.844185675719));
#4911 = CARTESIAN_POINT('',(16.610090096872,6.395740616564,
    3.735081568247));
#4912 = CARTESIAN_POINT('',(16.693093737875,6.297486261603,
    3.631198112099));
#4913 = CARTESIAN_POINT('',(16.773868094745,6.186983168369,
    3.533068056348));
#4914 = CARTESIAN_POINT('',(16.850446603644,6.063074139911,
    3.442019943532));
#4915 = CARTESIAN_POINT('',(16.920246402224,5.924811852669,
    3.360315386748));
#4916 = CARTESIAN_POINT('',(16.994036853002,5.735495410416,
    3.274818491486));
#4917 = CARTESIAN_POINT('',(17.007588584837,5.698442232858,
    3.259163527958));
#4918 = CARTESIAN_POINT('',(17.020519591348,5.660576424374,
    3.244265659486));
#4919 = CARTESIAN_POINT('',(17.032777243463,5.621917335565,
    3.230177456507));
#4920 = CARTESIAN_POINT('',(17.044309873329,5.582486421129,
    3.216950747862));
#4921 = CARTESIAN_POINT('',(17.055066774309,5.542307239858,
    3.204636620801));
#4922 = CARTESIAN_POINT('',(17.081342038195,5.434094670265,
    3.174605107642));
#4923 = CARTESIAN_POINT('',(17.095475790071,5.364722543134,
    3.158503813555));
#4924 = CARTESIAN_POINT('',(17.107103361823,5.29364778234,3.145291353251
    ));
#4925 = CARTESIAN_POINT('',(17.115995617647,5.221246201887,
    3.135204868077));
#4926 = CARTESIAN_POINT('',(17.121991641856,5.14790618468,3.128409655765
    ));
#4927 = CARTESIAN_POINT('',(17.125,5.074024146501,3.125));
#4928 = CARTESIAN_POINT('',(17.125,5.,3.125));
#4929 = PCURVE('',#723,#4930);
#4930 = DEFINITIONAL_REPRESENTATION('',(#4931),#4958);
#4931 = B_SPLINE_CURVE_WITH_KNOTS('',7,(#4932,#4933,#4934,#4935,#4936,
    #4937,#4938,#4939,#4940,#4941,#4942,#4943,#4944,#4945,#4946,#4947,
    #4948,#4949,#4950,#4951,#4952,#4953,#4954,#4955,#4956,#4957),
  .UNSPECIFIED.,.F.,.F.,(8,6,6,6,8),(0.,0.112449885215,0.658301862624,
    0.787455655717,1.),.UNSPECIFIED.);
#4932 = CARTESIAN_POINT('',(0.897050779112,19.129476646802));
#4933 = CARTESIAN_POINT('',(0.887135642703,19.104398996733));
#4934 = CARTESIAN_POINT('',(0.877037219799,19.079568622302));
#4935 = CARTESIAN_POINT('',(0.866762192107,19.054980396521));
#4936 = CARTESIAN_POINT('',(0.856316140141,19.030630267849));
#4937 = CARTESIAN_POINT('',(0.845703543222,19.006515260187));
#4938 = CARTESIAN_POINT('',(0.834927779481,18.982633472886));
#4939 = CARTESIAN_POINT('',(0.770902641164,18.844185675719));
#4940 = CARTESIAN_POINT('',(0.714126814893,18.735081568247));
#4941 = CARTESIAN_POINT('',(0.653807826637,18.631198112099));
#4942 = CARTESIAN_POINT('',(0.589703884803,18.533068056348));
#4943 = CARTESIAN_POINT('',(0.521533375463,18.442019943532));
#4944 = CARTESIAN_POINT('',(0.448982058974,18.360315386748));
#4945 = CARTESIAN_POINT('',(0.35336373358,18.274818491486));
#4946 = CARTESIAN_POINT('',(0.334801441834,18.259163527958));
#4947 = CARTESIAN_POINT('',(0.31597891516,18.244265659486));
#4948 = CARTESIAN_POINT('',(0.296902319511,18.230177456507));
#4949 = CARTESIAN_POINT('',(0.277577283806,18.216950747862));
#4950 = CARTESIAN_POINT('',(0.25800889994,18.204636620801));
#4951 = CARTESIAN_POINT('',(0.205605672885,18.174605107642));
#4952 = CARTESIAN_POINT('',(0.172312336618,18.158503813555));
#4953 = CARTESIAN_POINT('',(0.138462215062,18.145291353251));
#4954 = CARTESIAN_POINT('',(0.104184923475,18.135204868077));
#4955 = CARTESIAN_POINT('',(6.960286301436E-02,18.128409655765));
#4956 = CARTESIAN_POINT('',(3.483489247125E-02,18.125));
#4957 = CARTESIAN_POINT('',(0.,18.125));
#4958 = ( GEOMETRIC_REPRESENTATION_CONTEXT(2) 
PARAMETRIC_REPRESENTATION_CONTEXT() REPRESENTATION_CONTEXT('2D SPACE',''
  ) );
#4959 = PCURVE('',#2013,#4960);
#4960 = DEFINITIONAL_REPRESENTATION('',(#4961),#4988);
#4961 = B_SPLINE_CURVE_WITH_KNOTS('',7,(#4962,#4963,#4964,#4965,#4966,
    #4967,#4968,#4969,#4970,#4971,#4972,#4973,#4974,#4975,#4976,#4977,
    #4978,#4979,#4980,#4981,#4982,#4983,#4984,#4985,#4986,#4987),
  .UNSPECIFIED.,.F.,.F.,(8,6,6,6,8),(0.,0.112449885215,0.658301862624,
    0.787455655717,1.),.UNSPECIFIED.);
#4962 = CARTESIAN_POINT('',(-2.053616846077,-13.67417538548));
#4963 = CARTESIAN_POINT('',(-2.068717798692,-13.65770964801));
#4964 = CARTESIAN_POINT('',(-2.083809334066,-13.64109166281));
#4965 = CARTESIAN_POINT('',(-2.098899795432,-13.62434513897));
#4966 = CARTESIAN_POINT('',(-2.113997302673,-13.60749220207));
#4967 = CARTESIAN_POINT('',(-2.129109752322,-13.5905533942));
#4968 = CARTESIAN_POINT('',(-2.144244817566,-13.57354767392));
#4969 = CARTESIAN_POINT('',(-2.233024221413,-13.47370312689));
#4970 = CARTESIAN_POINT('',(-2.307207156501,-13.38990990312));
#4971 = CARTESIAN_POINT('',(-2.383033457511,-13.30690626212));
#4972 = CARTESIAN_POINT('',(-2.461283911186,-13.22613190525));
#4973 = CARTESIAN_POINT('',(-2.542672718773,-13.14955339635));
#4974 = CARTESIAN_POINT('',(-2.627812156642,-13.07975359777));
#4975 = CARTESIAN_POINT('',(-2.738599797389,-13.00596314699));
#4976 = CARTESIAN_POINT('',(-2.760046493479,-12.99241141516));
#4977 = CARTESIAN_POINT('',(-2.78173755045,-12.97948040865));
#4978 = CARTESIAN_POINT('',(-2.803669218848,-12.96722275653));
#4979 = CARTESIAN_POINT('',(-2.825838525037,-12.95569012667));
#4980 = CARTESIAN_POINT('',(-2.8482432712,-12.94493322569));
#4981 = CARTESIAN_POINT('',(-2.90813793904,-12.9186579618));
#4982 = CARTESIAN_POINT('',(-2.94608537248,-12.90452420992));
#4983 = CARTESIAN_POINT('',(-2.984580226663,-12.89289663817));
#4984 = CARTESIAN_POINT('',(-3.0234941706,-12.88400438235));
#4985 = CARTESIAN_POINT('',(-3.062709353803,-12.87800835814));
#4986 = CARTESIAN_POINT('',(-3.102113108789,-12.875));
#4987 = CARTESIAN_POINT('',(-3.14159265359,-12.875));
#4988 = ( GEOMETRIC_REPRESENTATION_CONTEXT(2) 
PARAMETRIC_REPRESENTATION_CONTEXT() REPRESENTATION_CONTEXT('2D SPACE',''
  ) );
#4989 = ORIENTED_EDGE('',*,*,#4990,.F.);
#4990 = EDGE_CURVE('',#707,#4899,#4991,.T.);
#4991 = SEAM_CURVE('',#4992,(#4996,#5003),.PCURVE_S1.);
#4992 = LINE('',#4993,#4994);
#4993 = CARTESIAN_POINT('',(17.125,5.,-15.));
#4994 = VECTOR('',#4995,1.);
#4995 = DIRECTION('',(0.,0.,1.));
#4996 = PCURVE('',#723,#4997);
#4997 = DEFINITIONAL_REPRESENTATION('',(#4998),#5002);
#4998 = LINE('',#4999,#5000);
#4999 = CARTESIAN_POINT('',(6.28318530718,-0.));
#5000 = VECTOR('',#5001,1.);
#5001 = DIRECTION('',(0.,1.));
#5002 = ( GEOMETRIC_REPRESENTATION_CONTEXT(2) 
PARAMETRIC_REPRESENTATION_CONTEXT() REPRESENTATION_CONTEXT('2D SPACE',''
  ) );
#5003 = PCURVE('',#723,#5004);
#5004 = DEFINITIONAL_REPRESENTATION('',(#5005),#5009);
#5005 = LINE('',#5006,#5007);
#5006 = CARTESIAN_POINT('',(0.,-0.));
#5007 = VECTOR('',#5008,1.);
#5008 = DIRECTION('',(0.,1.));
#5009 = ( GEOMETRIC_REPRESENTATION_CONTEXT(2) 
PARAMETRIC_REPRESENTATION_CONTEXT() REPRESENTATION_CONTEXT('2D SPACE',''
  ) );
#5010 = ORIENTED_EDGE('',*,*,#706,.T.);
#5011 = ORIENTED_EDGE('',*,*,#4990,.T.);
#5012 = ORIENTED_EDGE('',*,*,#5013,.T.);
#5013 = EDGE_CURVE('',#4899,#2055,#5014,.T.);
#5014 = SURFACE_CURVE('',#5015,(#5042,#5072),.PCURVE_S1.);
#5015 = B_SPLINE_CURVE_WITH_KNOTS('',7,(#5016,#5017,#5018,#5019,#5020,
    #5021,#5022,#5023,#5024,#5025,#5026,#5027,#5028,#5029,#5030,#5031,
    #5032,#5033,#5034,#5035,#5036,#5037,#5038,#5039,#5040,#5041),
  .UNSPECIFIED.,.F.,.F.,(8,6,6,6,8),(0.,0.212420727547,0.341230234082,
    0.885372937303,1.),.UNSPECIFIED.);
#5016 = CARTESIAN_POINT('',(17.125,5.,3.125));
#5017 = CARTESIAN_POINT('',(17.125,4.926036624342,3.125));
#5018 = CARTESIAN_POINT('',(17.121996575434,4.852211815918,
    3.128404055992));
#5019 = CARTESIAN_POINT('',(17.116009893607,4.778925505955,3.13518867894
    ));
#5020 = CARTESIAN_POINT('',(17.10713086345,4.706574123219,3.145260152444
    ));
#5021 = CARTESIAN_POINT('',(17.095519887724,4.635546093008,
    3.158453704458));
#5022 = CARTESIAN_POINT('',(17.081405615212,4.566217336163,
    3.174532679013));
#5023 = CARTESIAN_POINT('',(17.055186265393,4.458154662781,
    3.204499904711));
#5024 = CARTESIAN_POINT('',(17.044467655501,4.418080783369,
    3.216769975516));
#5025 = CARTESIAN_POINT('',(17.032977188982,4.378750663013,
    3.229947996776));
#5026 = CARTESIAN_POINT('',(17.020765153018,4.340187753308,
    3.243983299616));
#5027 = CARTESIAN_POINT('',(17.007882796232,4.302413424255,
    3.258824469853));
#5028 = CARTESIAN_POINT('',(16.994382328692,4.265446964258,3.274419348)
  );
#5029 = CARTESIAN_POINT('',(16.920899036714,4.076629966459,
    3.359554482908));
#5030 = CARTESIAN_POINT('',(16.851386097522,3.938645890327,
    3.440913411874));
#5031 = CARTESIAN_POINT('',(16.775094961313,3.814917836326,
    3.531600688793));
#5032 = CARTESIAN_POINT('',(16.694602140111,3.704533519648,
    3.629356241804));
#5033 = CARTESIAN_POINT('',(16.611877158086,3.606356526786,
    3.732837829231));
#5034 = CARTESIAN_POINT('',(16.528357897079,3.51931243843,3.841497547209
    ));
#5035 = CARTESIAN_POINT('',(16.428416052302,3.426527519193,3.97987757009
    ));
#5036 = CARTESIAN_POINT('',(16.41107704366,3.410851986508,4.004195132048
    ));
#5037 = CARTESIAN_POINT('',(16.393806231314,3.395638777146,
    4.028754905066));
#5038 = CARTESIAN_POINT('',(16.376622790472,3.380882904693,
    4.053559860564));
#5039 = CARTESIAN_POINT('',(16.359548196135,3.366581056291,
    4.078613012092));
#5040 = CARTESIAN_POINT('',(16.342606501193,3.352731374453,
    4.103917495116));
#5041 = CARTESIAN_POINT('',(16.325824614519,3.339333238866,
    4.129476646802));
#5042 = PCURVE('',#723,#5043);
#5043 = DEFINITIONAL_REPRESENTATION('',(#5044),#5071);
#5044 = B_SPLINE_CURVE_WITH_KNOTS('',7,(#5045,#5046,#5047,#5048,#5049,
    #5050,#5051,#5052,#5053,#5054,#5055,#5056,#5057,#5058,#5059,#5060,
    #5061,#5062,#5063,#5064,#5065,#5066,#5067,#5068,#5069,#5070),
  .UNSPECIFIED.,.F.,.F.,(8,6,6,6,8),(0.,0.212420727547,0.341230234082,
    0.885372937303,1.),.UNSPECIFIED.);
#5045 = CARTESIAN_POINT('',(6.28318530718,18.125));
#5046 = CARTESIAN_POINT('',(6.248379012752,18.125));
#5047 = CARTESIAN_POINT('',(6.213637971306,18.128404055992));
#5048 = CARTESIAN_POINT('',(6.179081354743,18.13518867894));
#5049 = CARTESIAN_POINT('',(6.144828165368,18.145260152444));
#5050 = CARTESIAN_POINT('',(6.111000926811,18.158453704458));
#5051 = CARTESIAN_POINT('',(6.077729374966,18.174532679013));
#5052 = CARTESIAN_POINT('',(6.025400903364,18.204499904711));
#5053 = CARTESIAN_POINT('',(6.005885003441,18.216769975516));
#5054 = CARTESIAN_POINT('',(5.986610997629,18.229947996776));
#5055 = CARTESIAN_POINT('',(5.967583966477,18.243983299616));
#5056 = CARTESIAN_POINT('',(5.948809522608,18.258824469853));
#5057 = CARTESIAN_POINT('',(5.930293810721,18.274419348));
#5058 = CARTESIAN_POINT('',(5.834946951989,18.359554482908));
#5059 = CARTESIAN_POINT('',(5.762570227716,18.440913411874));
#5060 = CARTESIAN_POINT('',(5.694541137327,18.531600688793));
#5061 = CARTESIAN_POINT('',(5.630558844456,18.629356241804));
#5062 = CARTESIAN_POINT('',(5.570350999835,18.732837829231));
#5063 = CARTESIAN_POINT('',(5.513677729699,18.841497547209));
#5064 = CARTESIAN_POINT('',(5.449502513536,18.97987757009));
#5065 = CARTESIAN_POINT('',(5.438503746847,19.004195132048));
#5066 = CARTESIAN_POINT('',(5.427674254846,19.028754905066));
#5067 = CARTESIAN_POINT('',(5.417017080949,19.053559860564));
#5068 = CARTESIAN_POINT('',(5.40653689812,19.078613012092));
#5069 = CARTESIAN_POINT('',(5.39624003934,19.103917495116));
#5070 = CARTESIAN_POINT('',(5.386134528068,19.129476646802));
#5071 = ( GEOMETRIC_REPRESENTATION_CONTEXT(2) 
PARAMETRIC_REPRESENTATION_CONTEXT() REPRESENTATION_CONTEXT('2D SPACE',''
  ) );
#5072 = PCURVE('',#2013,#5073);
#5073 = DEFINITIONAL_REPRESENTATION('',(#5074),#5101);
#5074 = B_SPLINE_CURVE_WITH_KNOTS('',7,(#5075,#5076,#5077,#5078,#5079,
    #5080,#5081,#5082,#5083,#5084,#5085,#5086,#5087,#5088,#5089,#5090,
    #5091,#5092,#5093,#5094,#5095,#5096,#5097,#5098,#5099,#5100),
  .UNSPECIFIED.,.F.,.F.,(8,6,6,6,8),(0.,0.212420727547,0.341230234082,
    0.885372937303,1.),.UNSPECIFIED.);
#5075 = CARTESIAN_POINT('',(-3.14159265359,-12.875));
#5076 = CARTESIAN_POINT('',(-3.181039787274,-12.875));
#5077 = CARTESIAN_POINT('',(-3.220413019675,-12.87800342456));
#5078 = CARTESIAN_POINT('',(-3.259599311606,-12.88399010639));
#5079 = CARTESIAN_POINT('',(-3.29848578739,-12.89286913655));
#5080 = CARTESIAN_POINT('',(-3.336954416354,-12.90448011227));
#5081 = CARTESIAN_POINT('',(-3.374876694315,-12.91859438478));
#5082 = CARTESIAN_POINT('',(-3.434685161335,-12.9448137346));
#5083 = CARTESIAN_POINT('',(-3.45702939255,-12.95553234449));
#5084 = CARTESIAN_POINT('',(-3.479139573725,-12.96702281101));
#5085 = CARTESIAN_POINT('',(-3.501013491001,-12.97923484698));
#5086 = CARTESIAN_POINT('',(-3.522648161645,-12.99211720376));
#5087 = CARTESIAN_POINT('',(-3.544039834052,-13.0056176713));
#5088 = CARTESIAN_POINT('',(-3.654505321687,-13.07910096328));
#5089 = CARTESIAN_POINT('',(-3.739428097438,-13.14861390247));
#5090 = CARTESIAN_POINT('',(-3.820629062707,-13.22490503868));
#5091 = CARTESIAN_POINT('',(-3.898703173283,-13.30539785988));
#5092 = CARTESIAN_POINT('',(-3.974348730325,-13.38812284191));
#5093 = CARTESIAN_POINT('',(-4.048335647953,-13.47164210292));
#5094 = CARTESIAN_POINT('',(-4.137193001956,-13.57158394769));
#5095 = CARTESIAN_POINT('',(-4.152620933194,-13.58892295634));
#5096 = CARTESIAN_POINT('',(-4.168024873668,-13.60619376868));
#5097 = CARTESIAN_POINT('',(-4.18341354543,-13.62337720952));
#5098 = CARTESIAN_POINT('',(-4.198795154806,-13.64045180386));
#5099 = CARTESIAN_POINT('',(-4.214177563733,-13.6573934988));
#5100 = CARTESIAN_POINT('',(-4.229568461103,-13.67417538548));
#5101 = ( GEOMETRIC_REPRESENTATION_CONTEXT(2) 
PARAMETRIC_REPRESENTATION_CONTEXT() REPRESENTATION_CONTEXT('2D SPACE',''
  ) );
#5102 = ORIENTED_EDGE('',*,*,#2090,.F.);
#5103 = ORIENTED_EDGE('',*,*,#5104,.F.);
#5104 = EDGE_CURVE('',#5105,#1777,#5107,.T.);
#5105 = VERTEX_POINT('',#5106);
#5106 = CARTESIAN_POINT('',(13.497398089979,6.502601910021,
    3.878477597192));
#5107 = SURFACE_CURVE('',#5108,(#5165,#5225),.PCURVE_S1.);
#5108 = B_SPLINE_CURVE_WITH_KNOTS('',7,(#5109,#5110,#5111,#5112,#5113,
    #5114,#5115,#5116,#5117,#5118,#5119,#5120,#5121,#5122,#5123,#5124,
    #5125,#5126,#5127,#5128,#5129,#5130,#5131,#5132,#5133,#5134,#5135,
    #5136,#5137,#5138,#5139,#5140,#5141,#5142,#5143,#5144,#5145,#5146,
    #5147,#5148,#5149,#5150,#5151,#5152,#5153,#5154,#5155,#5156,#5157,
    #5158,#5159,#5160,#5161,#5162,#5163,#5164),.UNSPECIFIED.,.F.,.F.,(8,
    6,6,6,6,6,6,6,6,8),(0.,5.621591331055E-02,0.329098072072,
    0.393664620519,0.429927627899,0.573298437393,0.606248447837,
    0.670646972417,0.942692011539,1.),.UNSPECIFIED.);
#5109 = CARTESIAN_POINT('',(13.674175385533,6.660666761175,4.12947664688
    ));
#5110 = CARTESIAN_POINT('',(13.657709648059,6.647521029263,
    4.104398996798));
#5111 = CARTESIAN_POINT('',(13.641091662852,6.633941746463,
    4.079568622354));
#5112 = CARTESIAN_POINT('',(13.624345139003,6.61992738462,4.054980396561
    ));
#5113 = CARTESIAN_POINT('',(13.607492202098,6.605475556437,
    4.030630267876));
#5114 = CARTESIAN_POINT('',(13.590553394216,6.590583015468,
    4.006515260202));
#5115 = CARTESIAN_POINT('',(13.573547673931,6.575245656122,3.98263347289
    ));
#5116 = CARTESIAN_POINT('',(13.473703126878,6.4828248834,3.844185675701)
  );
#5117 = CARTESIAN_POINT('',(13.389909903109,6.395740616543,
    3.735081568222));
#5118 = CARTESIAN_POINT('',(13.306906262098,6.29748626157,3.631198112064
    ));
#5119 = CARTESIAN_POINT('',(13.226131905222,6.186983168323,
    3.533068056308));
#5120 = CARTESIAN_POINT('',(13.149553396317,6.063074139847,
    3.442019943486));
#5121 = CARTESIAN_POINT('',(13.079753597735,5.924811852587,
    3.360315386699));
#5122 = CARTESIAN_POINT('',(13.005963142041,5.735495397694,
    3.274818485744));
#5123 = CARTESIAN_POINT('',(12.992411414115,5.698442232682,
    3.259163526718));
#5124 = CARTESIAN_POINT('',(12.979480411933,5.660576436127,
    3.244265663252));
#5125 = CARTESIAN_POINT('',(12.967222760253,5.621917346052,
    3.230177460802));
#5126 = CARTESIAN_POINT('',(12.955690126713,5.582486417782,
    3.216950747945));
#5127 = CARTESIAN_POINT('',(12.944933221823,5.542307223942,
    3.204636616379));
#5128 = CARTESIAN_POINT('',(12.929423937547,5.478433478962,
    3.186910161686));
#5129 = CARTESIAN_POINT('',(12.924107728505,5.455239160783,3.18084011982
    ));
#5130 = CARTESIAN_POINT('',(12.919062701415,5.431830392419,
    3.175085044461));
#5131 = CARTESIAN_POINT('',(12.914298041307,5.408216424202,
    3.169654357468));
#5132 = CARTESIAN_POINT('',(12.909822588672,5.38440786429,3.164557153426
    ));
#5133 = CARTESIAN_POINT('',(12.905644839466,5.360416678673,
    3.159802199646));
#5134 = CARTESIAN_POINT('',(12.886464875831,5.240734365999,
    3.137985072039));
#5135 = CARTESIAN_POINT('',(12.875908376555,5.142391394682,
    3.126020663667));
#5136 = CARTESIAN_POINT('',(12.870677757582,5.042352378701,
    3.120107537638));
#5137 = CARTESIAN_POINT('',(12.871057401756,4.941787164624,
    3.120536769281));
#5138 = CARTESIAN_POINT('',(12.877033987343,4.841879639061,
    3.127294727739));
#5139 = CARTESIAN_POINT('',(12.888296767227,4.743797147228,
    3.140063030146));
#5140 = CARTESIAN_POINT('',(12.907911394213,4.626795271693,
    3.162382331583));
#5141 = CARTESIAN_POINT('',(12.911826312394,4.605075063611,
    3.166839586438));
#5142 = CARTESIAN_POINT('',(12.915984420608,4.583509035013,3.17157671657
    ));
#5143 = CARTESIAN_POINT('',(12.920379261078,4.562105883449,
    3.176587062689));
#5144 = CARTESIAN_POINT('',(12.925004156617,4.540873379907,
    3.181863759098));
#5145 = CARTESIAN_POINT('',(12.929852210622,4.519818368817,
    3.187399733687));
#5146 = CARTESIAN_POINT('',(12.944813734609,4.458154662776,
    3.204499904712));
#5147 = CARTESIAN_POINT('',(12.955532344503,4.418080783359,
    3.216769975519));
#5148 = CARTESIAN_POINT('',(12.967022811023,4.378750662997,
    3.229947996782));
#5149 = CARTESIAN_POINT('',(12.979234846988,4.34018775329,3.243983299623
    ));
#5150 = CARTESIAN_POINT('',(12.992117203773,4.302413424238,
    3.258824469859));
#5151 = CARTESIAN_POINT('',(13.005617671313,4.265446964245,
    3.274419348006));
#5152 = CARTESIAN_POINT('',(13.079100963297,4.076629966434,
    3.359554482922));
#5153 = CARTESIAN_POINT('',(13.148613902494,3.938645890297,
    3.440913411894));
#5154 = CARTESIAN_POINT('',(13.224905038709,3.814917836292,3.53160068882
    ));
#5155 = CARTESIAN_POINT('',(13.305397859917,3.704533519611,
    3.629356241837));
#5156 = CARTESIAN_POINT('',(13.388122841947,3.606356526747,
    3.732837829273));
#5157 = CARTESIAN_POINT('',(13.471642102959,3.519312438391,
    3.841497547258));
#5158 = CARTESIAN_POINT('',(13.571583947741,3.426527519154,
    3.979877570151));
#5159 = CARTESIAN_POINT('',(13.588922956384,3.410851986468,
    4.004195132111));
#5160 = CARTESIAN_POINT('',(13.606193768732,3.395638777106,
    4.028754905132));
#5161 = CARTESIAN_POINT('',(13.623377209576,3.380882904652,
    4.053559860633));
#5162 = CARTESIAN_POINT('',(13.640451803914,3.36658105625,4.078613012164
    ));
#5163 = CARTESIAN_POINT('',(13.657393498857,3.352731374412,
    4.103917495191));
#5164 = CARTESIAN_POINT('',(13.674175385533,3.339333238825,4.12947664688
    ));
#5165 = PCURVE('',#723,#5166);
#5166 = DEFINITIONAL_REPRESENTATION('',(#5167),#5224);
#5167 = B_SPLINE_CURVE_WITH_KNOTS('',7,(#5168,#5169,#5170,#5171,#5172,
    #5173,#5174,#5175,#5176,#5177,#5178,#5179,#5180,#5181,#5182,#5183,
    #5184,#5185,#5186,#5187,#5188,#5189,#5190,#5191,#5192,#5193,#5194,
    #5195,#5196,#5197,#5198,#5199,#5200,#5201,#5202,#5203,#5204,#5205,
    #5206,#5207,#5208,#5209,#5210,#5211,#5212,#5213,#5214,#5215,#5216,
    #5217,#5218,#5219,#5220,#5221,#5222,#5223),.UNSPECIFIED.,.F.,.F.,(8,
    6,6,6,6,6,6,6,6,8),(0.,5.621591331055E-02,0.329098072072,
    0.393664620519,0.429927627899,0.573298437393,0.606248447837,
    0.670646972417,0.942692011539,1.),.UNSPECIFIED.);
#5168 = CARTESIAN_POINT('',(2.244541874447,19.12947664688));
#5169 = CARTESIAN_POINT('',(2.25445701086,19.104398996798));
#5170 = CARTESIAN_POINT('',(2.264555433769,19.079568622354));
#5171 = CARTESIAN_POINT('',(2.274830461466,19.054980396561));
#5172 = CARTESIAN_POINT('',(2.285276513437,19.030630267876));
#5173 = CARTESIAN_POINT('',(2.295889110361,19.006515260202));
#5174 = CARTESIAN_POINT('',(2.306664874108,18.98263347289));
#5175 = CARTESIAN_POINT('',(2.370690012435,18.844185675701));
#5176 = CARTESIAN_POINT('',(2.42746583871,18.735081568222));
#5177 = CARTESIAN_POINT('',(2.487784826973,18.631198112064));
#5178 = CARTESIAN_POINT('',(2.551888768813,18.533068056308));
#5179 = CARTESIAN_POINT('',(2.620059278161,18.442019943486));
#5180 = CARTESIAN_POINT('',(2.692610594658,18.360315386699));
#5181 = CARTESIAN_POINT('',(2.788228926435,18.274818485744));
#5182 = CARTESIAN_POINT('',(2.806791211985,18.259163526718));
#5183 = CARTESIAN_POINT('',(2.82561373268,18.244265663252));
#5184 = CARTESIAN_POINT('',(2.844690328837,18.230177460802));
#5185 = CARTESIAN_POINT('',(2.864015371284,18.216950747945));
#5186 = CARTESIAN_POINT('',(2.883583761358,18.204636616379));
#5187 = CARTESIAN_POINT('',(2.914515383937,18.186910161686));
#5188 = CARTESIAN_POINT('',(2.92571245285,18.18084011982));
#5189 = CARTESIAN_POINT('',(2.936979737773,18.175085044461));
#5190 = CARTESIAN_POINT('',(2.948314367097,18.169654357468));
#5191 = CARTESIAN_POINT('',(2.959712997469,18.164557153426));
#5192 = CARTESIAN_POINT('',(2.971171813799,18.159802199646));
#5193 = CARTESIAN_POINT('',(3.028211547604,18.137985072039));
#5194 = CARTESIAN_POINT('',(3.074693665737,18.126020663667));
#5195 = CARTESIAN_POINT('',(3.121721128766,18.120107537638));
#5196 = CARTESIAN_POINT('',(3.168913205171,18.120536769281));
#5197 = CARTESIAN_POINT('',(3.215899047211,18.127294727739));
#5198 = CARTESIAN_POINT('',(3.262296635012,18.140063030146));
#5199 = CARTESIAN_POINT('',(3.318124690309,18.162382331583));
#5200 = CARTESIAN_POINT('',(3.328509889152,18.166839586438));
#5201 = CARTESIAN_POINT('',(3.338844314085,18.17157671657));
#5202 = CARTESIAN_POINT('',(3.349125200395,18.176587062689));
#5203 = CARTESIAN_POINT('',(3.359350105462,18.181863759098));
#5204 = CARTESIAN_POINT('',(3.36951690876,18.187399733687));
#5205 = CARTESIAN_POINT('',(3.399377057408,18.204499904712));
#5206 = CARTESIAN_POINT('',(3.418892957333,18.216769975519));
#5207 = CARTESIAN_POINT('',(3.438166963149,18.229947996782));
#5208 = CARTESIAN_POINT('',(3.457193994302,18.243983299623));
#5209 = CARTESIAN_POINT('',(3.475968438169,18.258824469859));
#5210 = CARTESIAN_POINT('',(3.494484150055,18.274419348006));
#5211 = CARTESIAN_POINT('',(3.589831008794,18.359554482922));
#5212 = CARTESIAN_POINT('',(3.662207733069,18.440913411894));
#5213 = CARTESIAN_POINT('',(3.730236823462,18.53160068882));
#5214 = CARTESIAN_POINT('',(3.794219116334,18.629356241837));
#5215 = CARTESIAN_POINT('',(3.854426960959,18.732837829273));
#5216 = CARTESIAN_POINT('',(3.911100231096,18.841497547258));
#5217 = CARTESIAN_POINT('',(3.975275447261,18.979877570151));
#5218 = CARTESIAN_POINT('',(3.986274213951,19.004195132111));
#5219 = CARTESIAN_POINT('',(3.997103705952,19.028754905132));
#5220 = CARTESIAN_POINT('',(4.00776087985,19.053559860633));
#5221 = CARTESIAN_POINT('',(4.018241062679,19.078613012164));
#5222 = CARTESIAN_POINT('',(4.02853792146,19.103917495191));
#5223 = CARTESIAN_POINT('',(4.038643432733,19.12947664688));
#5224 = ( GEOMETRIC_REPRESENTATION_CONTEXT(2) 
PARAMETRIC_REPRESENTATION_CONTEXT() REPRESENTATION_CONTEXT('2D SPACE',''
  ) );
#5225 = PCURVE('',#1645,#5226);
#5226 = DEFINITIONAL_REPRESENTATION('',(#5227),#5284);
#5227 = B_SPLINE_CURVE_WITH_KNOTS('',7,(#5228,#5229,#5230,#5231,#5232,
    #5233,#5234,#5235,#5236,#5237,#5238,#5239,#5240,#5241,#5242,#5243,
    #5244,#5245,#5246,#5247,#5248,#5249,#5250,#5251,#5252,#5253,#5254,
    #5255,#5256,#5257,#5258,#5259,#5260,#5261,#5262,#5263,#5264,#5265,
    #5266,#5267,#5268,#5269,#5270,#5271,#5272,#5273,#5274,#5275,#5276,
    #5277,#5278,#5279,#5280,#5281,#5282,#5283),.UNSPECIFIED.,.F.,.F.,(8,
    6,6,6,6,6,6,6,6,8),(0.,5.621591331055E-02,0.329098072072,
    0.393664620519,0.429927627899,0.573298437393,0.606248447837,
    0.670646972417,0.942692011539,1.),.UNSPECIFIED.);
#5228 = CARTESIAN_POINT('',(-2.05361684603,-16.32582461446));
#5229 = CARTESIAN_POINT('',(-2.068717798652,-16.34229035194));
#5230 = CARTESIAN_POINT('',(-2.083809334034,-16.35890833714));
#5231 = CARTESIAN_POINT('',(-2.098899795408,-16.37565486099));
#5232 = CARTESIAN_POINT('',(-2.113997302656,-16.3925077979));
#5233 = CARTESIAN_POINT('',(-2.129109752312,-16.40944660578));
#5234 = CARTESIAN_POINT('',(-2.144244817564,-16.42645232606));
#5235 = CARTESIAN_POINT('',(-2.233024221425,-16.52629687312));
#5236 = CARTESIAN_POINT('',(-2.307207156518,-16.61009009689));
#5237 = CARTESIAN_POINT('',(-2.383033457537,-16.6930937379));
#5238 = CARTESIAN_POINT('',(-2.461283911218,-16.77386809477));
#5239 = CARTESIAN_POINT('',(-2.542672718815,-16.85044660368));
#5240 = CARTESIAN_POINT('',(-2.627812156692,-16.92024640226));
#5241 = CARTESIAN_POINT('',(-2.738599804833,-16.99403685795));
#5242 = CARTESIAN_POINT('',(-2.760046493795,-17.00758858588));
#5243 = CARTESIAN_POINT('',(-2.781737543857,-17.02051958806));
#5244 = CARTESIAN_POINT('',(-2.803669212795,-17.03277723974));
#5245 = CARTESIAN_POINT('',(-2.825838526707,-17.04430987328));
#5246 = CARTESIAN_POINT('',(-2.84824328001,-17.05506677817));
#5247 = CARTESIAN_POINT('',(-2.883596813833,-17.07057606245));
#5248 = CARTESIAN_POINT('',(-2.896382314958,-17.07589227149));
#5249 = CARTESIAN_POINT('',(-2.909236474173,-17.08093729858));
#5250 = CARTESIAN_POINT('',(-2.922156716588,-17.08570195869));
#5251 = CARTESIAN_POINT('',(-2.935139957064,-17.09017741132));
#5252 = CARTESIAN_POINT('',(-2.948182600215,-17.09435516053));
#5253 = CARTESIAN_POINT('',(-3.013065056448,-17.11353512416));
#5254 = CARTESIAN_POINT('',(-3.065808670607,-17.12409162344));
#5255 = CARTESIAN_POINT('',(-3.119090190474,-17.12932224241));
#5256 = CARTESIAN_POINT('',(-3.172532676609,-17.12894259824));
#5257 = CARTESIAN_POINT('',(-3.225773349312,-17.12296601265));
#5258 = CARTESIAN_POINT('',(-3.278433472229,-17.11170323277));
#5259 = CARTESIAN_POINT('',(-3.341959696599,-17.09208860578));
#5260 = CARTESIAN_POINT('',(-3.353784059225,-17.0881736876));
#5261 = CARTESIAN_POINT('',(-3.365558359837,-17.08401557939));
#5262 = CARTESIAN_POINT('',(-3.377280006157,-17.07962073892));
#5263 = CARTESIAN_POINT('',(-3.388946754472,-17.07499584338));
#5264 = CARTESIAN_POINT('',(-3.400556709638,-17.07014778937));
#5265 = CARTESIAN_POINT('',(-3.434685161338,-17.05518626539));
#5266 = CARTESIAN_POINT('',(-3.457029392556,-17.04446765549));
#5267 = CARTESIAN_POINT('',(-3.479139573735,-17.03297718897));
#5268 = CARTESIAN_POINT('',(-3.501013491012,-17.02076515301));
#5269 = CARTESIAN_POINT('',(-3.522648161655,-17.00788279622));
#5270 = CARTESIAN_POINT('',(-3.54403983406,-16.99438232868));
#5271 = CARTESIAN_POINT('',(-3.654505321702,-16.9208990367));
#5272 = CARTESIAN_POINT('',(-3.739428097457,-16.8513860975));
#5273 = CARTESIAN_POINT('',(-3.820629062731,-16.77509496129));
#5274 = CARTESIAN_POINT('',(-3.898703173309,-16.69460214008));
#5275 = CARTESIAN_POINT('',(-3.974348730356,-16.61187715805));
#5276 = CARTESIAN_POINT('',(-4.048335647986,-16.52835789704));
#5277 = CARTESIAN_POINT('',(-4.137193001994,-16.42841605225));
#5278 = CARTESIAN_POINT('',(-4.152620933234,-16.41107704361));
#5279 = CARTESIAN_POINT('',(-4.168024873709,-16.39380623126));
#5280 = CARTESIAN_POINT('',(-4.183413545473,-16.37662279042));
#5281 = CARTESIAN_POINT('',(-4.19879515485,-16.35954819608));
#5282 = CARTESIAN_POINT('',(-4.214177563779,-16.34260650114));
#5283 = CARTESIAN_POINT('',(-4.22956846115,-16.32582461446));
#5284 = ( GEOMETRIC_REPRESENTATION_CONTEXT(2) 
PARAMETRIC_REPRESENTATION_CONTEXT() REPRESENTATION_CONTEXT('2D SPACE',''
  ) );
#5285 = ORIENTED_EDGE('',*,*,#5286,.T.);
#5286 = EDGE_CURVE('',#5105,#4897,#5287,.T.);
#5287 = SURFACE_CURVE('',#5288,(#5339,#5393),.PCURVE_S1.);
#5288 = B_SPLINE_CURVE_WITH_KNOTS('',7,(#5289,#5290,#5291,#5292,#5293,
    #5294,#5295,#5296,#5297,#5298,#5299,#5300,#5301,#5302,#5303,#5304,
    #5305,#5306,#5307,#5308,#5309,#5310,#5311,#5312,#5313,#5314,#5315,
    #5316,#5317,#5318,#5319,#5320,#5321,#5322,#5323,#5324,#5325,#5326,
    #5327,#5328,#5329,#5330,#5331,#5332,#5333,#5334,#5335,#5336,#5337,
    #5338),.UNSPECIFIED.,.F.,.F.,(8,6,6,6,6,6,6,6,8),(0.,
    5.622491614206E-02,0.327891378367,0.393756653303,0.49999732495,
    0.608052197311,0.671864931385,0.94268977576,1.),.UNSPECIFIED.);
#5289 = CARTESIAN_POINT('',(13.339333238866,6.325824614519,
    4.129476646802));
#5290 = CARTESIAN_POINT('',(13.352478970772,6.342290351984,
    4.104398996733));
#5291 = CARTESIAN_POINT('',(13.366058253567,6.358908337183,
    4.079568622302));
#5292 = CARTESIAN_POINT('',(13.380072615403,6.375654861024,
    4.054980396521));
#5293 = CARTESIAN_POINT('',(13.394524443579,6.392507797921,
    4.030630267849));
#5294 = CARTESIAN_POINT('',(13.409416984541,6.409446605795,
    4.006515260187));
#5295 = CARTESIAN_POINT('',(13.42475434388,6.426452326071,3.982633472886
    ));
#5296 = CARTESIAN_POINT('',(13.516821495858,6.525914847504,
    3.844715405233));
#5297 = CARTESIAN_POINT('',(13.60345342907,6.609314123249,3.736092401205
    ));
#5298 = CARTESIAN_POINT('',(13.701133684658,6.691923541324,
    3.632664599374));
#5299 = CARTESIAN_POINT('',(13.810916267277,6.772324581745,
    3.534944529156));
#5300 = CARTESIAN_POINT('',(13.933948609721,6.848601079772,
    3.444214400127));
#5301 = CARTESIAN_POINT('',(14.07119775106,6.918232663151,3.362672867688
    ));
#5302 = CARTESIAN_POINT('',(14.260041192318,6.992398901466,
    3.276710904414));
#5303 = CARTESIAN_POINT('',(14.29775615475,7.006286555079,3.260663742623
    ));
#5304 = CARTESIAN_POINT('',(14.33631773708,7.019532457939,3.245400276937
    ));
#5305 = CARTESIAN_POINT('',(14.37570585847,7.032080849111,3.230976170337
    ));
#5306 = CARTESIAN_POINT('',(14.415898164531,7.043876958182,
    3.217446338211));
#5307 = CARTESIAN_POINT('',(14.456870027324,7.054867005262,
    3.204864948356));
#5308 = CARTESIAN_POINT('',(14.565896182284,7.081339817088,
    3.174607646273));
#5309 = CARTESIAN_POINT('',(14.635268033639,7.095474247256,
    3.158505575244));
#5310 = CARTESIAN_POINT('',(14.706347975148,7.10710325596,3.145291472834
    ));
#5311 = CARTESIAN_POINT('',(14.778756643494,7.115996406104,
    3.135203967108));
#5312 = CARTESIAN_POINT('',(14.852102065329,7.121992329942,
    3.128408870322));
#5313 = CARTESIAN_POINT('',(14.925984286287,7.125,3.125));
#5314 = CARTESIAN_POINT('',(15.075279630428,7.125,3.125));
#5315 = CARTESIAN_POINT('',(15.150413505822,7.121888730826,
    3.128526296443));
#5316 = CARTESIAN_POINT('',(15.224981280279,7.115687771032,
    3.135553738373));
#5317 = CARTESIAN_POINT('',(15.298566379266,7.106494305596,
    3.145982199143));
#5318 = CARTESIAN_POINT('',(15.370760921976,7.094479740902,3.15963567019
    ));
#5319 = CARTESIAN_POINT('',(15.441170643688,7.079888319726,
    3.176261354816));
#5320 = CARTESIAN_POINT('',(15.549724954994,7.0530832981,3.206907294943)
  );
#5321 = CARTESIAN_POINT('',(15.589318962825,7.042331740272,
    3.219219060543));
#5322 = CARTESIAN_POINT('',(15.628177998964,7.03082917933,3.232415398947
    ));
#5323 = CARTESIAN_POINT('',(15.666280219383,7.018624547986,3.24644705372
    ));
#5324 = CARTESIAN_POINT('',(15.703605778689,7.005767595064,
    3.261264171812));
#5325 = CARTESIAN_POINT('',(15.740136830123,6.992308885501,
    3.276816303555));
#5326 = CARTESIAN_POINT('',(15.927458172698,6.918844452401,
    3.361959323506));
#5327 = CARTESIAN_POINT('',(16.064405931956,6.849497221411,
    3.443158798406));
#5328 = CARTESIAN_POINT('',(16.187218826849,6.773523630155,
    3.533510870263));
#5329 = CARTESIAN_POINT('',(16.296852110069,6.693426414514,
    3.630830301375));
#5330 = CARTESIAN_POINT('',(16.394441598289,6.611109921228,
    3.733837238267));
#5331 = CARTESIAN_POINT('',(16.481034289763,6.527984424153,
    3.842014659857));
#5332 = CARTESIAN_POINT('',(16.573472480807,6.428416052302,3.97987757009
    ));
#5333 = CARTESIAN_POINT('',(16.589148013492,6.41107704366,4.004195132048
    ));
#5334 = CARTESIAN_POINT('',(16.604361222854,6.393806231314,
    4.028754905066));
#5335 = CARTESIAN_POINT('',(16.619117095307,6.376622790472,
    4.053559860564));
#5336 = CARTESIAN_POINT('',(16.633418943709,6.359548196135,
    4.078613012092));
#5337 = CARTESIAN_POINT('',(16.647268625547,6.342606501193,
    4.103917495116));
#5338 = CARTESIAN_POINT('',(16.660666761134,6.325824614519,
    4.129476646802));
#5339 = PCURVE('',#723,#5340);
#5340 = DEFINITIONAL_REPRESENTATION('',(#5341),#5392);
#5341 = B_SPLINE_CURVE_WITH_KNOTS('',7,(#5342,#5343,#5344,#5345,#5346,
    #5347,#5348,#5349,#5350,#5351,#5352,#5353,#5354,#5355,#5356,#5357,
    #5358,#5359,#5360,#5361,#5362,#5363,#5364,#5365,#5366,#5367,#5368,
    #5369,#5370,#5371,#5372,#5373,#5374,#5375,#5376,#5377,#5378,#5379,
    #5380,#5381,#5382,#5383,#5384,#5385,#5386,#5387,#5388,#5389,#5390,
    #5391),.UNSPECIFIED.,.F.,.F.,(8,6,6,6,6,6,6,6,8),(0.,
    5.622491614206E-02,0.327891378367,0.393756653303,0.49999732495,
    0.608052197311,0.671864931385,0.94268977576,1.),.UNSPECIFIED.);
#5342 = CARTESIAN_POINT('',(2.467847105907,19.129476646802));
#5343 = CARTESIAN_POINT('',(2.457931969498,19.104398996733));
#5344 = CARTESIAN_POINT('',(2.447833546594,19.079568622302));
#5345 = CARTESIAN_POINT('',(2.437558518902,19.054980396521));
#5346 = CARTESIAN_POINT('',(2.427112466935,19.030630267849));
#5347 = CARTESIAN_POINT('',(2.416499870017,19.006515260187));
#5348 = CARTESIAN_POINT('',(2.405724106276,18.982633472886));
#5349 = CARTESIAN_POINT('',(2.341943941198,18.844715405233));
#5350 = CARTESIAN_POINT('',(2.285448755444,18.736092401205));
#5351 = CARTESIAN_POINT('',(2.225452828218,18.632664599374));
#5352 = CARTESIAN_POINT('',(2.16172103868,18.534944529157));
#5353 = CARTESIAN_POINT('',(2.093968720978,18.444214400127));
#5354 = CARTESIAN_POINT('',(2.021872416695,18.362672867688));
#5355 = CARTESIAN_POINT('',(1.926396945152,18.276710904414));
#5356 = CARTESIAN_POINT('',(1.90748805732,18.260663742623));
#5357 = CARTESIAN_POINT('',(1.888308162197,18.245400276937));
#5358 = CARTESIAN_POINT('',(1.868863669254,18.230976170337));
#5359 = CARTESIAN_POINT('',(1.849160411386,18.217446338211));
#5360 = CARTESIAN_POINT('',(1.829203644911,18.204864948356));
#5361 = CARTESIAN_POINT('',(1.776406429442,18.174607646273));
#5362 = CARTESIAN_POINT('',(1.743113141,18.158505575244));
#5363 = CARTESIAN_POINT('',(1.709260516102,18.145291472834));
#5364 = CARTESIAN_POINT('',(1.674979889237,18.135203967108));
#5365 = CARTESIAN_POINT('',(1.640395309224,18.128408870322));
#5366 = CARTESIAN_POINT('',(1.605627250895,18.125));
#5367 = CARTESIAN_POINT('',(1.535370618358,18.125));
#5368 = CARTESIAN_POINT('',(1.500013550298,18.128526296443));
#5369 = CARTESIAN_POINT('',(1.464850140693,18.135553738373));
#5370 = CARTESIAN_POINT('',(1.430005252401,18.145982199143));
#5371 = CARTESIAN_POINT('',(1.395607578634,18.15963567019));
#5372 = CARTESIAN_POINT('',(1.36179362854,18.176261354816));
#5373 = CARTESIAN_POINT('',(1.30917490294,18.206907294943));
#5374 = CARTESIAN_POINT('',(1.289872835139,18.219219060543));
#5375 = CARTESIAN_POINT('',(1.270809645458,18.232415398947));
#5376 = CARTESIAN_POINT('',(1.251989972802,18.24644705372));
#5377 = CARTESIAN_POINT('',(1.233418958897,18.261264171812));
#5378 = CARTESIAN_POINT('',(1.21510224829,18.276816303555));
#5379 = CARTESIAN_POINT('',(1.12041420225,18.361959323506));
#5380 = CARTESIAN_POINT('',(1.048502117323,18.443158798406));
#5381 = CARTESIAN_POINT('',(0.980910002384,18.533510870263));
#5382 = CARTESIAN_POINT('',(0.917317428553,18.630830301375));
#5383 = CARTESIAN_POINT('',(0.857441881305,18.733837238267));
#5384 = CARTESIAN_POINT('',(0.801048932791,18.842014659857));
#5385 = CARTESIAN_POINT('',(0.737113533151,18.97987757009));
#5386 = CARTESIAN_POINT('',(0.726114766462,19.004195132048));
#5387 = CARTESIAN_POINT('',(0.715285274462,19.028754905066));
#5388 = CARTESIAN_POINT('',(0.704628100564,19.053559860564));
#5389 = CARTESIAN_POINT('',(0.694147917735,19.078613012092));
#5390 = CARTESIAN_POINT('',(0.683851058955,19.103917495116));
#5391 = CARTESIAN_POINT('',(0.673745547683,19.129476646802));
#5392 = ( GEOMETRIC_REPRESENTATION_CONTEXT(2) 
PARAMETRIC_REPRESENTATION_CONTEXT() REPRESENTATION_CONTEXT('2D SPACE',''
  ) );
#5393 = PCURVE('',#2900,#5394);
#5394 = DEFINITIONAL_REPRESENTATION('',(#5395),#5446);
#5395 = B_SPLINE_CURVE_WITH_KNOTS('',7,(#5396,#5397,#5398,#5399,#5400,
    #5401,#5402,#5403,#5404,#5405,#5406,#5407,#5408,#5409,#5410,#5411,
    #5412,#5413,#5414,#5415,#5416,#5417,#5418,#5419,#5420,#5421,#5422,
    #5423,#5424,#5425,#5426,#5427,#5428,#5429,#5430,#5431,#5432,#5433,
    #5434,#5435,#5436,#5437,#5438,#5439,#5440,#5441,#5442,#5443,#5444,
    #5445),.UNSPECIFIED.,.F.,.F.,(8,6,6,6,6,6,6,6,8),(0.,
    5.622491614206E-02,0.327891378367,0.393756653303,0.49999732495,
    0.608052197311,0.671864931385,0.94268977576,1.),.UNSPECIFIED.);
#5396 = CARTESIAN_POINT('',(-3.624413172872,-13.67417538548));
#5397 = CARTESIAN_POINT('',(-3.639514125487,-13.65770964801));
#5398 = CARTESIAN_POINT('',(-3.654605660861,-13.64109166281));
#5399 = CARTESIAN_POINT('',(-3.669696122227,-13.62434513897));
#5400 = CARTESIAN_POINT('',(-3.684793629468,-13.60749220207));
#5401 = CARTESIAN_POINT('',(-3.699906079117,-13.5905533942));
#5402 = CARTESIAN_POINT('',(-3.715041144361,-13.57354767392));
#5403 = CARTESIAN_POINT('',(-3.803480860099,-13.47408515249));
#5404 = CARTESIAN_POINT('',(-3.877316444875,-13.39068587675));
#5405 = CARTESIAN_POINT('',(-3.952761669429,-13.30807645867));
#5406 = CARTESIAN_POINT('',(-4.030588859827,-13.22767541825));
#5407 = CARTESIAN_POINT('',(-4.111511827863,-13.15139892022));
#5408 = CARTESIAN_POINT('',(-4.196150997513,-13.08176733684));
#5409 = CARTESIAN_POINT('',(-4.306811308252,-13.00760109853));
#5410 = CARTESIAN_POINT('',(-4.328664243716,-12.99371344492));
#5411 = CARTESIAN_POINT('',(-4.350771417843,-12.98046754206));
#5412 = CARTESIAN_POINT('',(-4.373128999728,-12.96791915088));
#5413 = CARTESIAN_POINT('',(-4.395733990416,-12.95612304181));
#5414 = CARTESIAN_POINT('',(-4.418584222903,-12.94513299473));
#5415 = CARTESIAN_POINT('',(-4.478929202805,-12.91866018291));
#5416 = CARTESIAN_POINT('',(-4.516876606537,-12.90452575274));
#5417 = CARTESIAN_POINT('',(-4.55537432142,-12.89289674404));
#5418 = CARTESIAN_POINT('',(-4.59429204932,-12.88400359389));
#5419 = CARTESIAN_POINT('',(-4.633510081303,-12.87800767005));
#5420 = CARTESIAN_POINT('',(-4.672913933071,-12.875));
#5421 = CARTESIAN_POINT('',(-4.752538116613,-12.875));
#5422 = CARTESIAN_POINT('',(-4.792609518141,-12.87811126917));
#5423 = CARTESIAN_POINT('',(-4.832484706305,-12.88431222896));
#5424 = CARTESIAN_POINT('',(-4.872045356689,-12.8935056944));
#5425 = CARTESIAN_POINT('',(-4.911167540707,-12.90552025909));
#5426 = CARTESIAN_POINT('',(-4.949715967181,-12.92011168027));
#5427 = CARTESIAN_POINT('',(-5.009874482882,-12.9469167019));
#5428 = CARTESIAN_POINT('',(-5.031980970465,-12.95766825972));
#5429 = CARTESIAN_POINT('',(-5.053856587245,-12.96917082067));
#5430 = CARTESIAN_POINT('',(-5.075499509349,-12.98137545201));
#5431 = CARTESIAN_POINT('',(-5.096907188448,-12.99423240493));
#5432 = CARTESIAN_POINT('',(-5.118076351759,-13.00769111449));
#5433 = CARTESIAN_POINT('',(-5.227816886775,-13.08115554759));
#5434 = CARTESIAN_POINT('',(-5.312229065827,-13.15050277858));
#5435 = CARTESIAN_POINT('',(-5.392942847491,-13.22647636984));
#5436 = CARTESIAN_POINT('',(-5.470572718395,-13.30657358548));
#5437 = CARTESIAN_POINT('',(-5.545824830358,-13.38889007877));
#5438 = CARTESIAN_POINT('',(-5.619464026012,-13.47201557584));
#5439 = CARTESIAN_POINT('',(-5.707989328751,-13.57158394769));
#5440 = CARTESIAN_POINT('',(-5.723417259989,-13.58892295634));
#5441 = CARTESIAN_POINT('',(-5.738821200463,-13.60619376868));
#5442 = CARTESIAN_POINT('',(-5.754209872225,-13.62337720952));
#5443 = CARTESIAN_POINT('',(-5.769591481601,-13.64045180386));
#5444 = CARTESIAN_POINT('',(-5.784973890528,-13.6573934988));
#5445 = CARTESIAN_POINT('',(-5.800364787897,-13.67417538548));
#5446 = ( GEOMETRIC_REPRESENTATION_CONTEXT(2) 
PARAMETRIC_REPRESENTATION_CONTEXT() REPRESENTATION_CONTEXT('2D SPACE',''
  ) );
#5447 = ADVANCED_FACE('',(#5448),#754,.F.);
#5448 = FACE_BOUND('',#5449,.T.);
#5449 = EDGE_LOOP('',(#5450,#5486,#5507,#5508,#5509,#5545,#5581,#5617,
    #5665));
#5450 = ORIENTED_EDGE('',*,*,#5451,.T.);
#5451 = EDGE_CURVE('',#2367,#5452,#5454,.T.);
#5452 = VERTEX_POINT('',#5453);
#5453 = CARTESIAN_POINT('',(26.875,5.,3.125));
#5454 = SURFACE_CURVE('',#5455,(#5460,#5473),.PCURVE_S1.);
#5455 = ELLIPSE('',#5456,2.65165042945,1.875);
#5456 = AXIS2_PLACEMENT_3D('',#5457,#5458,#5459);
#5457 = CARTESIAN_POINT('',(25.,5.,5.));
#5458 = DIRECTION('',(0.707106781187,0.,0.707106781187));
#5459 = DIRECTION('',(0.707106781187,0.,-0.707106781187));
#5460 = PCURVE('',#754,#5461);
#5461 = DEFINITIONAL_REPRESENTATION('',(#5462),#5472);
#5462 = B_SPLINE_CURVE_WITH_KNOTS('',8,(#5463,#5464,#5465,#5466,#5467,
    #5468,#5469,#5470,#5471),.UNSPECIFIED.,.F.,.F.,(9,9),(4.712388947541
    ,6.28318530718),.PIECEWISE_BEZIER_KNOTS.);
#5463 = CARTESIAN_POINT('',(-4.712388947541,-5.000000061581));
#5464 = CARTESIAN_POINT('',(-4.908738492496,-4.631844664791));
#5465 = CARTESIAN_POINT('',(-5.105088037451,-4.263689177875));
#5466 = CARTESIAN_POINT('',(-5.301437582391,-3.917162666936));
#5467 = CARTESIAN_POINT('',(-5.497787127377,-3.613889862816));
#5468 = CARTESIAN_POINT('',(-5.694136672308,-3.372841173479));
#5469 = CARTESIAN_POINT('',(-5.890486217266,-3.207613958426));
#5470 = CARTESIAN_POINT('',(-6.086835762225,-3.125));
#5471 = CARTESIAN_POINT('',(-6.28318530718,-3.125));
#5472 = ( GEOMETRIC_REPRESENTATION_CONTEXT(2) 
PARAMETRIC_REPRESENTATION_CONTEXT() REPRESENTATION_CONTEXT('2D SPACE',''
  ) );
#5473 = PCURVE('',#1557,#5474);
#5474 = DEFINITIONAL_REPRESENTATION('',(#5475),#5485);
#5475 = B_SPLINE_CURVE_WITH_KNOTS('',8,(#5476,#5477,#5478,#5479,#5480,
    #5481,#5482,#5483,#5484),.UNSPECIFIED.,.F.,.F.,(9,9),(4.712388947541
    ,6.28318530718),.PIECEWISE_BEZIER_KNOTS.);
#5476 = CARTESIAN_POINT('',(-4.712389013228,-5.000000061581));
#5477 = CARTESIAN_POINT('',(-4.516039468273,-4.631844664791));
#5478 = CARTESIAN_POINT('',(-4.319689923318,-4.263689177881));
#5479 = CARTESIAN_POINT('',(-4.123340378355,-3.917162666912));
#5480 = CARTESIAN_POINT('',(-3.926990833428,-3.613889862834));
#5481 = CARTESIAN_POINT('',(-3.730641288443,-3.372841173463));
#5482 = CARTESIAN_POINT('',(-3.5342917435,-3.207613958431));
#5483 = CARTESIAN_POINT('',(-3.337942198545,-3.125));
#5484 = CARTESIAN_POINT('',(-3.14159265359,-3.125));
#5485 = ( GEOMETRIC_REPRESENTATION_CONTEXT(2) 
PARAMETRIC_REPRESENTATION_CONTEXT() REPRESENTATION_CONTEXT('2D SPACE',''
  ) );
#5486 = ORIENTED_EDGE('',*,*,#5487,.F.);
#5487 = EDGE_CURVE('',#738,#5452,#5488,.T.);
#5488 = SEAM_CURVE('',#5489,(#5493,#5500),.PCURVE_S1.);
#5489 = LINE('',#5490,#5491);
#5490 = CARTESIAN_POINT('',(26.875,5.,0.));
#5491 = VECTOR('',#5492,1.);
#5492 = DIRECTION('',(0.,0.,1.));
#5493 = PCURVE('',#754,#5494);
#5494 = DEFINITIONAL_REPRESENTATION('',(#5495),#5499);
#5495 = LINE('',#5496,#5497);
#5496 = CARTESIAN_POINT('',(-0.,0.));
#5497 = VECTOR('',#5498,1.);
#5498 = DIRECTION('',(-0.,-1.));
#5499 = ( GEOMETRIC_REPRESENTATION_CONTEXT(2) 
PARAMETRIC_REPRESENTATION_CONTEXT() REPRESENTATION_CONTEXT('2D SPACE',''
  ) );
#5500 = PCURVE('',#754,#5501);
#5501 = DEFINITIONAL_REPRESENTATION('',(#5502),#5506);
#5502 = LINE('',#5503,#5504);
#5503 = CARTESIAN_POINT('',(-6.28318530718,0.));
#5504 = VECTOR('',#5505,1.);
#5505 = DIRECTION('',(-0.,-1.));
#5506 = ( GEOMETRIC_REPRESENTATION_CONTEXT(2) 
PARAMETRIC_REPRESENTATION_CONTEXT() REPRESENTATION_CONTEXT('2D SPACE',''
  ) );
#5507 = ORIENTED_EDGE('',*,*,#737,.F.);
#5508 = ORIENTED_EDGE('',*,*,#5487,.T.);
#5509 = ORIENTED_EDGE('',*,*,#5510,.T.);
#5510 = EDGE_CURVE('',#5452,#5511,#5513,.T.);
#5511 = VERTEX_POINT('',#5512);
#5512 = CARTESIAN_POINT('',(26.325825214725,6.325825214725,
    3.674174785275));
#5513 = SURFACE_CURVE('',#5514,(#5519,#5532),.PCURVE_S1.);
#5514 = ELLIPSE('',#5515,2.65165042945,1.875);
#5515 = AXIS2_PLACEMENT_3D('',#5516,#5517,#5518);
#5516 = CARTESIAN_POINT('',(25.,5.,5.));
#5517 = DIRECTION('',(0.707106781187,0.,0.707106781187));
#5518 = DIRECTION('',(0.707106781187,0.,-0.707106781187));
#5519 = PCURVE('',#754,#5520);
#5520 = DEFINITIONAL_REPRESENTATION('',(#5521),#5531);
#5521 = B_SPLINE_CURVE_WITH_KNOTS('',8,(#5522,#5523,#5524,#5525,#5526,
    #5527,#5528,#5529,#5530),.UNSPECIFIED.,.F.,.F.,(9,9),(0.,
    1.570796613951),.PIECEWISE_BEZIER_KNOTS.);
#5522 = CARTESIAN_POINT('',(0.,-3.125));
#5523 = CARTESIAN_POINT('',(-0.196349576744,-3.125));
#5524 = CARTESIAN_POINT('',(-0.392699153488,-3.207613985178));
#5525 = CARTESIAN_POINT('',(-0.589048730231,-3.372841253737));
#5526 = CARTESIAN_POINT('',(-0.785398306974,-3.613890018918));
#5527 = CARTESIAN_POINT('',(-0.981747883719,-3.917162912443));
#5528 = CARTESIAN_POINT('',(-1.178097460463,-4.263689514494));
#5529 = CARTESIAN_POINT('',(-1.374447037208,-4.631845082024));
#5530 = CARTESIAN_POINT('',(-1.570796613951,-5.000000538419));
#5531 = ( GEOMETRIC_REPRESENTATION_CONTEXT(2) 
PARAMETRIC_REPRESENTATION_CONTEXT() REPRESENTATION_CONTEXT('2D SPACE',''
  ) );
#5532 = PCURVE('',#1557,#5533);
#5533 = DEFINITIONAL_REPRESENTATION('',(#5534),#5544);
#5534 = B_SPLINE_CURVE_WITH_KNOTS('',8,(#5535,#5536,#5537,#5538,#5539,
    #5540,#5541,#5542,#5543),.UNSPECIFIED.,.F.,.F.,(9,9),(0.,
    1.570796613951),.PIECEWISE_BEZIER_KNOTS.);
#5535 = CARTESIAN_POINT('',(-3.14159265359,-3.125));
#5536 = CARTESIAN_POINT('',(-2.945243076846,-3.125));
#5537 = CARTESIAN_POINT('',(-2.748893500102,-3.20761398518));
#5538 = CARTESIAN_POINT('',(-2.552543923345,-3.372841253706));
#5539 = CARTESIAN_POINT('',(-2.356194346627,-3.613890018933));
#5540 = CARTESIAN_POINT('',(-2.15984476986,-3.917162912419));
#5541 = CARTESIAN_POINT('',(-1.963495193126,-4.263689514496));
#5542 = CARTESIAN_POINT('',(-1.767145616382,-4.631845082024));
#5543 = CARTESIAN_POINT('',(-1.570796039638,-5.000000538419));
#5544 = ( GEOMETRIC_REPRESENTATION_CONTEXT(2) 
PARAMETRIC_REPRESENTATION_CONTEXT() REPRESENTATION_CONTEXT('2D SPACE',''
  ) );
#5545 = ORIENTED_EDGE('',*,*,#5546,.T.);
#5546 = EDGE_CURVE('',#5511,#5547,#5549,.T.);
#5547 = VERTEX_POINT('',#5548);
#5548 = CARTESIAN_POINT('',(25.,6.875,3.125));
#5549 = SURFACE_CURVE('',#5550,(#5555,#5568),.PCURVE_S1.);
#5550 = ELLIPSE('',#5551,2.65165042945,1.875);
#5551 = AXIS2_PLACEMENT_3D('',#5552,#5553,#5554);
#5552 = CARTESIAN_POINT('',(25.,5.,5.));
#5553 = DIRECTION('',(0.,0.707106781187,0.707106781187));
#5554 = DIRECTION('',(-0.,0.707106781187,-0.707106781187));
#5555 = PCURVE('',#754,#5556);
#5556 = DEFINITIONAL_REPRESENTATION('',(#5557),#5567);
#5557 = B_SPLINE_CURVE_WITH_KNOTS('',8,(#5558,#5559,#5560,#5561,#5562,
    #5563,#5564,#5565,#5566),.UNSPECIFIED.,.F.,.F.,(9,9),(4.712388640558
    ,6.28318530718),.PIECEWISE_BEZIER_KNOTS.);
#5558 = CARTESIAN_POINT('',(3.398265544519E-07,-5.000000637175));
#5559 = CARTESIAN_POINT('',(-0.196349243501,-4.631845168435));
#5560 = CARTESIAN_POINT('',(-0.392698826828,-4.263689584211));
#5561 = CARTESIAN_POINT('',(-0.589048410157,-3.917162963264));
#5562 = CARTESIAN_POINT('',(-0.785397993482,-3.613890051263));
#5563 = CARTESIAN_POINT('',(-0.981747576813,-3.372841270333));
#5564 = CARTESIAN_POINT('',(-1.178097160139,-3.207613990721));
#5565 = CARTESIAN_POINT('',(-1.374446743467,-3.125));
#5566 = CARTESIAN_POINT('',(-1.570796326795,-3.125));
#5567 = ( GEOMETRIC_REPRESENTATION_CONTEXT(2) 
PARAMETRIC_REPRESENTATION_CONTEXT() REPRESENTATION_CONTEXT('2D SPACE',''
  ) );
#5568 = PCURVE('',#3427,#5569);
#5569 = DEFINITIONAL_REPRESENTATION('',(#5570),#5580);
#5570 = B_SPLINE_CURVE_WITH_KNOTS('',8,(#5571,#5572,#5573,#5574,#5575,
    #5576,#5577,#5578,#5579),.UNSPECIFIED.,.F.,.F.,(9,9),(4.712388640558
    ,6.28318530718),.PIECEWISE_BEZIER_KNOTS.);
#5571 = CARTESIAN_POINT('',(-6.283185647006,-15.00000063717));
#5572 = CARTESIAN_POINT('',(-6.086836063678,-14.63184516843));
#5573 = CARTESIAN_POINT('',(-5.890486480351,-14.26368958419));
#5574 = CARTESIAN_POINT('',(-5.694136897025,-13.9171629633));
#5575 = CARTESIAN_POINT('',(-5.497787313697,-13.61389005115));
#5576 = CARTESIAN_POINT('',(-5.301437730371,-13.3728412704));
#5577 = CARTESIAN_POINT('',(-5.10508814704,-13.20761399071));
#5578 = CARTESIAN_POINT('',(-4.908738563712,-13.125));
#5579 = CARTESIAN_POINT('',(-4.712388980385,-13.125));
#5580 = ( GEOMETRIC_REPRESENTATION_CONTEXT(2) 
PARAMETRIC_REPRESENTATION_CONTEXT() REPRESENTATION_CONTEXT('2D SPACE',''
  ) );
#5581 = ORIENTED_EDGE('',*,*,#5582,.T.);
#5582 = EDGE_CURVE('',#5547,#5583,#5585,.T.);
#5583 = VERTEX_POINT('',#5584);
#5584 = CARTESIAN_POINT('',(23.674174785275,6.325825214725,
    3.674174785275));
#5585 = SURFACE_CURVE('',#5586,(#5591,#5604),.PCURVE_S1.);
#5586 = ELLIPSE('',#5587,2.65165042945,1.875);
#5587 = AXIS2_PLACEMENT_3D('',#5588,#5589,#5590);
#5588 = CARTESIAN_POINT('',(25.,5.,5.));
#5589 = DIRECTION('',(0.,0.707106781187,0.707106781187));
#5590 = DIRECTION('',(-0.,0.707106781187,-0.707106781187));
#5591 = PCURVE('',#754,#5592);
#5592 = DEFINITIONAL_REPRESENTATION('',(#5593),#5603);
#5593 = B_SPLINE_CURVE_WITH_KNOTS('',8,(#5594,#5595,#5596,#5597,#5598,
    #5599,#5600,#5601,#5602),.UNSPECIFIED.,.F.,.F.,(9,9),(0.,
    1.570796666621),.PIECEWISE_BEZIER_KNOTS.);
#5594 = CARTESIAN_POINT('',(-1.570796326795,-3.125));
#5595 = CARTESIAN_POINT('',(-1.767145910123,-3.125));
#5596 = CARTESIAN_POINT('',(-1.963495493451,-3.20761399072));
#5597 = CARTESIAN_POINT('',(-2.159845076773,-3.372841270337));
#5598 = CARTESIAN_POINT('',(-2.356194660106,-3.613890051267));
#5599 = CARTESIAN_POINT('',(-2.552544243423,-3.917162963269));
#5600 = CARTESIAN_POINT('',(-2.748893826762,-4.263689584209));
#5601 = CARTESIAN_POINT('',(-2.945243410089,-4.631845168435));
#5602 = CARTESIAN_POINT('',(-3.141592993416,-5.000000637175));
#5603 = ( GEOMETRIC_REPRESENTATION_CONTEXT(2) 
PARAMETRIC_REPRESENTATION_CONTEXT() REPRESENTATION_CONTEXT('2D SPACE',''
  ) );
#5604 = PCURVE('',#3427,#5605);
#5605 = DEFINITIONAL_REPRESENTATION('',(#5606),#5616);
#5606 = B_SPLINE_CURVE_WITH_KNOTS('',8,(#5607,#5608,#5609,#5610,#5611,
    #5612,#5613,#5614,#5615),.UNSPECIFIED.,.F.,.F.,(9,9),(0.,
    1.570796666621),.PIECEWISE_BEZIER_KNOTS.);
#5607 = CARTESIAN_POINT('',(-4.712388980385,-13.125));
#5608 = CARTESIAN_POINT('',(-4.516039397057,-13.125));
#5609 = CARTESIAN_POINT('',(-4.319689813728,-13.20761399071));
#5610 = CARTESIAN_POINT('',(-4.123340230386,-13.37284127031));
#5611 = CARTESIAN_POINT('',(-3.926990647065,-13.61389005125));
#5612 = CARTESIAN_POINT('',(-3.73064106373,-13.91716296325));
#5613 = CARTESIAN_POINT('',(-3.534291480415,-14.2636895842));
#5614 = CARTESIAN_POINT('',(-3.337941897091,-14.63184516843));
#5615 = CARTESIAN_POINT('',(-3.141592313763,-15.00000063717));
#5616 = ( GEOMETRIC_REPRESENTATION_CONTEXT(2) 
PARAMETRIC_REPRESENTATION_CONTEXT() REPRESENTATION_CONTEXT('2D SPACE',''
  ) );
#5617 = ORIENTED_EDGE('',*,*,#5618,.F.);
#5618 = EDGE_CURVE('',#2403,#5583,#5619,.T.);
#5619 = SURFACE_CURVE('',#5620,(#5625,#5645),.PCURVE_S1.);
#5620 = ELLIPSE('',#5621,2.65165042945,1.875);
#5621 = AXIS2_PLACEMENT_3D('',#5622,#5623,#5624);
#5622 = CARTESIAN_POINT('',(25.,5.,5.));
#5623 = DIRECTION('',(0.707106781187,0.,-0.707106781187));
#5624 = DIRECTION('',(0.707106781187,0.,0.707106781187));
#5625 = PCURVE('',#754,#5626);
#5626 = DEFINITIONAL_REPRESENTATION('',(#5627),#5644);
#5627 = B_SPLINE_CURVE_WITH_KNOTS('',8,(#5628,#5629,#5630,#5631,#5632,
    #5633,#5634,#5635,#5636,#5637,#5638,#5639,#5640,#5641,#5642,#5643),
  .UNSPECIFIED.,.F.,.F.,(9,7,9),(1.570795986968,3.141592473763,
    4.712388960558),.UNSPECIFIED.);
#5628 = CARTESIAN_POINT('',(-4.712389320211,-5.000000637175));
#5629 = CARTESIAN_POINT('',(-4.516039759362,-4.631845210582));
#5630 = CARTESIAN_POINT('',(-4.319690198511,-4.263689668507));
#5631 = CARTESIAN_POINT('',(-4.123340637649,-3.917163082284));
#5632 = CARTESIAN_POINT('',(-3.926991076809,-3.613890190147));
#5633 = CARTESIAN_POINT('',(-3.730641515955,-3.372841408313));
#5634 = CARTESIAN_POINT('',(-3.534291955114,-3.207614104213));
#5635 = CARTESIAN_POINT('',(-3.337942394266,-3.125000066204));
#5636 = CARTESIAN_POINT('',(-2.945243272567,-3.124999933796));
#5637 = CARTESIAN_POINT('',(-2.748893711718,-3.207613839395));
#5638 = CARTESIAN_POINT('',(-2.552544150872,-3.372841018867));
#5639 = CARTESIAN_POINT('',(-2.356194590024,-3.613889691635));
#5640 = CARTESIAN_POINT('',(-2.159845029168,-3.917162497057));
#5641 = CARTESIAN_POINT('',(-1.96349546832,-4.263689023867));
#5642 = CARTESIAN_POINT('',(-1.767145907471,-4.631844536233));
#5643 = CARTESIAN_POINT('',(-1.570796346621,-4.999999962825));
#5644 = ( GEOMETRIC_REPRESENTATION_CONTEXT(2) 
PARAMETRIC_REPRESENTATION_CONTEXT() REPRESENTATION_CONTEXT('2D SPACE',''
  ) );
#5645 = PCURVE('',#2013,#5646);
#5646 = DEFINITIONAL_REPRESENTATION('',(#5647),#5664);
#5647 = B_SPLINE_CURVE_WITH_KNOTS('',8,(#5648,#5649,#5650,#5651,#5652,
    #5653,#5654,#5655,#5656,#5657,#5658,#5659,#5660,#5661,#5662,#5663),
  .UNSPECIFIED.,.F.,.F.,(9,7,9),(1.570795986968,3.141592473763,
    4.712388960558),.UNSPECIFIED.);
#5648 = CARTESIAN_POINT('',(-4.712389320211,-4.999999362825));
#5649 = CARTESIAN_POINT('',(-4.516039759362,-5.368154789418));
#5650 = CARTESIAN_POINT('',(-4.319690198511,-5.736310331481));
#5651 = CARTESIAN_POINT('',(-4.123340637649,-6.082836917732));
#5652 = CARTESIAN_POINT('',(-3.926991076809,-6.38610980981));
#5653 = CARTESIAN_POINT('',(-3.730641515955,-6.627158591709));
#5654 = CARTESIAN_POINT('',(-3.534291955114,-6.792385895776));
#5655 = CARTESIAN_POINT('',(-3.337942394266,-6.874999933796));
#5656 = CARTESIAN_POINT('',(-2.945243272567,-6.875000066204));
#5657 = CARTESIAN_POINT('',(-2.748893711717,-6.7923861606));
#5658 = CARTESIAN_POINT('',(-2.552544150867,-6.627158981119));
#5659 = CARTESIAN_POINT('',(-2.356194590018,-6.386110308373));
#5660 = CARTESIAN_POINT('',(-2.15984502917,-6.08283750292));
#5661 = CARTESIAN_POINT('',(-1.963495468319,-5.736310976131));
#5662 = CARTESIAN_POINT('',(-1.767145907471,-5.368155463767));
#5663 = CARTESIAN_POINT('',(-1.570796346621,-5.000000037175));
#5664 = ( GEOMETRIC_REPRESENTATION_CONTEXT(2) 
PARAMETRIC_REPRESENTATION_CONTEXT() REPRESENTATION_CONTEXT('2D SPACE',''
  ) );
#5665 = ORIENTED_EDGE('',*,*,#2402,.F.);
#5666 = ADVANCED_FACE('',(#5667),#785,.F.);
#5667 = FACE_BOUND('',#5668,.T.);
#5668 = EDGE_LOOP('',(#5669,#5707,#5728,#5729,#5730,#5766,#5802,#5836,
    #5837));
#5669 = ORIENTED_EDGE('',*,*,#5670,.T.);
#5670 = EDGE_CURVE('',#5671,#5673,#5675,.T.);
#5671 = VERTEX_POINT('',#5672);
#5672 = CARTESIAN_POINT('',(6.325825214725,13.674174785275,
    3.674174785275));
#5673 = VERTEX_POINT('',#5674);
#5674 = CARTESIAN_POINT('',(6.875,15.,3.125));
#5675 = SURFACE_CURVE('',#5676,(#5681,#5694),.PCURVE_S1.);
#5676 = ELLIPSE('',#5677,2.65165042945,1.875);
#5677 = AXIS2_PLACEMENT_3D('',#5678,#5679,#5680);
#5678 = CARTESIAN_POINT('',(5.,15.,5.));
#5679 = DIRECTION('',(0.707106781187,0.,0.707106781187));
#5680 = DIRECTION('',(0.707106781187,0.,-0.707106781187));
#5681 = PCURVE('',#785,#5682);
#5682 = DEFINITIONAL_REPRESENTATION('',(#5683),#5693);
#5683 = B_SPLINE_CURVE_WITH_KNOTS('',8,(#5684,#5685,#5686,#5687,#5688,
    #5689,#5690,#5691,#5692),.UNSPECIFIED.,.F.,.F.,(9,9),(4.712388976119
    ,6.28318530718),.PIECEWISE_BEZIER_KNOTS.);
#5684 = CARTESIAN_POINT('',(-4.712388976119,-5.000000007998));
#5685 = CARTESIAN_POINT('',(-4.908738517502,-4.631844617906));
#5686 = CARTESIAN_POINT('',(-5.105088058885,-4.263689140045));
#5687 = CARTESIAN_POINT('',(-5.301437600268,-3.917162639336));
#5688 = CARTESIAN_POINT('',(-5.497787141649,-3.613889845263));
#5689 = CARTESIAN_POINT('',(-5.69413668303,-3.372841164453));
#5690 = CARTESIAN_POINT('',(-5.890486224415,-3.207613955419));
#5691 = CARTESIAN_POINT('',(-6.086835765797,-3.125));
#5692 = CARTESIAN_POINT('',(-6.28318530718,-3.125));
#5693 = ( GEOMETRIC_REPRESENTATION_CONTEXT(2) 
PARAMETRIC_REPRESENTATION_CONTEXT() REPRESENTATION_CONTEXT('2D SPACE',''
  ) );
#5694 = PCURVE('',#3507,#5695);
#5695 = DEFINITIONAL_REPRESENTATION('',(#5696),#5706);
#5696 = B_SPLINE_CURVE_WITH_KNOTS('',8,(#5697,#5698,#5699,#5700,#5701,
    #5702,#5703,#5704,#5705),.UNSPECIFIED.,.F.,.F.,(9,9),(4.712388976119
    ,6.28318530718),.PIECEWISE_BEZIER_KNOTS.);
#5697 = CARTESIAN_POINT('',(-4.71238898465,-25.00000000799));
#5698 = CARTESIAN_POINT('',(-4.516039443268,-24.6318446179));
#5699 = CARTESIAN_POINT('',(-4.31968990188,-24.26368914006));
#5700 = CARTESIAN_POINT('',(-4.123340360513,-23.91716263919));
#5701 = CARTESIAN_POINT('',(-3.926990819109,-23.61388984542));
#5702 = CARTESIAN_POINT('',(-3.730641277743,-23.37284116433));
#5703 = CARTESIAN_POINT('',(-3.534291736349,-23.20761395543));
#5704 = CARTESIAN_POINT('',(-3.337942194972,-23.125));
#5705 = CARTESIAN_POINT('',(-3.14159265359,-23.125));
#5706 = ( GEOMETRIC_REPRESENTATION_CONTEXT(2) 
PARAMETRIC_REPRESENTATION_CONTEXT() REPRESENTATION_CONTEXT('2D SPACE',''
  ) );
#5707 = ORIENTED_EDGE('',*,*,#5708,.F.);
#5708 = EDGE_CURVE('',#769,#5673,#5709,.T.);
#5709 = SEAM_CURVE('',#5710,(#5714,#5721),.PCURVE_S1.);
#5710 = LINE('',#5711,#5712);
#5711 = CARTESIAN_POINT('',(6.875,15.,0.));
#5712 = VECTOR('',#5713,1.);
#5713 = DIRECTION('',(0.,0.,1.));
#5714 = PCURVE('',#785,#5715);
#5715 = DEFINITIONAL_REPRESENTATION('',(#5716),#5720);
#5716 = LINE('',#5717,#5718);
#5717 = CARTESIAN_POINT('',(-0.,0.));
#5718 = VECTOR('',#5719,1.);
#5719 = DIRECTION('',(-0.,-1.));
#5720 = ( GEOMETRIC_REPRESENTATION_CONTEXT(2) 
PARAMETRIC_REPRESENTATION_CONTEXT() REPRESENTATION_CONTEXT('2D SPACE',''
  ) );
#5721 = PCURVE('',#785,#5722);
#5722 = DEFINITIONAL_REPRESENTATION('',(#5723),#5727);
#5723 = LINE('',#5724,#5725);
#5724 = CARTESIAN_POINT('',(-6.28318530718,0.));
#5725 = VECTOR('',#5726,1.);
#5726 = DIRECTION('',(-0.,-1.));
#5727 = ( GEOMETRIC_REPRESENTATION_CONTEXT(2) 
PARAMETRIC_REPRESENTATION_CONTEXT() REPRESENTATION_CONTEXT('2D SPACE',''
  ) );
#5728 = ORIENTED_EDGE('',*,*,#768,.F.);
#5729 = ORIENTED_EDGE('',*,*,#5708,.T.);
#5730 = ORIENTED_EDGE('',*,*,#5731,.T.);
#5731 = EDGE_CURVE('',#5673,#5732,#5734,.T.);
#5732 = VERTEX_POINT('',#5733);
#5733 = CARTESIAN_POINT('',(6.325825214725,16.325825214725,
    3.674174785275));
#5734 = SURFACE_CURVE('',#5735,(#5740,#5753),.PCURVE_S1.);
#5735 = ELLIPSE('',#5736,2.65165042945,1.875);
#5736 = AXIS2_PLACEMENT_3D('',#5737,#5738,#5739);
#5737 = CARTESIAN_POINT('',(5.,15.,5.));
#5738 = DIRECTION('',(0.707106781187,0.,0.707106781187));
#5739 = DIRECTION('',(0.707106781187,0.,-0.707106781187));
#5740 = PCURVE('',#785,#5741);
#5741 = DEFINITIONAL_REPRESENTATION('',(#5742),#5752);
#5742 = B_SPLINE_CURVE_WITH_KNOTS('',8,(#5743,#5744,#5745,#5746,#5747,
    #5748,#5749,#5750,#5751),.UNSPECIFIED.,.F.,.F.,(9,9),(0.,
    1.570796642529),.PIECEWISE_BEZIER_KNOTS.);
#5743 = CARTESIAN_POINT('',(0.,-3.125));
#5744 = CARTESIAN_POINT('',(-0.196349580316,-3.125));
#5745 = CARTESIAN_POINT('',(-0.392699160632,-3.207613988181));
#5746 = CARTESIAN_POINT('',(-0.589048740949,-3.372841262759));
#5747 = CARTESIAN_POINT('',(-0.78539832126,-3.61389003646));
#5748 = CARTESIAN_POINT('',(-0.981747901581,-3.91716294003));
#5749 = CARTESIAN_POINT('',(-1.178097481897,-4.263689552317));
#5750 = CARTESIAN_POINT('',(-1.374447062213,-4.631845128909));
#5751 = CARTESIAN_POINT('',(-1.570796642529,-5.000000592002));
#5752 = ( GEOMETRIC_REPRESENTATION_CONTEXT(2) 
PARAMETRIC_REPRESENTATION_CONTEXT() REPRESENTATION_CONTEXT('2D SPACE',''
  ) );
#5753 = PCURVE('',#3507,#5754);
#5754 = DEFINITIONAL_REPRESENTATION('',(#5755),#5765);
#5755 = B_SPLINE_CURVE_WITH_KNOTS('',8,(#5756,#5757,#5758,#5759,#5760,
    #5761,#5762,#5763,#5764),.UNSPECIFIED.,.F.,.F.,(9,9),(0.,
    1.570796642529),.PIECEWISE_BEZIER_KNOTS.);
#5756 = CARTESIAN_POINT('',(-3.14159265359,-23.125));
#5757 = CARTESIAN_POINT('',(-2.945243073274,-23.125));
#5758 = CARTESIAN_POINT('',(-2.748893492955,-23.20761398817));
#5759 = CARTESIAN_POINT('',(-2.552543912652,-23.37284126272));
#5760 = CARTESIAN_POINT('',(-2.356194332307,-23.61389003643));
#5761 = CARTESIAN_POINT('',(-2.159844752019,-23.91716294005));
#5762 = CARTESIAN_POINT('',(-1.963495171688,-24.26368955232));
#5763 = CARTESIAN_POINT('',(-1.767145591377,-24.6318451289));
#5764 = CARTESIAN_POINT('',(-1.570796011061,-25.000000592));
#5765 = ( GEOMETRIC_REPRESENTATION_CONTEXT(2) 
PARAMETRIC_REPRESENTATION_CONTEXT() REPRESENTATION_CONTEXT('2D SPACE',''
  ) );
#5766 = ORIENTED_EDGE('',*,*,#5767,.T.);
#5767 = EDGE_CURVE('',#5732,#5768,#5770,.T.);
#5768 = VERTEX_POINT('',#5769);
#5769 = CARTESIAN_POINT('',(5.,16.875,3.125));
#5770 = SURFACE_CURVE('',#5771,(#5776,#5789),.PCURVE_S1.);
#5771 = ELLIPSE('',#5772,2.65165042945,1.875);
#5772 = AXIS2_PLACEMENT_3D('',#5773,#5774,#5775);
#5773 = CARTESIAN_POINT('',(5.,15.,5.));
#5774 = DIRECTION('',(0.,0.707106781187,0.707106781187));
#5775 = DIRECTION('',(-0.,0.707106781187,-0.707106781187));
#5776 = PCURVE('',#785,#5777);
#5777 = DEFINITIONAL_REPRESENTATION('',(#5778),#5788);
#5778 = B_SPLINE_CURVE_WITH_KNOTS('',8,(#5779,#5780,#5781,#5782,#5783,
    #5784,#5785,#5786,#5787),.UNSPECIFIED.,.F.,.F.,(9,9),(4.712388652172
    ,6.28318530718),.PIECEWISE_BEZIER_KNOTS.);
#5779 = CARTESIAN_POINT('',(3.282123381965E-07,-5.000000615398));
#5780 = CARTESIAN_POINT('',(-0.196349253664,-4.631845149381));
#5781 = CARTESIAN_POINT('',(-0.392698835539,-4.263689568835));
#5782 = CARTESIAN_POINT('',(-0.589048417412,-3.917162952068));
#5783 = CARTESIAN_POINT('',(-0.785397999291,-3.613890044126));
#5784 = CARTESIAN_POINT('',(-0.981747581166,-3.372841266691));
#5785 = CARTESIAN_POINT('',(-1.178097163043,-3.207613989498));
#5786 = CARTESIAN_POINT('',(-1.374446744919,-3.125));
#5787 = CARTESIAN_POINT('',(-1.570796326795,-3.125));
#5788 = ( GEOMETRIC_REPRESENTATION_CONTEXT(2) 
PARAMETRIC_REPRESENTATION_CONTEXT() REPRESENTATION_CONTEXT('2D SPACE',''
  ) );
#5789 = PCURVE('',#909,#5790);
#5790 = DEFINITIONAL_REPRESENTATION('',(#5791),#5801);
#5791 = B_SPLINE_CURVE_WITH_KNOTS('',8,(#5792,#5793,#5794,#5795,#5796,
    #5797,#5798,#5799,#5800),.UNSPECIFIED.,.F.,.F.,(9,9),(4.712388652172
    ,6.28318530718),.PIECEWISE_BEZIER_KNOTS.);
#5792 = CARTESIAN_POINT('',(-6.283185635392,-5.000000615398));
#5793 = CARTESIAN_POINT('',(-6.086836053516,-4.631845149381));
#5794 = CARTESIAN_POINT('',(-5.89048647164,-4.263689568832));
#5795 = CARTESIAN_POINT('',(-5.694136889765,-3.917162952068));
#5796 = CARTESIAN_POINT('',(-5.497787307887,-3.613890044115));
#5797 = CARTESIAN_POINT('',(-5.301437726016,-3.372841266682));
#5798 = CARTESIAN_POINT('',(-5.105088144137,-3.207613989493));
#5799 = CARTESIAN_POINT('',(-4.908738562261,-3.125));
#5800 = CARTESIAN_POINT('',(-4.712388980385,-3.125));
#5801 = ( GEOMETRIC_REPRESENTATION_CONTEXT(2) 
PARAMETRIC_REPRESENTATION_CONTEXT() REPRESENTATION_CONTEXT('2D SPACE',''
  ) );
#5802 = ORIENTED_EDGE('',*,*,#5803,.T.);
#5803 = EDGE_CURVE('',#5768,#997,#5804,.T.);
#5804 = SURFACE_CURVE('',#5805,(#5810,#5823),.PCURVE_S1.);
#5805 = ELLIPSE('',#5806,2.65165042945,1.875);
#5806 = AXIS2_PLACEMENT_3D('',#5807,#5808,#5809);
#5807 = CARTESIAN_POINT('',(5.,15.,5.));
#5808 = DIRECTION('',(0.,0.707106781187,0.707106781187));
#5809 = DIRECTION('',(-0.,0.707106781187,-0.707106781187));
#5810 = PCURVE('',#785,#5811);
#5811 = DEFINITIONAL_REPRESENTATION('',(#5812),#5822);
#5812 = B_SPLINE_CURVE_WITH_KNOTS('',8,(#5813,#5814,#5815,#5816,#5817,
    #5818,#5819,#5820,#5821),.UNSPECIFIED.,.F.,.F.,(9,9),(0.,
    1.570796655007),.PIECEWISE_BEZIER_KNOTS.);
#5813 = CARTESIAN_POINT('',(-1.570796326795,-3.125));
#5814 = CARTESIAN_POINT('',(-1.767145908671,-3.125));
#5815 = CARTESIAN_POINT('',(-1.963495490544,-3.207613989495));
#5816 = CARTESIAN_POINT('',(-2.15984507243,-3.372841266684));
#5817 = CARTESIAN_POINT('',(-2.3561946543,-3.613890044115));
#5818 = CARTESIAN_POINT('',(-2.55254423618,-3.917162952062));
#5819 = CARTESIAN_POINT('',(-2.748893818049,-4.263689568833));
#5820 = CARTESIAN_POINT('',(-2.945243399926,-4.631845149381));
#5821 = CARTESIAN_POINT('',(-3.141592981802,-5.000000615398));
#5822 = ( GEOMETRIC_REPRESENTATION_CONTEXT(2) 
PARAMETRIC_REPRESENTATION_CONTEXT() REPRESENTATION_CONTEXT('2D SPACE',''
  ) );
#5823 = PCURVE('',#909,#5824);
#5824 = DEFINITIONAL_REPRESENTATION('',(#5825),#5835);
#5825 = B_SPLINE_CURVE_WITH_KNOTS('',8,(#5826,#5827,#5828,#5829,#5830,
    #5831,#5832,#5833,#5834),.UNSPECIFIED.,.F.,.F.,(9,9),(0.,
    1.570796655007),.PIECEWISE_BEZIER_KNOTS.);
#5826 = CARTESIAN_POINT('',(-4.712388980385,-3.125));
#5827 = CARTESIAN_POINT('',(-4.516039398509,-3.125));
#5828 = CARTESIAN_POINT('',(-4.319689816629,-3.207613989491));
#5829 = CARTESIAN_POINT('',(-4.123340234759,-3.372841266693));
#5830 = CARTESIAN_POINT('',(-3.926990652864,-3.613890044107));
#5831 = CARTESIAN_POINT('',(-3.730641071004,-3.917162952072));
#5832 = CARTESIAN_POINT('',(-3.534291489125,-4.263689568831));
#5833 = CARTESIAN_POINT('',(-3.337941907253,-4.631845149381));
#5834 = CARTESIAN_POINT('',(-3.141592325377,-5.000000615398));
#5835 = ( GEOMETRIC_REPRESENTATION_CONTEXT(2) 
PARAMETRIC_REPRESENTATION_CONTEXT() REPRESENTATION_CONTEXT('2D SPACE',''
  ) );
#5836 = ORIENTED_EDGE('',*,*,#994,.F.);
#5837 = ORIENTED_EDGE('',*,*,#5838,.F.);
#5838 = EDGE_CURVE('',#5671,#995,#5839,.T.);
#5839 = SURFACE_CURVE('',#5840,(#5845,#5865),.PCURVE_S1.);
#5840 = ELLIPSE('',#5841,2.65165042945,1.875);
#5841 = AXIS2_PLACEMENT_3D('',#5842,#5843,#5844);
#5842 = CARTESIAN_POINT('',(5.,15.,5.));
#5843 = DIRECTION('',(-0.,0.707106781187,-0.707106781187));
#5844 = DIRECTION('',(0.,0.707106781187,0.707106781187));
#5845 = PCURVE('',#785,#5846);
#5846 = DEFINITIONAL_REPRESENTATION('',(#5847),#5864);
#5847 = B_SPLINE_CURVE_WITH_KNOTS('',8,(#5848,#5849,#5850,#5851,#5852,
    #5853,#5854,#5855,#5856,#5857,#5858,#5859,#5860,#5861,#5862,#5863),
  .UNSPECIFIED.,.F.,.F.,(9,7,9),(1.570796011061,3.141592497855,
    4.71238898465),.UNSPECIFIED.);
#5848 = CARTESIAN_POINT('',(-6.283185622914,-5.000000592002));
#5849 = CARTESIAN_POINT('',(-6.086836062065,-4.631845165409));
#5850 = CARTESIAN_POINT('',(-5.890486501216,-4.263689625318));
#5851 = CARTESIAN_POINT('',(-5.694136940365,-3.917163043088));
#5852 = CARTESIAN_POINT('',(-5.497787379517,-3.613890156717));
#5853 = CARTESIAN_POINT('',(-5.301437818667,-3.372841382243));
#5854 = CARTESIAN_POINT('',(-5.105088257818,-3.207614086469));
#5855 = CARTESIAN_POINT('',(-4.908738696968,-3.125000057334));
#5856 = CARTESIAN_POINT('',(-4.51603957527,-3.124999942666));
#5857 = CARTESIAN_POINT('',(-4.31969001442,-3.207613857132));
#5858 = CARTESIAN_POINT('',(-4.12334045358,-3.372841044966));
#5859 = CARTESIAN_POINT('',(-3.926990892725,-3.613889725013));
#5860 = CARTESIAN_POINT('',(-3.730641331881,-3.917162536281));
#5861 = CARTESIAN_POINT('',(-3.534291771023,-4.263689067047));
#5862 = CARTESIAN_POINT('',(-3.337942210174,-4.631844581406));
#5863 = CARTESIAN_POINT('',(-3.141592649324,-5.000000007998));
#5864 = ( GEOMETRIC_REPRESENTATION_CONTEXT(2) 
PARAMETRIC_REPRESENTATION_CONTEXT() REPRESENTATION_CONTEXT('2D SPACE',''
  ) );
#5865 = PCURVE('',#1219,#5866);
#5866 = DEFINITIONAL_REPRESENTATION('',(#5867),#5884);
#5867 = B_SPLINE_CURVE_WITH_KNOTS('',8,(#5868,#5869,#5870,#5871,#5872,
    #5873,#5874,#5875,#5876,#5877,#5878,#5879,#5880,#5881,#5882,#5883),
  .UNSPECIFIED.,.F.,.F.,(9,7,9),(1.570796011061,3.141592497855,
    4.71238898465),.UNSPECIFIED.);
#5868 = CARTESIAN_POINT('',(-6.283185622914,-4.999999407998));
#5869 = CARTESIAN_POINT('',(-6.086836062065,-5.368154834591));
#5870 = CARTESIAN_POINT('',(-5.890486501216,-5.736310374677));
#5871 = CARTESIAN_POINT('',(-5.694136940366,-6.082836956921));
#5872 = CARTESIAN_POINT('',(-5.497787379517,-6.386109843246));
#5873 = CARTESIAN_POINT('',(-5.301437818668,-6.62715861775));
#5874 = CARTESIAN_POINT('',(-5.105088257818,-6.792385913523));
#5875 = CARTESIAN_POINT('',(-4.908738696968,-6.874999942666));
#5876 = CARTESIAN_POINT('',(-4.51603957527,-6.875000057334));
#5877 = CARTESIAN_POINT('',(-4.319690014422,-6.792386142858));
#5878 = CARTESIAN_POINT('',(-4.123340453573,-6.627158955012));
#5879 = CARTESIAN_POINT('',(-3.926990892725,-6.386110274965));
#5880 = CARTESIAN_POINT('',(-3.73064133187,-6.082837463717));
#5881 = CARTESIAN_POINT('',(-3.534291771024,-5.736310932946));
#5882 = CARTESIAN_POINT('',(-3.337942210174,-5.368155418594));
#5883 = CARTESIAN_POINT('',(-3.141592649324,-4.999999992002));
#5884 = ( GEOMETRIC_REPRESENTATION_CONTEXT(2) 
PARAMETRIC_REPRESENTATION_CONTEXT() REPRESENTATION_CONTEXT('2D SPACE',''
  ) );
#5885 = ADVANCED_FACE('',(#5886),#816,.F.);
#5886 = FACE_BOUND('',#5887,.F.);
#5887 = EDGE_LOOP('',(#5888,#5982,#6003,#6004,#6005,#6097,#6261,#6443));
#5888 = ORIENTED_EDGE('',*,*,#5889,.T.);
#5889 = EDGE_CURVE('',#5890,#5892,#5894,.T.);
#5890 = VERTEX_POINT('',#5891);
#5891 = CARTESIAN_POINT('',(16.502601910021,16.502601910021,
    3.878477597192));
#5892 = VERTEX_POINT('',#5893);
#5893 = CARTESIAN_POINT('',(17.125,15.,3.125));
#5894 = SURFACE_CURVE('',#5895,(#5922,#5952),.PCURVE_S1.);
#5895 = B_SPLINE_CURVE_WITH_KNOTS('',7,(#5896,#5897,#5898,#5899,#5900,
    #5901,#5902,#5903,#5904,#5905,#5906,#5907,#5908,#5909,#5910,#5911,
    #5912,#5913,#5914,#5915,#5916,#5917,#5918,#5919,#5920,#5921),
  .UNSPECIFIED.,.F.,.F.,(8,6,6,6,8),(0.,0.112449885195,0.65830186251,
    0.78745565557,1.),.UNSPECIFIED.);
#5896 = CARTESIAN_POINT('',(16.325824614519,16.660666761134,
    4.129476646802));
#5897 = CARTESIAN_POINT('',(16.342290351984,16.647521029228,
    4.104398996733));
#5898 = CARTESIAN_POINT('',(16.358908337183,16.633941746433,
    4.079568622302));
#5899 = CARTESIAN_POINT('',(16.375654861024,16.619927384597,
    4.054980396521));
#5900 = CARTESIAN_POINT('',(16.392507797921,16.605475556421,
    4.030630267849));
#5901 = CARTESIAN_POINT('',(16.409446605795,16.590583015459,
    4.006515260187));
#5902 = CARTESIAN_POINT('',(16.426452326071,16.57524565612,
    3.982633472886));
#5903 = CARTESIAN_POINT('',(16.526296873108,16.482824883413,
    3.84418567572));
#5904 = CARTESIAN_POINT('',(16.610090096872,16.395740616564,
    3.735081568247));
#5905 = CARTESIAN_POINT('',(16.693093737874,16.297486261604,
    3.631198112099));
#5906 = CARTESIAN_POINT('',(16.773868094745,16.186983168368,
    3.533068056347));
#5907 = CARTESIAN_POINT('',(16.850446603644,16.063074139911,
    3.442019943532));
#5908 = CARTESIAN_POINT('',(16.920246402224,15.924811852669,
    3.360315386748));
#5909 = CARTESIAN_POINT('',(16.994036853001,15.735495410419,
    3.274818491488));
#5910 = CARTESIAN_POINT('',(17.007588584837,15.698442232858,
    3.259163527959));
#5911 = CARTESIAN_POINT('',(17.020519591349,15.660576424371,
    3.244265659485));
#5912 = CARTESIAN_POINT('',(17.032777243464,15.621917335563,
    3.230177456506));
#5913 = CARTESIAN_POINT('',(17.044309873329,15.58248642113,
    3.216950747862));
#5914 = CARTESIAN_POINT('',(17.055066774308,15.542307239862,
    3.204636620802));
#5915 = CARTESIAN_POINT('',(17.081342038212,15.434094670194,
    3.174605107622));
#5916 = CARTESIAN_POINT('',(17.095475790064,15.364722543136,
    3.158503813562));
#5917 = CARTESIAN_POINT('',(17.107103361809,15.293647782413,
    3.145291353266));
#5918 = CARTESIAN_POINT('',(17.115995617647,15.22124620195,
    3.135204868078));
#5919 = CARTESIAN_POINT('',(17.121991641864,15.14790618465,
    3.128409655755));
#5920 = CARTESIAN_POINT('',(17.125,15.074024146386,3.125));
#5921 = CARTESIAN_POINT('',(17.125,15.,3.125));
#5922 = PCURVE('',#816,#5923);
#5923 = DEFINITIONAL_REPRESENTATION('',(#5924),#5951);
#5924 = B_SPLINE_CURVE_WITH_KNOTS('',7,(#5925,#5926,#5927,#5928,#5929,
    #5930,#5931,#5932,#5933,#5934,#5935,#5936,#5937,#5938,#5939,#5940,
    #5941,#5942,#5943,#5944,#5945,#5946,#5947,#5948,#5949,#5950),
  .UNSPECIFIED.,.F.,.F.,(8,6,6,6,8),(0.,0.112449885195,0.65830186251,
    0.78745565557,1.),.UNSPECIFIED.);
#5925 = CARTESIAN_POINT('',(0.897050779112,19.129476646802));
#5926 = CARTESIAN_POINT('',(0.887135642703,19.104398996733));
#5927 = CARTESIAN_POINT('',(0.877037219799,19.079568622302));
#5928 = CARTESIAN_POINT('',(0.866762192107,19.054980396521));
#5929 = CARTESIAN_POINT('',(0.856316140141,19.030630267849));
#5930 = CARTESIAN_POINT('',(0.845703543222,19.006515260187));
#5931 = CARTESIAN_POINT('',(0.834927779481,18.982633472886));
#5932 = CARTESIAN_POINT('',(0.770902641164,18.84418567572));
#5933 = CARTESIAN_POINT('',(0.714126814893,18.735081568247));
#5934 = CARTESIAN_POINT('',(0.653807826637,18.631198112099));
#5935 = CARTESIAN_POINT('',(0.589703884803,18.533068056347));
#5936 = CARTESIAN_POINT('',(0.521533375463,18.442019943532));
#5937 = CARTESIAN_POINT('',(0.448982058974,18.360315386748));
#5938 = CARTESIAN_POINT('',(0.353363733581,18.274818491488));
#5939 = CARTESIAN_POINT('',(0.334801441834,18.259163527959));
#5940 = CARTESIAN_POINT('',(0.315978915159,18.244265659485));
#5941 = CARTESIAN_POINT('',(0.296902319509,18.230177456506));
#5942 = CARTESIAN_POINT('',(0.277577283807,18.216950747862));
#5943 = CARTESIAN_POINT('',(0.258008899941,18.204636620802));
#5944 = CARTESIAN_POINT('',(0.205605672851,18.174605107622));
#5945 = CARTESIAN_POINT('',(0.17231233662,18.158503813562));
#5946 = CARTESIAN_POINT('',(0.138462215098,18.145291353266));
#5947 = CARTESIAN_POINT('',(0.104184923505,18.135204868078));
#5948 = CARTESIAN_POINT('',(6.960286299973E-02,18.128409655755));
#5949 = CARTESIAN_POINT('',(3.483489241682E-02,18.125));
#5950 = CARTESIAN_POINT('',(0.,18.125));
#5951 = ( GEOMETRIC_REPRESENTATION_CONTEXT(2) 
PARAMETRIC_REPRESENTATION_CONTEXT() REPRESENTATION_CONTEXT('2D SPACE',''
  ) );
#5952 = PCURVE('',#3793,#5953);
#5953 = DEFINITIONAL_REPRESENTATION('',(#5954),#5981);
#5954 = B_SPLINE_CURVE_WITH_KNOTS('',7,(#5955,#5956,#5957,#5958,#5959,
    #5960,#5961,#5962,#5963,#5964,#5965,#5966,#5967,#5968,#5969,#5970,
    #5971,#5972,#5973,#5974,#5975,#5976,#5977,#5978,#5979,#5980),
  .UNSPECIFIED.,.F.,.F.,(8,6,6,6,8),(0.,0.112449885195,0.65830186251,
    0.78745565557,1.),.UNSPECIFIED.);
#5955 = CARTESIAN_POINT('',(-2.053616846077,-13.67417538548));
#5956 = CARTESIAN_POINT('',(-2.068717798692,-13.65770964801));
#5957 = CARTESIAN_POINT('',(-2.083809334066,-13.64109166281));
#5958 = CARTESIAN_POINT('',(-2.098899795432,-13.62434513897));
#5959 = CARTESIAN_POINT('',(-2.113997302673,-13.60749220207));
#5960 = CARTESIAN_POINT('',(-2.129109752322,-13.5905533942));
#5961 = CARTESIAN_POINT('',(-2.144244817566,-13.57354767392));
#5962 = CARTESIAN_POINT('',(-2.233024221413,-13.47370312689));
#5963 = CARTESIAN_POINT('',(-2.307207156501,-13.38990990312));
#5964 = CARTESIAN_POINT('',(-2.383033457511,-13.30690626212));
#5965 = CARTESIAN_POINT('',(-2.461283911186,-13.22613190525));
#5966 = CARTESIAN_POINT('',(-2.542672718773,-13.14955339635));
#5967 = CARTESIAN_POINT('',(-2.627812156642,-13.07975359777));
#5968 = CARTESIAN_POINT('',(-2.738599797387,-13.00596314699));
#5969 = CARTESIAN_POINT('',(-2.760046493479,-12.99241141516));
#5970 = CARTESIAN_POINT('',(-2.781737550452,-12.97948040865));
#5971 = CARTESIAN_POINT('',(-2.803669218849,-12.96722275653));
#5972 = CARTESIAN_POINT('',(-2.825838525037,-12.95569012667));
#5973 = CARTESIAN_POINT('',(-2.848243271198,-12.94493322569));
#5974 = CARTESIAN_POINT('',(-2.908137939079,-12.91865796178));
#5975 = CARTESIAN_POINT('',(-2.946085372478,-12.90452420993));
#5976 = CARTESIAN_POINT('',(-2.984580226623,-12.89289663819));
#5977 = CARTESIAN_POINT('',(-3.023494170567,-12.88400438235));
#5978 = CARTESIAN_POINT('',(-3.062709353819,-12.87800835813));
#5979 = CARTESIAN_POINT('',(-3.102113108851,-12.875));
#5980 = CARTESIAN_POINT('',(-3.14159265359,-12.875));
#5981 = ( GEOMETRIC_REPRESENTATION_CONTEXT(2) 
PARAMETRIC_REPRESENTATION_CONTEXT() REPRESENTATION_CONTEXT('2D SPACE',''
  ) );
#5982 = ORIENTED_EDGE('',*,*,#5983,.F.);
#5983 = EDGE_CURVE('',#800,#5892,#5984,.T.);
#5984 = SEAM_CURVE('',#5985,(#5989,#5996),.PCURVE_S1.);
#5985 = LINE('',#5986,#5987);
#5986 = CARTESIAN_POINT('',(17.125,15.,-15.));
#5987 = VECTOR('',#5988,1.);
#5988 = DIRECTION('',(0.,0.,1.));
#5989 = PCURVE('',#816,#5990);
#5990 = DEFINITIONAL_REPRESENTATION('',(#5991),#5995);
#5991 = LINE('',#5992,#5993);
#5992 = CARTESIAN_POINT('',(6.28318530718,-0.));
#5993 = VECTOR('',#5994,1.);
#5994 = DIRECTION('',(0.,1.));
#5995 = ( GEOMETRIC_REPRESENTATION_CONTEXT(2) 
PARAMETRIC_REPRESENTATION_CONTEXT() REPRESENTATION_CONTEXT('2D SPACE',''
  ) );
#5996 = PCURVE('',#816,#5997);
#5997 = DEFINITIONAL_REPRESENTATION('',(#5998),#6002);
#5998 = LINE('',#5999,#6000);
#5999 = CARTESIAN_POINT('',(0.,-0.));
#6000 = VECTOR('',#6001,1.);
#6001 = DIRECTION('',(0.,1.));
#6002 = ( GEOMETRIC_REPRESENTATION_CONTEXT(2) 
PARAMETRIC_REPRESENTATION_CONTEXT() REPRESENTATION_CONTEXT('2D SPACE',''
  ) );
#6003 = ORIENTED_EDGE('',*,*,#799,.T.);
#6004 = ORIENTED_EDGE('',*,*,#5983,.T.);
#6005 = ORIENTED_EDGE('',*,*,#6006,.T.);
#6006 = EDGE_CURVE('',#5892,#6007,#6009,.T.);
#6007 = VERTEX_POINT('',#6008);
#6008 = CARTESIAN_POINT('',(16.502601910021,13.497398089979,
    3.878477597192));
#6009 = SURFACE_CURVE('',#6010,(#6037,#6067),.PCURVE_S1.);
#6010 = B_SPLINE_CURVE_WITH_KNOTS('',7,(#6011,#6012,#6013,#6014,#6015,
    #6016,#6017,#6018,#6019,#6020,#6021,#6022,#6023,#6024,#6025,#6026,
    #6027,#6028,#6029,#6030,#6031,#6032,#6033,#6034,#6035,#6036),
  .UNSPECIFIED.,.F.,.F.,(8,6,6,6,8),(0.,0.212420840027,0.341230365341,
    0.885372960142,1.),.UNSPECIFIED.);
#6011 = CARTESIAN_POINT('',(17.125,15.,3.125));
#6012 = CARTESIAN_POINT('',(17.125,14.926036624414,3.125));
#6013 = CARTESIAN_POINT('',(17.121996575439,14.852211815933,
    3.128404055986));
#6014 = CARTESIAN_POINT('',(17.116009893606,14.778925505911,
    3.135188678942));
#6015 = CARTESIAN_POINT('',(17.107130863441,14.706574123168,
    3.145260152454));
#6016 = CARTESIAN_POINT('',(17.095519887719,14.635546093005,
    3.158453704464));
#6017 = CARTESIAN_POINT('',(17.081405615223,14.566217336208,
    3.174532679001));
#6018 = CARTESIAN_POINT('',(17.055186269184,14.458154678407,
    3.204499900378));
#6019 = CARTESIAN_POINT('',(17.044467655423,14.418080786556,
    3.216769975639));
#6020 = CARTESIAN_POINT('',(17.032977185263,14.378750652493,
    3.229948001074));
#6021 = CARTESIAN_POINT('',(17.020765149723,14.340187741525,
    3.243983303398));
#6022 = CARTESIAN_POINT('',(17.007882797216,14.302413424285,
    3.258824468687));
#6023 = CARTESIAN_POINT('',(16.994382333545,14.265446976728,
    3.274419342377));
#6024 = CARTESIAN_POINT('',(16.920899036714,14.076629966459,
    3.359554482908));
#6025 = CARTESIAN_POINT('',(16.851386097522,13.938645890327,
    3.440913411874));
#6026 = CARTESIAN_POINT('',(16.775094961313,13.814917836327,
    3.531600688793));
#6027 = CARTESIAN_POINT('',(16.694602140111,13.704533519648,
    3.629356241804));
#6028 = CARTESIAN_POINT('',(16.611877158086,13.606356526786,
    3.732837829231));
#6029 = CARTESIAN_POINT('',(16.528357897079,13.51931243843,
    3.841497547209));
#6030 = CARTESIAN_POINT('',(16.428416052302,13.426527519193,
    3.97987757009));
#6031 = CARTESIAN_POINT('',(16.41107704366,13.410851986508,
    4.004195132048));
#6032 = CARTESIAN_POINT('',(16.393806231314,13.395638777146,
    4.028754905066));
#6033 = CARTESIAN_POINT('',(16.376622790472,13.380882904693,
    4.053559860564));
#6034 = CARTESIAN_POINT('',(16.359548196135,13.366581056291,
    4.078613012092));
#6035 = CARTESIAN_POINT('',(16.342606501193,13.352731374453,
    4.103917495116));
#6036 = CARTESIAN_POINT('',(16.325824614519,13.339333238866,
    4.129476646802));
#6037 = PCURVE('',#816,#6038);
#6038 = DEFINITIONAL_REPRESENTATION('',(#6039),#6066);
#6039 = B_SPLINE_CURVE_WITH_KNOTS('',7,(#6040,#6041,#6042,#6043,#6044,
    #6045,#6046,#6047,#6048,#6049,#6050,#6051,#6052,#6053,#6054,#6055,
    #6056,#6057,#6058,#6059,#6060,#6061,#6062,#6063,#6064,#6065),
  .UNSPECIFIED.,.F.,.F.,(8,6,6,6,8),(0.,0.212420840027,0.341230365341,
    0.885372960142,1.),.UNSPECIFIED.);
#6040 = CARTESIAN_POINT('',(6.28318530718,18.125));
#6041 = CARTESIAN_POINT('',(6.248379012786,18.125));
#6042 = CARTESIAN_POINT('',(6.213637971313,18.128404055986));
#6043 = CARTESIAN_POINT('',(6.179081354722,18.135188678942));
#6044 = CARTESIAN_POINT('',(6.144828165343,18.145260152454));
#6045 = CARTESIAN_POINT('',(6.111000926809,18.158453704464));
#6046 = CARTESIAN_POINT('',(6.077729374988,18.174532679001));
#6047 = CARTESIAN_POINT('',(6.02540091093,18.204499900378));
#6048 = CARTESIAN_POINT('',(6.005885004865,18.216769975639));
#6049 = CARTESIAN_POINT('',(5.986610992372,18.229948001074));
#6050 = CARTESIAN_POINT('',(5.967583960711,18.243983303398));
#6051 = CARTESIAN_POINT('',(5.948809522763,18.258824468687));
#6052 = CARTESIAN_POINT('',(5.930293817018,18.274419342377));
#6053 = CARTESIAN_POINT('',(5.834946951988,18.359554482908));
#6054 = CARTESIAN_POINT('',(5.762570227716,18.440913411874));
#6055 = CARTESIAN_POINT('',(5.694541137327,18.531600688793));
#6056 = CARTESIAN_POINT('',(5.630558844456,18.629356241804));
#6057 = CARTESIAN_POINT('',(5.570350999835,18.732837829231));
#6058 = CARTESIAN_POINT('',(5.513677729699,18.841497547209));
#6059 = CARTESIAN_POINT('',(5.449502513536,18.97987757009));
#6060 = CARTESIAN_POINT('',(5.438503746847,19.004195132048));
#6061 = CARTESIAN_POINT('',(5.427674254846,19.028754905066));
#6062 = CARTESIAN_POINT('',(5.417017080949,19.053559860564));
#6063 = CARTESIAN_POINT('',(5.40653689812,19.078613012092));
#6064 = CARTESIAN_POINT('',(5.39624003934,19.103917495116));
#6065 = CARTESIAN_POINT('',(5.386134528068,19.129476646802));
#6066 = ( GEOMETRIC_REPRESENTATION_CONTEXT(2) 
PARAMETRIC_REPRESENTATION_CONTEXT() REPRESENTATION_CONTEXT('2D SPACE',''
  ) );
#6067 = PCURVE('',#3793,#6068);
#6068 = DEFINITIONAL_REPRESENTATION('',(#6069),#6096);
#6069 = B_SPLINE_CURVE_WITH_KNOTS('',7,(#6070,#6071,#6072,#6073,#6074,
    #6075,#6076,#6077,#6078,#6079,#6080,#6081,#6082,#6083,#6084,#6085,
    #6086,#6087,#6088,#6089,#6090,#6091,#6092,#6093,#6094,#6095),
  .UNSPECIFIED.,.F.,.F.,(8,6,6,6,8),(0.,0.212420840027,0.341230365341,
    0.885372960142,1.),.UNSPECIFIED.);
#6070 = CARTESIAN_POINT('',(-3.14159265359,-12.875));
#6071 = CARTESIAN_POINT('',(-3.181039787236,-12.875));
#6072 = CARTESIAN_POINT('',(-3.220413019667,-12.87800342456));
#6073 = CARTESIAN_POINT('',(-3.25959931163,-12.88399010639));
#6074 = CARTESIAN_POINT('',(-3.298485787418,-12.89286913655));
#6075 = CARTESIAN_POINT('',(-3.336954416356,-12.90448011228));
#6076 = CARTESIAN_POINT('',(-3.37487669429,-12.91859438477));
#6077 = CARTESIAN_POINT('',(-3.434685152687,-12.94481373081));
#6078 = CARTESIAN_POINT('',(-3.457029390967,-12.95553234457));
#6079 = CARTESIAN_POINT('',(-3.479139579796,-12.96702281473));
#6080 = CARTESIAN_POINT('',(-3.501013497613,-12.97923485027));
#6081 = CARTESIAN_POINT('',(-3.522648161416,-12.99211720278));
#6082 = CARTESIAN_POINT('',(-3.544039826757,-13.00561766645));
#6083 = CARTESIAN_POINT('',(-3.654505321687,-13.07910096328));
#6084 = CARTESIAN_POINT('',(-3.739428097438,-13.14861390247));
#6085 = CARTESIAN_POINT('',(-3.820629062707,-13.22490503868));
#6086 = CARTESIAN_POINT('',(-3.898703173283,-13.30539785988));
#6087 = CARTESIAN_POINT('',(-3.974348730325,-13.38812284191));
#6088 = CARTESIAN_POINT('',(-4.048335647953,-13.47164210292));
#6089 = CARTESIAN_POINT('',(-4.137193001956,-13.57158394769));
#6090 = CARTESIAN_POINT('',(-4.152620933194,-13.58892295634));
#6091 = CARTESIAN_POINT('',(-4.168024873668,-13.60619376868));
#6092 = CARTESIAN_POINT('',(-4.18341354543,-13.62337720952));
#6093 = CARTESIAN_POINT('',(-4.198795154806,-13.64045180386));
#6094 = CARTESIAN_POINT('',(-4.214177563733,-13.6573934988));
#6095 = CARTESIAN_POINT('',(-4.229568461103,-13.67417538548));
#6096 = ( GEOMETRIC_REPRESENTATION_CONTEXT(2) 
PARAMETRIC_REPRESENTATION_CONTEXT() REPRESENTATION_CONTEXT('2D SPACE',''
  ) );
#6097 = ORIENTED_EDGE('',*,*,#6098,.F.);
#6098 = EDGE_CURVE('',#6099,#6007,#6101,.T.);
#6099 = VERTEX_POINT('',#6100);
#6100 = CARTESIAN_POINT('',(13.497398089979,13.497398089979,
    3.878477597192));
#6101 = SURFACE_CURVE('',#6102,(#6153,#6207),.PCURVE_S1.);
#6102 = B_SPLINE_CURVE_WITH_KNOTS('',7,(#6103,#6104,#6105,#6106,#6107,
    #6108,#6109,#6110,#6111,#6112,#6113,#6114,#6115,#6116,#6117,#6118,
    #6119,#6120,#6121,#6122,#6123,#6124,#6125,#6126,#6127,#6128,#6129,
    #6130,#6131,#6132,#6133,#6134,#6135,#6136,#6137,#6138,#6139,#6140,
    #6141,#6142,#6143,#6144,#6145,#6146,#6147,#6148,#6149,#6150,#6151,
    #6152),.UNSPECIFIED.,.F.,.F.,(8,6,6,6,6,6,6,6,8),(0.,
    5.622491618521E-02,0.327891378594,0.393756653602,0.499997325389,
    0.6080521979,0.671864931957,0.94268977586,1.),.UNSPECIFIED.);
#6103 = CARTESIAN_POINT('',(13.339333238857,13.674175385492,
    4.129476646818));
#6104 = CARTESIAN_POINT('',(13.352478970765,13.657709648025,
    4.104398996747));
#6105 = CARTESIAN_POINT('',(13.366058253561,13.641091662824,
    4.079568622313));
#6106 = CARTESIAN_POINT('',(13.380072615398,13.624345138982,
    4.05498039653));
#6107 = CARTESIAN_POINT('',(13.394524443576,13.607492202083,
    4.030630267854));
#6108 = CARTESIAN_POINT('',(13.409416984539,13.590553394207,
    4.006515260191));
#6109 = CARTESIAN_POINT('',(13.42475434388,13.573547673929,
    3.982633472887));
#6110 = CARTESIAN_POINT('',(13.516821495861,13.474085152493,
    3.844715405229));
#6111 = CARTESIAN_POINT('',(13.603453429074,13.390685876747,3.7360924012
    ));
#6112 = CARTESIAN_POINT('',(13.701133684665,13.30807645867,
    3.632664599367));
#6113 = CARTESIAN_POINT('',(13.810916267286,13.227675418249,
    3.534944529148));
#6114 = CARTESIAN_POINT('',(13.933948609734,13.15139892022,
    3.444214400118));
#6115 = CARTESIAN_POINT('',(14.071197751077,13.08176733684,
    3.362672867678));
#6116 = CARTESIAN_POINT('',(14.260041192355,13.00760109852,
    3.276710904398));
#6117 = CARTESIAN_POINT('',(14.297756154777,12.99371344491,
    3.260663742611));
#6118 = CARTESIAN_POINT('',(14.336317737096,12.980467542055,
    3.24540027693));
#6119 = CARTESIAN_POINT('',(14.37570585849,12.967919150883,3.23097617033
    ));
#6120 = CARTESIAN_POINT('',(14.415898164569,12.956123041808,3.2174463382
    ));
#6121 = CARTESIAN_POINT('',(14.456870027378,12.945132994725,
    3.20486494834));
#6122 = CARTESIAN_POINT('',(14.565896182317,12.918660182906,
    3.174607646265));
#6123 = CARTESIAN_POINT('',(14.635268033668,12.90452575274,
    3.158505575238));
#6124 = CARTESIAN_POINT('',(14.706347975174,12.892896744037,
    3.145291472831));
#6125 = CARTESIAN_POINT('',(14.778756643514,12.884003593895,
    3.135203967106));
#6126 = CARTESIAN_POINT('',(14.852102065341,12.878007670058,
    3.128408870322));
#6127 = CARTESIAN_POINT('',(14.925984286291,12.875,3.125));
#6128 = CARTESIAN_POINT('',(15.075279630429,12.875,3.125));
#6129 = CARTESIAN_POINT('',(15.150413505823,12.878111269174,
    3.128526296443));
#6130 = CARTESIAN_POINT('',(15.22498128028,12.884312228968,
    3.135553738373));
#6131 = CARTESIAN_POINT('',(15.298566379267,12.893505694404,
    3.145982199143));
#6132 = CARTESIAN_POINT('',(15.370760921977,12.905520259098,
    3.15963567019));
#6133 = CARTESIAN_POINT('',(15.44117064369,12.920111680275,
    3.176261354816));
#6134 = CARTESIAN_POINT('',(15.54972495493,12.946916701884,
    3.206907294925));
#6135 = CARTESIAN_POINT('',(15.589318962814,12.957668259729,
    3.219219060545));
#6136 = CARTESIAN_POINT('',(15.628177999011,12.969170820687,
    3.232415398966));
#6137 = CARTESIAN_POINT('',(15.666280219436,12.981375452029,
    3.246447053737));
#6138 = CARTESIAN_POINT('',(15.703605778693,12.994232404933,
    3.261264171808));
#6139 = CARTESIAN_POINT('',(15.740136830073,13.00769111448,
    3.276816303533));
#6140 = CARTESIAN_POINT('',(15.927458172703,13.081155547602,
    3.361959323509));
#6141 = CARTESIAN_POINT('',(16.064405931964,13.150502778593,
    3.443158798411));
#6142 = CARTESIAN_POINT('',(16.187218826854,13.226476369849,
    3.533510870267));
#6143 = CARTESIAN_POINT('',(16.296852110078,13.306573585493,
    3.630830301383));
#6144 = CARTESIAN_POINT('',(16.394441598297,13.388890078779,
    3.733837238276));
#6145 = CARTESIAN_POINT('',(16.481034289771,13.472015575855,
    3.842014659867));
#6146 = CARTESIAN_POINT('',(16.573472480815,13.571583947707,
    3.979877570103));
#6147 = CARTESIAN_POINT('',(16.589148013501,13.588922956349,
    4.004195132061));
#6148 = CARTESIAN_POINT('',(16.604361222863,13.606193768696,
    4.02875490508));
#6149 = CARTESIAN_POINT('',(16.619117095316,13.623377209538,
    4.053559860579));
#6150 = CARTESIAN_POINT('',(16.633418943718,13.640451803876,
    4.078613012107));
#6151 = CARTESIAN_POINT('',(16.647268625556,13.657393498818,
    4.103917495132));
#6152 = CARTESIAN_POINT('',(16.660666761143,13.674175385492,
    4.129476646818));
#6153 = PCURVE('',#816,#6154);
#6154 = DEFINITIONAL_REPRESENTATION('',(#6155),#6206);
#6155 = B_SPLINE_CURVE_WITH_KNOTS('',7,(#6156,#6157,#6158,#6159,#6160,
    #6161,#6162,#6163,#6164,#6165,#6166,#6167,#6168,#6169,#6170,#6171,
    #6172,#6173,#6174,#6175,#6176,#6177,#6178,#6179,#6180,#6181,#6182,
    #6183,#6184,#6185,#6186,#6187,#6188,#6189,#6190,#6191,#6192,#6193,
    #6194,#6195,#6196,#6197,#6198,#6199,#6200,#6201,#6202,#6203,#6204,
    #6205),.UNSPECIFIED.,.F.,.F.,(8,6,6,6,6,6,6,6,8),(0.,
    5.622491618521E-02,0.327891378594,0.393756653602,0.499997325389,
    0.6080521979,0.671864931957,0.94268977586,1.),.UNSPECIFIED.);
#6156 = CARTESIAN_POINT('',(3.815338201266,19.129476646818));
#6157 = CARTESIAN_POINT('',(3.825253337676,19.104398996747));
#6158 = CARTESIAN_POINT('',(3.835351760581,19.079568622313));
#6159 = CARTESIAN_POINT('',(3.845626788274,19.05498039653));
#6160 = CARTESIAN_POINT('',(3.856072840242,19.030630267854));
#6161 = CARTESIAN_POINT('',(3.866685437161,19.006515260191));
#6162 = CARTESIAN_POINT('',(3.877461200904,18.982633472887));
#6163 = CARTESIAN_POINT('',(3.941241365983,18.844715405229));
#6164 = CARTESIAN_POINT('',(3.997736551738,18.7360924012));
#6165 = CARTESIAN_POINT('',(4.057732478966,18.632664599367));
#6166 = CARTESIAN_POINT('',(4.121464268505,18.534944529148));
#6167 = CARTESIAN_POINT('',(4.189216586209,18.444214400118));
#6168 = CARTESIAN_POINT('',(4.261312890493,18.362672867678));
#6169 = CARTESIAN_POINT('',(4.356788362046,18.276710904398));
#6170 = CARTESIAN_POINT('',(4.375697249873,18.260663742611));
#6171 = CARTESIAN_POINT('',(4.394877144991,18.24540027693));
#6172 = CARTESIAN_POINT('',(4.414321637935,18.23097617033));
#6173 = CARTESIAN_POINT('',(4.434024895812,18.2174463382));
#6174 = CARTESIAN_POINT('',(4.453981662295,18.20486494834));
#6175 = CARTESIAN_POINT('',(4.506778877753,18.174607646265));
#6176 = CARTESIAN_POINT('',(4.540072166193,18.158505575238));
#6177 = CARTESIAN_POINT('',(4.57392479109,18.145291472831));
#6178 = CARTESIAN_POINT('',(4.608205417952,18.135203967106));
#6179 = CARTESIAN_POINT('',(4.642789997962,18.128408870322));
#6180 = CARTESIAN_POINT('',(4.677558056286,18.125));
#6181 = CARTESIAN_POINT('',(4.747814688822,18.125));
#6182 = CARTESIAN_POINT('',(4.783171756882,18.128526296443));
#6183 = CARTESIAN_POINT('',(4.818335166487,18.135553738373));
#6184 = CARTESIAN_POINT('',(4.853180054779,18.145982199143));
#6185 = CARTESIAN_POINT('',(4.887577728546,18.15963567019));
#6186 = CARTESIAN_POINT('',(4.921391678641,18.176261354816));
#6187 = CARTESIAN_POINT('',(4.974010404208,18.206907294925));
#6188 = CARTESIAN_POINT('',(4.993312472035,18.219219060545));
#6189 = CARTESIAN_POINT('',(5.012375661745,18.232415398966));
#6190 = CARTESIAN_POINT('',(5.031195334404,18.246447053737));
#6191 = CARTESIAN_POINT('',(5.049766348284,18.261264171808));
#6192 = CARTESIAN_POINT('',(5.068083058865,18.276816303533));
#6193 = CARTESIAN_POINT('',(5.162771104932,18.361959323509));
#6194 = CARTESIAN_POINT('',(5.234683189861,18.443158798411));
#6195 = CARTESIAN_POINT('',(5.302275304799,18.533510870267));
#6196 = CARTESIAN_POINT('',(5.365867878632,18.630830301383));
#6197 = CARTESIAN_POINT('',(5.425743425879,18.733837238276));
#6198 = CARTESIAN_POINT('',(5.482136374394,18.842014659867));
#6199 = CARTESIAN_POINT('',(5.546071774034,18.979877570103));
#6200 = CARTESIAN_POINT('',(5.557070540724,19.004195132061));
#6201 = CARTESIAN_POINT('',(5.567900032724,19.02875490508));
#6202 = CARTESIAN_POINT('',(5.578557206622,19.053559860579));
#6203 = CARTESIAN_POINT('',(5.589037389451,19.078613012107));
#6204 = CARTESIAN_POINT('',(5.599334248231,19.103917495132));
#6205 = CARTESIAN_POINT('',(5.609439759503,19.129476646818));
#6206 = ( GEOMETRIC_REPRESENTATION_CONTEXT(2) 
PARAMETRIC_REPRESENTATION_CONTEXT() REPRESENTATION_CONTEXT('2D SPACE',''
  ) );
#6207 = PCURVE('',#2900,#6208);
#6208 = DEFINITIONAL_REPRESENTATION('',(#6209),#6260);
#6209 = B_SPLINE_CURVE_WITH_KNOTS('',7,(#6210,#6211,#6212,#6213,#6214,
    #6215,#6216,#6217,#6218,#6219,#6220,#6221,#6222,#6223,#6224,#6225,
    #6226,#6227,#6228,#6229,#6230,#6231,#6232,#6233,#6234,#6235,#6236,
    #6237,#6238,#6239,#6240,#6241,#6242,#6243,#6244,#6245,#6246,#6247,
    #6248,#6249,#6250,#6251,#6252,#6253,#6254,#6255,#6256,#6257,#6258,
    #6259),.UNSPECIFIED.,.F.,.F.,(8,6,6,6,6,6,6,6,8),(0.,
    5.622491618521E-02,0.327891378594,0.393756653602,0.499997325389,
    0.6080521979,0.671864931957,0.94268977586,1.),.UNSPECIFIED.);
#6210 = CARTESIAN_POINT('',(-3.624413172862,-6.325824614508));
#6211 = CARTESIAN_POINT('',(-3.639514125478,-6.342290351975));
#6212 = CARTESIAN_POINT('',(-3.654605660854,-6.358908337176));
#6213 = CARTESIAN_POINT('',(-3.669696122222,-6.375654861018));
#6214 = CARTESIAN_POINT('',(-3.684793629464,-6.392507797917));
#6215 = CARTESIAN_POINT('',(-3.699906079115,-6.409446605793));
#6216 = CARTESIAN_POINT('',(-3.715041144361,-6.426452326071));
#6217 = CARTESIAN_POINT('',(-3.803480860102,-6.525914847507));
#6218 = CARTESIAN_POINT('',(-3.877316444879,-6.609314123253));
#6219 = CARTESIAN_POINT('',(-3.952761669435,-6.69192354133));
#6220 = CARTESIAN_POINT('',(-4.030588859834,-6.772324581751));
#6221 = CARTESIAN_POINT('',(-4.111511827871,-6.84860107978));
#6222 = CARTESIAN_POINT('',(-4.196150997523,-6.91823266316));
#6223 = CARTESIAN_POINT('',(-4.306811308274,-6.99239890148));
#6224 = CARTESIAN_POINT('',(-4.328664243732,-7.00628655509));
#6225 = CARTESIAN_POINT('',(-4.350771417852,-7.019532457945));
#6226 = CARTESIAN_POINT('',(-4.373128999739,-7.032080849117));
#6227 = CARTESIAN_POINT('',(-4.395733990437,-7.043876958192));
#6228 = CARTESIAN_POINT('',(-4.418584222932,-7.054867005275));
#6229 = CARTESIAN_POINT('',(-4.478929202823,-7.081339817094));
#6230 = CARTESIAN_POINT('',(-4.516876606553,-7.09547424726));
#6231 = CARTESIAN_POINT('',(-4.555374321434,-7.107103255963));
#6232 = CARTESIAN_POINT('',(-4.59429204933,-7.115996406105));
#6233 = CARTESIAN_POINT('',(-4.63351008131,-7.121992329942));
#6234 = CARTESIAN_POINT('',(-4.672913933073,-7.125));
#6235 = CARTESIAN_POINT('',(-4.752538116613,-7.125));
#6236 = CARTESIAN_POINT('',(-4.792609518142,-7.121888730826));
#6237 = CARTESIAN_POINT('',(-4.832484706306,-7.115687771032));
#6238 = CARTESIAN_POINT('',(-4.87204535669,-7.106494305596));
#6239 = CARTESIAN_POINT('',(-4.911167540708,-7.094479740902));
#6240 = CARTESIAN_POINT('',(-4.949715967181,-7.079888319725));
#6241 = CARTESIAN_POINT('',(-5.009874482846,-7.053083298116));
#6242 = CARTESIAN_POINT('',(-5.031980970459,-7.042331740271));
#6243 = CARTESIAN_POINT('',(-5.053856587273,-7.030829179313));
#6244 = CARTESIAN_POINT('',(-5.075499509379,-7.018624547971));
#6245 = CARTESIAN_POINT('',(-5.096907188449,-7.005767595067));
#6246 = CARTESIAN_POINT('',(-5.118076351731,-6.99230888552));
#6247 = CARTESIAN_POINT('',(-5.227816886779,-6.918844452398));
#6248 = CARTESIAN_POINT('',(-5.312229065832,-6.849497221407));
#6249 = CARTESIAN_POINT('',(-5.392942847494,-6.773523630151));
#6250 = CARTESIAN_POINT('',(-5.470572718402,-6.693426414507));
#6251 = CARTESIAN_POINT('',(-5.545824830364,-6.611109921221));
#6252 = CARTESIAN_POINT('',(-5.619464026019,-6.527984424145));
#6253 = CARTESIAN_POINT('',(-5.707989328759,-6.428416052293));
#6254 = CARTESIAN_POINT('',(-5.723417259998,-6.411077043651));
#6255 = CARTESIAN_POINT('',(-5.738821200472,-6.393806231304));
#6256 = CARTESIAN_POINT('',(-5.754209872234,-6.376622790462));
#6257 = CARTESIAN_POINT('',(-5.769591481611,-6.359548196124));
#6258 = CARTESIAN_POINT('',(-5.784973890538,-6.342606501182));
#6259 = CARTESIAN_POINT('',(-5.800364787908,-6.325824614508));
#6260 = ( GEOMETRIC_REPRESENTATION_CONTEXT(2) 
PARAMETRIC_REPRESENTATION_CONTEXT() REPRESENTATION_CONTEXT('2D SPACE',''
  ) );
#6261 = ORIENTED_EDGE('',*,*,#6262,.F.);
#6262 = EDGE_CURVE('',#6263,#6099,#6265,.T.);
#6263 = VERTEX_POINT('',#6264);
#6264 = CARTESIAN_POINT('',(13.497398089979,16.502601910021,
    3.878477597192));
#6265 = SURFACE_CURVE('',#6266,(#6323,#6383),.PCURVE_S1.);
#6266 = B_SPLINE_CURVE_WITH_KNOTS('',7,(#6267,#6268,#6269,#6270,#6271,
    #6272,#6273,#6274,#6275,#6276,#6277,#6278,#6279,#6280,#6281,#6282,
    #6283,#6284,#6285,#6286,#6287,#6288,#6289,#6290,#6291,#6292,#6293,
    #6294,#6295,#6296,#6297,#6298,#6299,#6300,#6301,#6302,#6303,#6304,
    #6305,#6306,#6307,#6308,#6309,#6310,#6311,#6312,#6313,#6314,#6315,
    #6316,#6317,#6318,#6319,#6320,#6321,#6322),.UNSPECIFIED.,.F.,.F.,(8,
    6,6,6,6,6,6,6,6,8),(0.,5.62159132957E-02,0.329098072014,
    0.393664620447,0.429927627818,0.573298437308,0.606248447747,
    0.670646972331,0.942692011525,1.),.UNSPECIFIED.);
#6267 = CARTESIAN_POINT('',(13.674175385519,16.660666761165,
    4.129476646859));
#6268 = CARTESIAN_POINT('',(13.657709648048,16.647521029254,
    4.104398996781));
#6269 = CARTESIAN_POINT('',(13.641091662843,16.633941746455,
    4.079568622341));
#6270 = CARTESIAN_POINT('',(13.624345138996,16.619927384614,
    4.054980396551));
#6271 = CARTESIAN_POINT('',(13.607492202093,16.605475556433,
    4.030630267869));
#6272 = CARTESIAN_POINT('',(13.590553394213,16.590583015466,
    4.006515260198));
#6273 = CARTESIAN_POINT('',(13.57354767393,16.575245656122,
    3.982633472889));
#6274 = CARTESIAN_POINT('',(13.473703126882,16.482824883404,
    3.844185675706));
#6275 = CARTESIAN_POINT('',(13.389909903113,16.395740616548,
    3.735081568228));
#6276 = CARTESIAN_POINT('',(13.306906262105,16.297486261579,
    3.631198112074));
#6277 = CARTESIAN_POINT('',(13.22613190523,16.186983168334,
    3.533068056318));
#6278 = CARTESIAN_POINT('',(13.149553396328,16.063074139865,
    3.442019943498));
#6279 = CARTESIAN_POINT('',(13.079753597745,15.924811852609,
    3.360315386712));
#6280 = CARTESIAN_POINT('',(13.005963142053,15.735495397724,
    3.274818485757));
#6281 = CARTESIAN_POINT('',(12.992411414127,15.698442232715,
    3.259163526732));
#6282 = CARTESIAN_POINT('',(12.979480411945,15.660576436163,
    3.244265663266));
#6283 = CARTESIAN_POINT('',(12.967222760266,15.621917346091,
    3.230177460816));
#6284 = CARTESIAN_POINT('',(12.955690126725,15.582486417824,
    3.216950747959));
#6285 = CARTESIAN_POINT('',(12.944933221835,15.542307223988,
    3.204636616393));
#6286 = CARTESIAN_POINT('',(12.929423937559,15.478433479015,3.1869101617
    ));
#6287 = CARTESIAN_POINT('',(12.924107728517,15.455239160839,
    3.180840119835));
#6288 = CARTESIAN_POINT('',(12.919062701427,15.43183039248,
    3.175085044475));
#6289 = CARTESIAN_POINT('',(12.914298041319,15.408216424266,
    3.169654357482));
#6290 = CARTESIAN_POINT('',(12.909822588685,15.384407864359,
    3.16455715344));
#6291 = CARTESIAN_POINT('',(12.905644839478,15.360416678746,
    3.15980219966));
#6292 = CARTESIAN_POINT('',(12.886464875838,15.240734366066,
    3.137985072048));
#6293 = CARTESIAN_POINT('',(12.875908376558,15.14239139474,
    3.126020663671));
#6294 = CARTESIAN_POINT('',(12.870677757582,15.042352378747,
    3.120107537638));
#6295 = CARTESIAN_POINT('',(12.871057401754,14.941787164658,
    3.120536769278));
#6296 = CARTESIAN_POINT('',(12.87703398734,14.841879639083,
    3.127294727736));
#6297 = CARTESIAN_POINT('',(12.888296767225,14.743797147239,
    3.140063030143));
#6298 = CARTESIAN_POINT('',(12.907911394213,14.626795271693,
    3.162382331583));
#6299 = CARTESIAN_POINT('',(12.911826312393,14.605075063611,
    3.166839586437));
#6300 = CARTESIAN_POINT('',(12.915984420607,14.583509035014,
    3.171576716569));
#6301 = CARTESIAN_POINT('',(12.920379261078,14.56210588345,
    3.176587062689));
#6302 = CARTESIAN_POINT('',(12.925004156616,14.540873379908,
    3.181863759098));
#6303 = CARTESIAN_POINT('',(12.929852210622,14.519818368819,
    3.187399733686));
#6304 = CARTESIAN_POINT('',(12.94481373461,14.45815466277,3.204499904714
    ));
#6305 = CARTESIAN_POINT('',(12.955532344502,14.41808078336,
    3.216769975518));
#6306 = CARTESIAN_POINT('',(12.96702281102,14.378750663006,
    3.229947996779));
#6307 = CARTESIAN_POINT('',(12.979234846985,14.3401877533,3.243983299619
    ));
#6308 = CARTESIAN_POINT('',(12.992117203772,14.302413424243,
    3.258824469858));
#6309 = CARTESIAN_POINT('',(13.005617671314,14.265446964242,
    3.274419348007));
#6310 = CARTESIAN_POINT('',(13.079100963294,14.07662996644,
    3.359554482918));
#6311 = CARTESIAN_POINT('',(13.14861390249,13.938645890304,
    3.440913411889));
#6312 = CARTESIAN_POINT('',(13.224905038703,13.814917836301,
    3.531600688813));
#6313 = CARTESIAN_POINT('',(13.30539785991,13.704533519621,
    3.629356241829));
#6314 = CARTESIAN_POINT('',(13.388122841938,13.606356526758,
    3.732837829261));
#6315 = CARTESIAN_POINT('',(13.471642102949,13.519312438401,
    3.841497547245));
#6316 = CARTESIAN_POINT('',(13.571583947729,13.426527519165,
    3.979877570135));
#6317 = CARTESIAN_POINT('',(13.588922956373,13.410851986478,
    4.004195132094));
#6318 = CARTESIAN_POINT('',(13.60619376872,13.395638777116,
    4.028754905115));
#6319 = CARTESIAN_POINT('',(13.623377209563,13.380882904663,
    4.053559860615));
#6320 = CARTESIAN_POINT('',(13.640451803901,13.366581056261,
    4.078613012145));
#6321 = CARTESIAN_POINT('',(13.657393498845,13.352731374422,
    4.103917495172));
#6322 = CARTESIAN_POINT('',(13.674175385519,13.339333238835,
    4.129476646859));
#6323 = PCURVE('',#816,#6324);
#6324 = DEFINITIONAL_REPRESENTATION('',(#6325),#6382);
#6325 = B_SPLINE_CURVE_WITH_KNOTS('',7,(#6326,#6327,#6328,#6329,#6330,
    #6331,#6332,#6333,#6334,#6335,#6336,#6337,#6338,#6339,#6340,#6341,
    #6342,#6343,#6344,#6345,#6346,#6347,#6348,#6349,#6350,#6351,#6352,
    #6353,#6354,#6355,#6356,#6357,#6358,#6359,#6360,#6361,#6362,#6363,
    #6364,#6365,#6366,#6367,#6368,#6369,#6370,#6371,#6372,#6373,#6374,
    #6375,#6376,#6377,#6378,#6379,#6380,#6381),.UNSPECIFIED.,.F.,.F.,(8,
    6,6,6,6,6,6,6,6,8),(0.,5.62159132957E-02,0.329098072014,
    0.393664620447,0.429927627818,0.573298437308,0.606248447747,
    0.670646972331,0.942692011525,1.),.UNSPECIFIED.);
#6326 = CARTESIAN_POINT('',(2.244541874455,19.129476646859));
#6327 = CARTESIAN_POINT('',(2.254457010867,19.104398996781));
#6328 = CARTESIAN_POINT('',(2.264555433774,19.079568622341));
#6329 = CARTESIAN_POINT('',(2.27483046147,19.054980396551));
#6330 = CARTESIAN_POINT('',(2.28527651344,19.030630267869));
#6331 = CARTESIAN_POINT('',(2.295889110363,19.006515260198));
#6332 = CARTESIAN_POINT('',(2.306664874108,18.982633472889));
#6333 = CARTESIAN_POINT('',(2.370690012432,18.844185675706));
#6334 = CARTESIAN_POINT('',(2.427465838707,18.735081568228));
#6335 = CARTESIAN_POINT('',(2.487784826967,18.631198112074));
#6336 = CARTESIAN_POINT('',(2.551888768806,18.533068056318));
#6337 = CARTESIAN_POINT('',(2.620059278152,18.442019943498));
#6338 = CARTESIAN_POINT('',(2.692610594647,18.360315386712));
#6339 = CARTESIAN_POINT('',(2.78822892642,18.274818485757));
#6340 = CARTESIAN_POINT('',(2.806791211968,18.259163526732));
#6341 = CARTESIAN_POINT('',(2.825613732662,18.244265663266));
#6342 = CARTESIAN_POINT('',(2.844690328818,18.230177460816));
#6343 = CARTESIAN_POINT('',(2.864015371264,18.216950747959));
#6344 = CARTESIAN_POINT('',(2.883583761336,18.204636616393));
#6345 = CARTESIAN_POINT('',(2.914515383911,18.1869101617));
#6346 = CARTESIAN_POINT('',(2.925712452822,18.180840119835));
#6347 = CARTESIAN_POINT('',(2.936979737744,18.175085044475));
#6348 = CARTESIAN_POINT('',(2.948314367066,18.169654357482));
#6349 = CARTESIAN_POINT('',(2.959712997436,18.16455715344));
#6350 = CARTESIAN_POINT('',(2.971171813764,18.15980219966));
#6351 = CARTESIAN_POINT('',(3.028211547572,18.137985072048));
#6352 = CARTESIAN_POINT('',(3.07469366571,18.126020663671));
#6353 = CARTESIAN_POINT('',(3.121721128744,18.120107537638));
#6354 = CARTESIAN_POINT('',(3.168913205155,18.120536769278));
#6355 = CARTESIAN_POINT('',(3.2158990472,18.127294727736));
#6356 = CARTESIAN_POINT('',(3.262296635007,18.140063030143));
#6357 = CARTESIAN_POINT('',(3.318124690308,18.162382331583));
#6358 = CARTESIAN_POINT('',(3.328509889152,18.166839586437));
#6359 = CARTESIAN_POINT('',(3.338844314085,18.171576716569));
#6360 = CARTESIAN_POINT('',(3.349125200394,18.176587062689));
#6361 = CARTESIAN_POINT('',(3.359350105462,18.181863759098));
#6362 = CARTESIAN_POINT('',(3.369516908759,18.187399733686));
#6363 = CARTESIAN_POINT('',(3.399377057411,18.204499904714));
#6364 = CARTESIAN_POINT('',(3.418892957333,18.216769975518));
#6365 = CARTESIAN_POINT('',(3.438166963144,18.229947996779));
#6366 = CARTESIAN_POINT('',(3.457193994297,18.243983299619));
#6367 = CARTESIAN_POINT('',(3.475968438167,18.258824469858));
#6368 = CARTESIAN_POINT('',(3.494484150056,18.274419348007));
#6369 = CARTESIAN_POINT('',(3.589831008791,18.359554482918));
#6370 = CARTESIAN_POINT('',(3.662207733066,18.440913411889));
#6371 = CARTESIAN_POINT('',(3.730236823456,18.531600688813));
#6372 = CARTESIAN_POINT('',(3.794219116329,18.629356241829));
#6373 = CARTESIAN_POINT('',(3.854426960952,18.732837829261));
#6374 = CARTESIAN_POINT('',(3.911100231089,18.841497547245));
#6375 = CARTESIAN_POINT('',(3.975275447254,18.979877570135));
#6376 = CARTESIAN_POINT('',(3.986274213943,19.004195132094));
#6377 = CARTESIAN_POINT('',(3.997103705944,19.028754905115));
#6378 = CARTESIAN_POINT('',(4.007760879842,19.053559860615));
#6379 = CARTESIAN_POINT('',(4.018241062672,19.078613012145));
#6380 = CARTESIAN_POINT('',(4.028537921452,19.103917495172));
#6381 = CARTESIAN_POINT('',(4.038643432725,19.129476646859));
#6382 = ( GEOMETRIC_REPRESENTATION_CONTEXT(2) 
PARAMETRIC_REPRESENTATION_CONTEXT() REPRESENTATION_CONTEXT('2D SPACE',''
  ) );
#6383 = PCURVE('',#3507,#6384);
#6384 = DEFINITIONAL_REPRESENTATION('',(#6385),#6442);
#6385 = B_SPLINE_CURVE_WITH_KNOTS('',7,(#6386,#6387,#6388,#6389,#6390,
    #6391,#6392,#6393,#6394,#6395,#6396,#6397,#6398,#6399,#6400,#6401,
    #6402,#6403,#6404,#6405,#6406,#6407,#6408,#6409,#6410,#6411,#6412,
    #6413,#6414,#6415,#6416,#6417,#6418,#6419,#6420,#6421,#6422,#6423,
    #6424,#6425,#6426,#6427,#6428,#6429,#6430,#6431,#6432,#6433,#6434,
    #6435,#6436,#6437,#6438,#6439,#6440,#6441),.UNSPECIFIED.,.F.,.F.,(8,
    6,6,6,6,6,6,6,6,8),(0.,5.62159132957E-02,0.329098072014,
    0.393664620447,0.429927627818,0.573298437308,0.606248447747,
    0.670646972331,0.942692011525,1.),.UNSPECIFIED.);
#6386 = CARTESIAN_POINT('',(-2.053616846042,-16.32582461448));
#6387 = CARTESIAN_POINT('',(-2.068717798662,-16.34229035195));
#6388 = CARTESIAN_POINT('',(-2.083809334043,-16.35890833715));
#6389 = CARTESIAN_POINT('',(-2.098899795414,-16.375654861));
#6390 = CARTESIAN_POINT('',(-2.11399730266,-16.3925077979));
#6391 = CARTESIAN_POINT('',(-2.129109752315,-16.40944660578));
#6392 = CARTESIAN_POINT('',(-2.144244817565,-16.42645232607));
#6393 = CARTESIAN_POINT('',(-2.233024221422,-16.52629687311));
#6394 = CARTESIAN_POINT('',(-2.307207156514,-16.61009009688));
#6395 = CARTESIAN_POINT('',(-2.383033457529,-16.69309373789));
#6396 = CARTESIAN_POINT('',(-2.46128391121,-16.77386809477));
#6397 = CARTESIAN_POINT('',(-2.542672718803,-16.85044660367));
#6398 = CARTESIAN_POINT('',(-2.627812156679,-16.92024640225));
#6399 = CARTESIAN_POINT('',(-2.738599804816,-16.99403685794));
#6400 = CARTESIAN_POINT('',(-2.760046493776,-17.00758858587));
#6401 = CARTESIAN_POINT('',(-2.781737543836,-17.02051958805));
#6402 = CARTESIAN_POINT('',(-2.803669212773,-17.03277723973));
#6403 = CARTESIAN_POINT('',(-2.825838526683,-17.04430987327));
#6404 = CARTESIAN_POINT('',(-2.848243279984,-17.05506677816));
#6405 = CARTESIAN_POINT('',(-2.883596813804,-17.07057606244));
#6406 = CARTESIAN_POINT('',(-2.896382314927,-17.07589227148));
#6407 = CARTESIAN_POINT('',(-2.90923647414,-17.08093729857));
#6408 = CARTESIAN_POINT('',(-2.922156716553,-17.08570195868));
#6409 = CARTESIAN_POINT('',(-2.935139957027,-17.09017741131));
#6410 = CARTESIAN_POINT('',(-2.948182600176,-17.09435516052));
#6411 = CARTESIAN_POINT('',(-3.013065056412,-17.11353512416));
#6412 = CARTESIAN_POINT('',(-3.065808670577,-17.12409162344));
#6413 = CARTESIAN_POINT('',(-3.119090190449,-17.12932224241));
#6414 = CARTESIAN_POINT('',(-3.172532676591,-17.12894259824));
#6415 = CARTESIAN_POINT('',(-3.2257733493,-17.12296601266));
#6416 = CARTESIAN_POINT('',(-3.278433472223,-17.11170323277));
#6417 = CARTESIAN_POINT('',(-3.341959696599,-17.09208860578));
#6418 = CARTESIAN_POINT('',(-3.353784059225,-17.0881736876));
#6419 = CARTESIAN_POINT('',(-3.365558359837,-17.08401557939));
#6420 = CARTESIAN_POINT('',(-3.377280006157,-17.07962073892));
#6421 = CARTESIAN_POINT('',(-3.388946754472,-17.07499584338));
#6422 = CARTESIAN_POINT('',(-3.400556709637,-17.07014778937));
#6423 = CARTESIAN_POINT('',(-3.434685161341,-17.05518626539));
#6424 = CARTESIAN_POINT('',(-3.457029392555,-17.04446765549));
#6425 = CARTESIAN_POINT('',(-3.479139573729,-17.03297718898));
#6426 = CARTESIAN_POINT('',(-3.501013491006,-17.02076515301));
#6427 = CARTESIAN_POINT('',(-3.522648161652,-17.00788279622));
#6428 = CARTESIAN_POINT('',(-3.544039834062,-16.99438232868));
#6429 = CARTESIAN_POINT('',(-3.654505321698,-16.9208990367));
#6430 = CARTESIAN_POINT('',(-3.739428097453,-16.85138609751));
#6431 = CARTESIAN_POINT('',(-3.820629062723,-16.77509496129));
#6432 = CARTESIAN_POINT('',(-3.898703173303,-16.69460214009));
#6433 = CARTESIAN_POINT('',(-3.974348730347,-16.61187715806));
#6434 = CARTESIAN_POINT('',(-4.048335647977,-16.52835789705));
#6435 = CARTESIAN_POINT('',(-4.137193001984,-16.42841605227));
#6436 = CARTESIAN_POINT('',(-4.152620933224,-16.41107704362));
#6437 = CARTESIAN_POINT('',(-4.168024873698,-16.39380623128));
#6438 = CARTESIAN_POINT('',(-4.183413545462,-16.37662279043));
#6439 = CARTESIAN_POINT('',(-4.198795154839,-16.35954819609));
#6440 = CARTESIAN_POINT('',(-4.214177563767,-16.34260650115));
#6441 = CARTESIAN_POINT('',(-4.229568461137,-16.32582461448));
#6442 = ( GEOMETRIC_REPRESENTATION_CONTEXT(2) 
PARAMETRIC_REPRESENTATION_CONTEXT() REPRESENTATION_CONTEXT('2D SPACE',''
  ) );
#6443 = ORIENTED_EDGE('',*,*,#6444,.T.);
#6444 = EDGE_CURVE('',#6263,#5890,#6445,.T.);
#6445 = SURFACE_CURVE('',#6446,(#6497,#6551),.PCURVE_S1.);
#6446 = B_SPLINE_CURVE_WITH_KNOTS('',7,(#6447,#6448,#6449,#6450,#6451,
    #6452,#6453,#6454,#6455,#6456,#6457,#6458,#6459,#6460,#6461,#6462,
    #6463,#6464,#6465,#6466,#6467,#6468,#6469,#6470,#6471,#6472,#6473,
    #6474,#6475,#6476,#6477,#6478,#6479,#6480,#6481,#6482,#6483,#6484,
    #6485,#6486,#6487,#6488,#6489,#6490,#6491,#6492,#6493,#6494,#6495,
    #6496),.UNSPECIFIED.,.F.,.F.,(8,6,6,6,6,6,6,6,8),(0.,
    5.622493035274E-02,0.327891461235,0.393756752846,0.499997451435,
    0.608052351228,0.671865078006,0.942689801368,1.),.UNSPECIFIED.);
#6447 = CARTESIAN_POINT('',(13.339333238864,16.325824614517,
    4.129476646805));
#6448 = CARTESIAN_POINT('',(13.352478970771,16.342290351982,
    4.104398996736));
#6449 = CARTESIAN_POINT('',(13.366058253566,16.358908337182,
    4.079568622304));
#6450 = CARTESIAN_POINT('',(13.380072615402,16.375654861023,
    4.054980396523));
#6451 = CARTESIAN_POINT('',(13.394524443579,16.392507797921,
    4.03063026785));
#6452 = CARTESIAN_POINT('',(13.409416984541,16.409446605794,
    4.006515260188));
#6453 = CARTESIAN_POINT('',(13.42475434388,16.426452326071,
    3.982633472887));
#6454 = CARTESIAN_POINT('',(13.516821495858,16.525914847505,
    3.844715405232));
#6455 = CARTESIAN_POINT('',(13.60345342907,16.60931412325,3.736092401204
    ));
#6456 = CARTESIAN_POINT('',(13.70113368466,16.691923541325,
    3.632664599373));
#6457 = CARTESIAN_POINT('',(13.810916267278,16.772324581746,
    3.534944529155));
#6458 = CARTESIAN_POINT('',(13.933948609723,16.848601079774,
    3.444214400125));
#6459 = CARTESIAN_POINT('',(14.071197751064,16.918232663153,
    3.362672867686));
#6460 = CARTESIAN_POINT('',(14.260041192338,16.992398901474,
    3.276710904405));
#6461 = CARTESIAN_POINT('',(14.297756154756,17.006286555082,
    3.260663742619));
#6462 = CARTESIAN_POINT('',(14.336317737071,17.019532457937,
    3.245400276939));
#6463 = CARTESIAN_POINT('',(14.375705858463,17.032080849109,
    3.23097617034));
#6464 = CARTESIAN_POINT('',(14.415898164542,17.043876958184,
    3.217446338209));
#6465 = CARTESIAN_POINT('',(14.456870027351,17.054867005268,
    3.204864948349));
#6466 = CARTESIAN_POINT('',(14.565896182292,17.081339817089,
    3.174607646271));
#6467 = CARTESIAN_POINT('',(14.635268033645,17.095474247256,
    3.158505575243));
#6468 = CARTESIAN_POINT('',(14.706347975152,17.10710325596,
    3.145291472834));
#6469 = CARTESIAN_POINT('',(14.778756643497,17.115996406104,
    3.135203967108));
#6470 = CARTESIAN_POINT('',(14.852102065332,17.121992329942,
    3.128408870322));
#6471 = CARTESIAN_POINT('',(14.92598428629,17.125,3.125));
#6472 = CARTESIAN_POINT('',(15.075279630445,17.125,3.125));
#6473 = CARTESIAN_POINT('',(15.150413505825,17.121888730824,
    3.128526296444));
#6474 = CARTESIAN_POINT('',(15.224981280268,17.115687771032,
    3.135553738373));
#6475 = CARTESIAN_POINT('',(15.298566379254,17.106494305598,
    3.14598219914));
#6476 = CARTESIAN_POINT('',(15.370760921976,17.094479740903,
    3.159635670189));
#6477 = CARTESIAN_POINT('',(15.4411706437,17.079888319723,3.176261354819
    ));
#6478 = CARTESIAN_POINT('',(15.549724940147,17.053083301766,
    3.206907290752));
#6479 = CARTESIAN_POINT('',(15.589318959812,17.042331740214,
    3.219219060643));
#6480 = CARTESIAN_POINT('',(15.62817800898,17.030829175757,
    3.232415403077));
#6481 = CARTESIAN_POINT('',(15.666280230587,17.018624544809,
    3.246447057367));
#6482 = CARTESIAN_POINT('',(15.703605778646,17.005767595997,
    3.261264170705));
#6483 = CARTESIAN_POINT('',(15.740136818246,16.992308890159,
    3.276816298157));
#6484 = CARTESIAN_POINT('',(15.927458172699,16.9188444524,3.361959323506
    ));
#6485 = CARTESIAN_POINT('',(16.064405931957,16.849497221411,
    3.443158798407));
#6486 = CARTESIAN_POINT('',(16.187218826851,16.773523630153,
    3.533510870265));
#6487 = CARTESIAN_POINT('',(16.296852110069,16.693426414513,
    3.630830301376));
#6488 = CARTESIAN_POINT('',(16.394441598291,16.611109921226,
    3.733837238269));
#6489 = CARTESIAN_POINT('',(16.481034289765,16.527984424151,
    3.842014659859));
#6490 = CARTESIAN_POINT('',(16.573472480808,16.4284160523,3.979877570093
    ));
#6491 = CARTESIAN_POINT('',(16.589148013494,16.411077043658,
    4.004195132051));
#6492 = CARTESIAN_POINT('',(16.604361222856,16.393806231312,
    4.028754905069));
#6493 = CARTESIAN_POINT('',(16.619117095309,16.37662279047,
    4.053559860567));
#6494 = CARTESIAN_POINT('',(16.633418943711,16.359548196133,
    4.078613012095));
#6495 = CARTESIAN_POINT('',(16.647268625549,16.34260650119,
    4.103917495119));
#6496 = CARTESIAN_POINT('',(16.660666761136,16.325824614517,
    4.129476646805));
#6497 = PCURVE('',#816,#6498);
#6498 = DEFINITIONAL_REPRESENTATION('',(#6499),#6550);
#6499 = B_SPLINE_CURVE_WITH_KNOTS('',7,(#6500,#6501,#6502,#6503,#6504,
    #6505,#6506,#6507,#6508,#6509,#6510,#6511,#6512,#6513,#6514,#6515,
    #6516,#6517,#6518,#6519,#6520,#6521,#6522,#6523,#6524,#6525,#6526,
    #6527,#6528,#6529,#6530,#6531,#6532,#6533,#6534,#6535,#6536,#6537,
    #6538,#6539,#6540,#6541,#6542,#6543,#6544,#6545,#6546,#6547,#6548,
    #6549),.UNSPECIFIED.,.F.,.F.,(8,6,6,6,6,6,6,6,8),(0.,
    5.622493035274E-02,0.327891461235,0.393756752846,0.499997451435,
    0.608052351228,0.671865078006,0.942689801368,1.),.UNSPECIFIED.);
#6500 = CARTESIAN_POINT('',(2.467847105908,19.129476646805));
#6501 = CARTESIAN_POINT('',(2.4579319695,19.104398996736));
#6502 = CARTESIAN_POINT('',(2.447833546595,19.079568622304));
#6503 = CARTESIAN_POINT('',(2.437558518902,19.054980396523));
#6504 = CARTESIAN_POINT('',(2.427112466936,19.03063026785));
#6505 = CARTESIAN_POINT('',(2.416499870017,19.006515260188));
#6506 = CARTESIAN_POINT('',(2.405724106276,18.982633472887));
#6507 = CARTESIAN_POINT('',(2.341943941198,18.844715405232));
#6508 = CARTESIAN_POINT('',(2.285448755444,18.736092401204));
#6509 = CARTESIAN_POINT('',(2.225452828217,18.632664599373));
#6510 = CARTESIAN_POINT('',(2.161721038679,18.534944529155));
#6511 = CARTESIAN_POINT('',(2.093968720976,18.444214400125));
#6512 = CARTESIAN_POINT('',(2.021872416693,18.362672867686));
#6513 = CARTESIAN_POINT('',(1.926396945142,18.276710904405));
#6514 = CARTESIAN_POINT('',(1.907488057317,18.260663742619));
#6515 = CARTESIAN_POINT('',(1.888308162201,18.245400276939));
#6516 = CARTESIAN_POINT('',(1.868863669257,18.23097617034));
#6517 = CARTESIAN_POINT('',(1.849160411381,18.217446338209));
#6518 = CARTESIAN_POINT('',(1.829203644898,18.204864948349));
#6519 = CARTESIAN_POINT('',(1.776406429438,18.174607646271));
#6520 = CARTESIAN_POINT('',(1.743113140998,18.158505575243));
#6521 = CARTESIAN_POINT('',(1.7092605161,18.145291472834));
#6522 = CARTESIAN_POINT('',(1.674979889236,18.135203967108));
#6523 = CARTESIAN_POINT('',(1.640395309222,18.128408870322));
#6524 = CARTESIAN_POINT('',(1.605627250894,18.125));
#6525 = CARTESIAN_POINT('',(1.53537061835,18.125));
#6526 = CARTESIAN_POINT('',(1.500013550296,18.128526296444));
#6527 = CARTESIAN_POINT('',(1.464850140699,18.135553738373));
#6528 = CARTESIAN_POINT('',(1.430005252407,18.14598219914));
#6529 = CARTESIAN_POINT('',(1.395607578634,18.159635670189));
#6530 = CARTESIAN_POINT('',(1.361793628534,18.176261354819));
#6531 = CARTESIAN_POINT('',(1.309174910137,18.206907290752));
#6532 = CARTESIAN_POINT('',(1.289872836487,18.219219060643));
#6533 = CARTESIAN_POINT('',(1.270809640448,18.232415403077));
#6534 = CARTESIAN_POINT('',(1.251989967315,18.246447057367));
#6535 = CARTESIAN_POINT('',(1.233418959051,18.261264170705));
#6536 = CARTESIAN_POINT('',(1.215102254293,18.276816298157));
#6537 = CARTESIAN_POINT('',(1.12041420225,18.361959323506));
#6538 = CARTESIAN_POINT('',(1.048502117323,18.443158798407));
#6539 = CARTESIAN_POINT('',(0.980910002382,18.533510870265));
#6540 = CARTESIAN_POINT('',(0.917317428553,18.630830301376));
#6541 = CARTESIAN_POINT('',(0.857441881304,18.733837238269));
#6542 = CARTESIAN_POINT('',(0.80104893279,18.842014659859));
#6543 = CARTESIAN_POINT('',(0.73711353315,18.979877570093));
#6544 = CARTESIAN_POINT('',(0.726114766461,19.004195132051));
#6545 = CARTESIAN_POINT('',(0.71528527446,19.028754905069));
#6546 = CARTESIAN_POINT('',(0.704628100563,19.053559860567));
#6547 = CARTESIAN_POINT('',(0.694147917734,19.078613012095));
#6548 = CARTESIAN_POINT('',(0.683851058954,19.103917495119));
#6549 = CARTESIAN_POINT('',(0.673745547682,19.129476646805));
#6550 = ( GEOMETRIC_REPRESENTATION_CONTEXT(2) 
PARAMETRIC_REPRESENTATION_CONTEXT() REPRESENTATION_CONTEXT('2D SPACE',''
  ) );
#6551 = PCURVE('',#944,#6552);
#6552 = DEFINITIONAL_REPRESENTATION('',(#6553),#6604);
#6553 = B_SPLINE_CURVE_WITH_KNOTS('',7,(#6554,#6555,#6556,#6557,#6558,
    #6559,#6560,#6561,#6562,#6563,#6564,#6565,#6566,#6567,#6568,#6569,
    #6570,#6571,#6572,#6573,#6574,#6575,#6576,#6577,#6578,#6579,#6580,
    #6581,#6582,#6583,#6584,#6585,#6586,#6587,#6588,#6589,#6590,#6591,
    #6592,#6593,#6594,#6595,#6596,#6597,#6598,#6599,#6600,#6601,#6602,
    #6603),.UNSPECIFIED.,.F.,.F.,(8,6,6,6,6,6,6,6,8),(0.,
    5.622493035274E-02,0.327891461235,0.393756752846,0.499997451435,
    0.608052351228,0.671865078006,0.942689801368,1.),.UNSPECIFIED.);
#6554 = CARTESIAN_POINT('',(-3.62441317287,-3.674175385483));
#6555 = CARTESIAN_POINT('',(-3.639514125485,-3.657709648018));
#6556 = CARTESIAN_POINT('',(-3.65460566086,-3.641091662818));
#6557 = CARTESIAN_POINT('',(-3.669696122226,-3.624345138977));
#6558 = CARTESIAN_POINT('',(-3.684793629467,-3.607492202079));
#6559 = CARTESIAN_POINT('',(-3.699906079117,-3.590553394206));
#6560 = CARTESIAN_POINT('',(-3.715041144361,-3.573547673929));
#6561 = CARTESIAN_POINT('',(-3.8034808601,-3.474085152495));
#6562 = CARTESIAN_POINT('',(-3.877316444876,-3.39068587675));
#6563 = CARTESIAN_POINT('',(-3.95276166943,-3.308076458675));
#6564 = CARTESIAN_POINT('',(-4.030588859828,-3.227675418254));
#6565 = CARTESIAN_POINT('',(-4.111511827864,-3.151398920226));
#6566 = CARTESIAN_POINT('',(-4.196150997515,-3.081767336847));
#6567 = CARTESIAN_POINT('',(-4.306811308263,-3.007601098526));
#6568 = CARTESIAN_POINT('',(-4.32866424372,-2.993713444918));
#6569 = CARTESIAN_POINT('',(-4.350771417838,-2.980467542063));
#6570 = CARTESIAN_POINT('',(-4.373128999724,-2.967919150891));
#6571 = CARTESIAN_POINT('',(-4.395733990422,-2.956123041816));
#6572 = CARTESIAN_POINT('',(-4.418584222917,-2.945132994732));
#6573 = CARTESIAN_POINT('',(-4.478929202809,-2.918660182911));
#6574 = CARTESIAN_POINT('',(-4.51687660654,-2.904525752744));
#6575 = CARTESIAN_POINT('',(-4.555374321422,-2.89289674404));
#6576 = CARTESIAN_POINT('',(-4.594292049321,-2.884003593896));
#6577 = CARTESIAN_POINT('',(-4.633510081305,-2.878007670058));
#6578 = CARTESIAN_POINT('',(-4.672913933073,-2.875));
#6579 = CARTESIAN_POINT('',(-4.752538116622,-2.875));
#6580 = CARTESIAN_POINT('',(-4.792609518143,-2.878111269176));
#6581 = CARTESIAN_POINT('',(-4.832484706299,-2.884312228968));
#6582 = CARTESIAN_POINT('',(-4.872045356683,-2.893505694402));
#6583 = CARTESIAN_POINT('',(-4.911167540707,-2.905520259097));
#6584 = CARTESIAN_POINT('',(-4.949715967187,-2.920111680277));
#6585 = CARTESIAN_POINT('',(-5.009874474654,-2.946916698234));
#6586 = CARTESIAN_POINT('',(-5.031980968968,-2.957668259786));
#6587 = CARTESIAN_POINT('',(-5.053856593032,-2.969170824243));
#6588 = CARTESIAN_POINT('',(-5.075499515644,-2.981375455191));
#6589 = CARTESIAN_POINT('',(-5.096907188221,-2.994232404003));
#6590 = CARTESIAN_POINT('',(-5.118076344802,-3.007691109841));
#6591 = CARTESIAN_POINT('',(-5.227816886776,-3.0811555476));
#6592 = CARTESIAN_POINT('',(-5.312229065828,-3.150502778589));
#6593 = CARTESIAN_POINT('',(-5.392942847493,-3.226476369847));
#6594 = CARTESIAN_POINT('',(-5.470572718396,-3.306573585487));
#6595 = CARTESIAN_POINT('',(-5.54582483036,-3.388890078774));
#6596 = CARTESIAN_POINT('',(-5.619464026014,-3.472015575849));
#6597 = CARTESIAN_POINT('',(-5.707989328752,-3.5715839477));
#6598 = CARTESIAN_POINT('',(-5.723417259991,-3.588922956342));
#6599 = CARTESIAN_POINT('',(-5.738821200465,-3.606193768688));
#6600 = CARTESIAN_POINT('',(-5.754209872227,-3.62337720953));
#6601 = CARTESIAN_POINT('',(-5.769591481603,-3.640451803867));
#6602 = CARTESIAN_POINT('',(-5.78497389053,-3.65739349881));
#6603 = CARTESIAN_POINT('',(-5.8003647879,-3.674175385483));
#6604 = ( GEOMETRIC_REPRESENTATION_CONTEXT(2) 
PARAMETRIC_REPRESENTATION_CONTEXT() REPRESENTATION_CONTEXT('2D SPACE',''
  ) );
#6605 = ADVANCED_FACE('',(#6606),#847,.F.);
#6606 = FACE_BOUND('',#6607,.T.);
#6607 = EDGE_LOOP('',(#6608,#6646,#6667,#6668,#6669,#6705,#6741,#6777,
    #6827));
#6608 = ORIENTED_EDGE('',*,*,#6609,.T.);
#6609 = EDGE_CURVE('',#6610,#6612,#6614,.T.);
#6610 = VERTEX_POINT('',#6611);
#6611 = CARTESIAN_POINT('',(26.325825214725,13.674174785275,
    3.674174785275));
#6612 = VERTEX_POINT('',#6613);
#6613 = CARTESIAN_POINT('',(26.875,15.,3.125));
#6614 = SURFACE_CURVE('',#6615,(#6620,#6633),.PCURVE_S1.);
#6615 = ELLIPSE('',#6616,2.65165042945,1.875);
#6616 = AXIS2_PLACEMENT_3D('',#6617,#6618,#6619);
#6617 = CARTESIAN_POINT('',(25.,15.,5.));
#6618 = DIRECTION('',(0.707106781187,0.,0.707106781187));
#6619 = DIRECTION('',(0.707106781187,0.,-0.707106781187));
#6620 = PCURVE('',#847,#6621);
#6621 = DEFINITIONAL_REPRESENTATION('',(#6622),#6632);
#6622 = B_SPLINE_CURVE_WITH_KNOTS('',8,(#6623,#6624,#6625,#6626,#6627,
    #6628,#6629,#6630,#6631),.UNSPECIFIED.,.F.,.F.,(9,9),(4.712388947541
    ,6.28318530718),.PIECEWISE_BEZIER_KNOTS.);
#6623 = CARTESIAN_POINT('',(-4.712388947541,-5.000000061581));
#6624 = CARTESIAN_POINT('',(-4.908738492496,-4.631844664791));
#6625 = CARTESIAN_POINT('',(-5.105088037452,-4.263689177875));
#6626 = CARTESIAN_POINT('',(-5.301437582403,-3.917162666936));
#6627 = CARTESIAN_POINT('',(-5.497787127363,-3.613889862816));
#6628 = CARTESIAN_POINT('',(-5.694136672313,-3.372841173479));
#6629 = CARTESIAN_POINT('',(-5.890486217271,-3.207613958426));
#6630 = CARTESIAN_POINT('',(-6.086835762225,-3.125));
#6631 = CARTESIAN_POINT('',(-6.28318530718,-3.125));
#6632 = ( GEOMETRIC_REPRESENTATION_CONTEXT(2) 
PARAMETRIC_REPRESENTATION_CONTEXT() REPRESENTATION_CONTEXT('2D SPACE',''
  ) );
#6633 = PCURVE('',#1522,#6634);
#6634 = DEFINITIONAL_REPRESENTATION('',(#6635),#6645);
#6635 = B_SPLINE_CURVE_WITH_KNOTS('',8,(#6636,#6637,#6638,#6639,#6640,
    #6641,#6642,#6643,#6644),.UNSPECIFIED.,.F.,.F.,(9,9),(4.712388947541
    ,6.28318530718),.PIECEWISE_BEZIER_KNOTS.);
#6636 = CARTESIAN_POINT('',(-4.712389013228,-5.000000061581));
#6637 = CARTESIAN_POINT('',(-4.516039468273,-4.631844664791));
#6638 = CARTESIAN_POINT('',(-4.319689923316,-4.263689177881));
#6639 = CARTESIAN_POINT('',(-4.123340378366,-3.917162666912));
#6640 = CARTESIAN_POINT('',(-3.926990833395,-3.613889862834));
#6641 = CARTESIAN_POINT('',(-3.730641288452,-3.372841173463));
#6642 = CARTESIAN_POINT('',(-3.534291743496,-3.207613958431));
#6643 = CARTESIAN_POINT('',(-3.337942198545,-3.125));
#6644 = CARTESIAN_POINT('',(-3.14159265359,-3.125));
#6645 = ( GEOMETRIC_REPRESENTATION_CONTEXT(2) 
PARAMETRIC_REPRESENTATION_CONTEXT() REPRESENTATION_CONTEXT('2D SPACE',''
  ) );
#6646 = ORIENTED_EDGE('',*,*,#6647,.F.);
#6647 = EDGE_CURVE('',#831,#6612,#6648,.T.);
#6648 = SEAM_CURVE('',#6649,(#6653,#6660),.PCURVE_S1.);
#6649 = LINE('',#6650,#6651);
#6650 = CARTESIAN_POINT('',(26.875,15.,0.));
#6651 = VECTOR('',#6652,1.);
#6652 = DIRECTION('',(0.,0.,1.));
#6653 = PCURVE('',#847,#6654);
#6654 = DEFINITIONAL_REPRESENTATION('',(#6655),#6659);
#6655 = LINE('',#6656,#6657);
#6656 = CARTESIAN_POINT('',(-0.,0.));
#6657 = VECTOR('',#6658,1.);
#6658 = DIRECTION('',(-0.,-1.));
#6659 = ( GEOMETRIC_REPRESENTATION_CONTEXT(2) 
PARAMETRIC_REPRESENTATION_CONTEXT() REPRESENTATION_CONTEXT('2D SPACE',''
  ) );
#6660 = PCURVE('',#847,#6661);
#6661 = DEFINITIONAL_REPRESENTATION('',(#6662),#6666);
#6662 = LINE('',#6663,#6664);
#6663 = CARTESIAN_POINT('',(-6.28318530718,0.));
#6664 = VECTOR('',#6665,1.);
#6665 = DIRECTION('',(-0.,-1.));
#6666 = ( GEOMETRIC_REPRESENTATION_CONTEXT(2) 
PARAMETRIC_REPRESENTATION_CONTEXT() REPRESENTATION_CONTEXT('2D SPACE',''
  ) );
#6667 = ORIENTED_EDGE('',*,*,#830,.F.);
#6668 = ORIENTED_EDGE('',*,*,#6647,.T.);
#6669 = ORIENTED_EDGE('',*,*,#6670,.T.);
#6670 = EDGE_CURVE('',#6612,#6671,#6673,.T.);
#6671 = VERTEX_POINT('',#6672);
#6672 = CARTESIAN_POINT('',(26.325825214725,16.325825214725,
    3.674174785275));
#6673 = SURFACE_CURVE('',#6674,(#6679,#6692),.PCURVE_S1.);
#6674 = ELLIPSE('',#6675,2.65165042945,1.875);
#6675 = AXIS2_PLACEMENT_3D('',#6676,#6677,#6678);
#6676 = CARTESIAN_POINT('',(25.,15.,5.));
#6677 = DIRECTION('',(0.707106781187,0.,0.707106781187));
#6678 = DIRECTION('',(0.707106781187,0.,-0.707106781187));
#6679 = PCURVE('',#847,#6680);
#6680 = DEFINITIONAL_REPRESENTATION('',(#6681),#6691);
#6681 = B_SPLINE_CURVE_WITH_KNOTS('',8,(#6682,#6683,#6684,#6685,#6686,
    #6687,#6688,#6689,#6690),.UNSPECIFIED.,.F.,.F.,(9,9),(0.,
    1.570796613951),.PIECEWISE_BEZIER_KNOTS.);
#6682 = CARTESIAN_POINT('',(0.,-3.125));
#6683 = CARTESIAN_POINT('',(-0.196349576744,-3.125));
#6684 = CARTESIAN_POINT('',(-0.392699153488,-3.207613985178));
#6685 = CARTESIAN_POINT('',(-0.589048730231,-3.372841253737));
#6686 = CARTESIAN_POINT('',(-0.785398306973,-3.613890018918));
#6687 = CARTESIAN_POINT('',(-0.98174788372,-3.917162912443));
#6688 = CARTESIAN_POINT('',(-1.178097460464,-4.263689514494));
#6689 = CARTESIAN_POINT('',(-1.374447037208,-4.631845082024));
#6690 = CARTESIAN_POINT('',(-1.570796613951,-5.000000538419));
#6691 = ( GEOMETRIC_REPRESENTATION_CONTEXT(2) 
PARAMETRIC_REPRESENTATION_CONTEXT() REPRESENTATION_CONTEXT('2D SPACE',''
  ) );
#6692 = PCURVE('',#1522,#6693);
#6693 = DEFINITIONAL_REPRESENTATION('',(#6694),#6704);
#6694 = B_SPLINE_CURVE_WITH_KNOTS('',8,(#6695,#6696,#6697,#6698,#6699,
    #6700,#6701,#6702,#6703),.UNSPECIFIED.,.F.,.F.,(9,9),(0.,
    1.570796613951),.PIECEWISE_BEZIER_KNOTS.);
#6695 = CARTESIAN_POINT('',(-3.14159265359,-3.125));
#6696 = CARTESIAN_POINT('',(-2.945243076846,-3.125));
#6697 = CARTESIAN_POINT('',(-2.748893500101,-3.20761398518));
#6698 = CARTESIAN_POINT('',(-2.552543923352,-3.372841253706));
#6699 = CARTESIAN_POINT('',(-2.356194346619,-3.613890018933));
#6700 = CARTESIAN_POINT('',(-2.159844769863,-3.917162912419));
#6701 = CARTESIAN_POINT('',(-1.963495193124,-4.263689514496));
#6702 = CARTESIAN_POINT('',(-1.767145616382,-4.631845082024));
#6703 = CARTESIAN_POINT('',(-1.570796039638,-5.000000538419));
#6704 = ( GEOMETRIC_REPRESENTATION_CONTEXT(2) 
PARAMETRIC_REPRESENTATION_CONTEXT() REPRESENTATION_CONTEXT('2D SPACE',''
  ) );
#6705 = ORIENTED_EDGE('',*,*,#6706,.T.);
#6706 = EDGE_CURVE('',#6671,#6707,#6709,.T.);
#6707 = VERTEX_POINT('',#6708);
#6708 = CARTESIAN_POINT('',(25.,16.875,3.125));
#6709 = SURFACE_CURVE('',#6710,(#6715,#6728),.PCURVE_S1.);
#6710 = ELLIPSE('',#6711,2.65165042945,1.875);
#6711 = AXIS2_PLACEMENT_3D('',#6712,#6713,#6714);
#6712 = CARTESIAN_POINT('',(25.,15.,5.));
#6713 = DIRECTION('',(0.,0.707106781187,0.707106781187));
#6714 = DIRECTION('',(-0.,0.707106781187,-0.707106781187));
#6715 = PCURVE('',#847,#6716);
#6716 = DEFINITIONAL_REPRESENTATION('',(#6717),#6727);
#6717 = B_SPLINE_CURVE_WITH_KNOTS('',8,(#6718,#6719,#6720,#6721,#6722,
    #6723,#6724,#6725,#6726),.UNSPECIFIED.,.F.,.F.,(9,9),(4.712388693228
    ,6.28318530718),.PIECEWISE_BEZIER_KNOTS.);
#6718 = CARTESIAN_POINT('',(2.871565767393E-07,-5.000000538419));
#6719 = CARTESIAN_POINT('',(-0.196349289587,-4.631845082024));
#6720 = CARTESIAN_POINT('',(-0.392698866331,-4.263689514494));
#6721 = CARTESIAN_POINT('',(-0.589048443075,-3.917162912421));
#6722 = CARTESIAN_POINT('',(-0.785398019813,-3.613890018918));
#6723 = CARTESIAN_POINT('',(-0.981747596565,-3.37284125372));
#6724 = CARTESIAN_POINT('',(-1.178097173306,-3.207613985177));
#6725 = CARTESIAN_POINT('',(-1.374446750051,-3.125));
#6726 = CARTESIAN_POINT('',(-1.570796326795,-3.125));
#6727 = ( GEOMETRIC_REPRESENTATION_CONTEXT(2) 
PARAMETRIC_REPRESENTATION_CONTEXT() REPRESENTATION_CONTEXT('2D SPACE',''
  ) );
#6728 = PCURVE('',#979,#6729);
#6729 = DEFINITIONAL_REPRESENTATION('',(#6730),#6740);
#6730 = B_SPLINE_CURVE_WITH_KNOTS('',8,(#6731,#6732,#6733,#6734,#6735,
    #6736,#6737,#6738,#6739),.UNSPECIFIED.,.F.,.F.,(9,9),(4.712388693228
    ,6.28318530718),.PIECEWISE_BEZIER_KNOTS.);
#6731 = CARTESIAN_POINT('',(-6.283185594336,-5.000000538419));
#6732 = CARTESIAN_POINT('',(-6.086836017592,-4.631845082024));
#6733 = CARTESIAN_POINT('',(-5.89048644085,-4.263689514489));
#6734 = CARTESIAN_POINT('',(-5.694136864104,-3.917162912434));
#6735 = CARTESIAN_POINT('',(-5.497787287364,-3.613890018918));
#6736 = CARTESIAN_POINT('',(-5.301437710616,-3.372841253733));
#6737 = CARTESIAN_POINT('',(-5.105088133874,-3.207613985176));
#6738 = CARTESIAN_POINT('',(-4.908738557129,-3.125));
#6739 = CARTESIAN_POINT('',(-4.712388980385,-3.125));
#6740 = ( GEOMETRIC_REPRESENTATION_CONTEXT(2) 
PARAMETRIC_REPRESENTATION_CONTEXT() REPRESENTATION_CONTEXT('2D SPACE',''
  ) );
#6741 = ORIENTED_EDGE('',*,*,#6742,.T.);
#6742 = EDGE_CURVE('',#6707,#6743,#6745,.T.);
#6743 = VERTEX_POINT('',#6744);
#6744 = CARTESIAN_POINT('',(23.674174785275,16.325825214725,
    3.674174785275));
#6745 = SURFACE_CURVE('',#6746,(#6751,#6764),.PCURVE_S1.);
#6746 = ELLIPSE('',#6747,2.65165042945,1.875);
#6747 = AXIS2_PLACEMENT_3D('',#6748,#6749,#6750);
#6748 = CARTESIAN_POINT('',(25.,15.,5.));
#6749 = DIRECTION('',(0.,0.707106781187,0.707106781187));
#6750 = DIRECTION('',(-0.,0.707106781187,-0.707106781187));
#6751 = PCURVE('',#847,#6752);
#6752 = DEFINITIONAL_REPRESENTATION('',(#6753),#6763);
#6753 = B_SPLINE_CURVE_WITH_KNOTS('',8,(#6754,#6755,#6756,#6757,#6758,
    #6759,#6760,#6761,#6762),.UNSPECIFIED.,.F.,.F.,(9,9),(0.,
    1.570796613951),.PIECEWISE_BEZIER_KNOTS.);
#6754 = CARTESIAN_POINT('',(-1.570796326795,-3.125));
#6755 = CARTESIAN_POINT('',(-1.767145903539,-3.125));
#6756 = CARTESIAN_POINT('',(-1.96349548028,-3.207613985178));
#6757 = CARTESIAN_POINT('',(-2.159845057035,-3.372841253737));
#6758 = CARTESIAN_POINT('',(-2.356194633747,-3.613890018918));
#6759 = CARTESIAN_POINT('',(-2.552544210523,-3.917162912443));
#6760 = CARTESIAN_POINT('',(-2.748893787255,-4.263689514494));
#6761 = CARTESIAN_POINT('',(-2.945243364002,-4.631845082024));
#6762 = CARTESIAN_POINT('',(-3.141592940746,-5.000000538419));
#6763 = ( GEOMETRIC_REPRESENTATION_CONTEXT(2) 
PARAMETRIC_REPRESENTATION_CONTEXT() REPRESENTATION_CONTEXT('2D SPACE',''
  ) );
#6764 = PCURVE('',#979,#6765);
#6765 = DEFINITIONAL_REPRESENTATION('',(#6766),#6776);
#6766 = B_SPLINE_CURVE_WITH_KNOTS('',8,(#6767,#6768,#6769,#6770,#6771,
    #6772,#6773,#6774,#6775),.UNSPECIFIED.,.F.,.F.,(9,9),(0.,
    1.570796613951),.PIECEWISE_BEZIER_KNOTS.);
#6767 = CARTESIAN_POINT('',(-4.712388980385,-3.125));
#6768 = CARTESIAN_POINT('',(-4.516039403641,-3.125));
#6769 = CARTESIAN_POINT('',(-4.319689826898,-3.20761398518));
#6770 = CARTESIAN_POINT('',(-4.12334025014,-3.372841253706));
#6771 = CARTESIAN_POINT('',(-3.926990673415,-3.613890018933));
#6772 = CARTESIAN_POINT('',(-3.730641096658,-3.917162912419));
#6773 = CARTESIAN_POINT('',(-3.53429151992,-4.263689514496));
#6774 = CARTESIAN_POINT('',(-3.337941943177,-4.631845082024));
#6775 = CARTESIAN_POINT('',(-3.141592366433,-5.000000538419));
#6776 = ( GEOMETRIC_REPRESENTATION_CONTEXT(2) 
PARAMETRIC_REPRESENTATION_CONTEXT() REPRESENTATION_CONTEXT('2D SPACE',''
  ) );
#6777 = ORIENTED_EDGE('',*,*,#6778,.F.);
#6778 = EDGE_CURVE('',#6779,#6743,#6781,.T.);
#6779 = VERTEX_POINT('',#6780);
#6780 = CARTESIAN_POINT('',(23.674174785275,13.674174785275,
    3.674174785275));
#6781 = SURFACE_CURVE('',#6782,(#6787,#6807),.PCURVE_S1.);
#6782 = ELLIPSE('',#6783,2.65165042945,1.875);
#6783 = AXIS2_PLACEMENT_3D('',#6784,#6785,#6786);
#6784 = CARTESIAN_POINT('',(25.,15.,5.));
#6785 = DIRECTION('',(0.707106781187,0.,-0.707106781187));
#6786 = DIRECTION('',(0.707106781187,0.,0.707106781187));
#6787 = PCURVE('',#847,#6788);
#6788 = DEFINITIONAL_REPRESENTATION('',(#6789),#6806);
#6789 = B_SPLINE_CURVE_WITH_KNOTS('',8,(#6790,#6791,#6792,#6793,#6794,
    #6795,#6796,#6797,#6798,#6799,#6800,#6801,#6802,#6803,#6804,#6805),
  .UNSPECIFIED.,.F.,.F.,(9,7,9),(1.570795986968,3.141592473763,
    4.712388960558),.UNSPECIFIED.);
#6790 = CARTESIAN_POINT('',(-4.712389320211,-5.000000637175));
#6791 = CARTESIAN_POINT('',(-4.516039759362,-4.631845210582));
#6792 = CARTESIAN_POINT('',(-4.319690198512,-4.263689668507));
#6793 = CARTESIAN_POINT('',(-4.123340637661,-3.917163082284));
#6794 = CARTESIAN_POINT('',(-3.926991076813,-3.613890190147));
#6795 = CARTESIAN_POINT('',(-3.730641515958,-3.372841408313));
#6796 = CARTESIAN_POINT('',(-3.534291955115,-3.207614104213));
#6797 = CARTESIAN_POINT('',(-3.337942394266,-3.125000066204));
#6798 = CARTESIAN_POINT('',(-2.945243272567,-3.124999933796));
#6799 = CARTESIAN_POINT('',(-2.748893711714,-3.207613839395));
#6800 = CARTESIAN_POINT('',(-2.552544150875,-3.372841018867));
#6801 = CARTESIAN_POINT('',(-2.356194590002,-3.613889691635));
#6802 = CARTESIAN_POINT('',(-2.159845029179,-3.917162497057));
#6803 = CARTESIAN_POINT('',(-1.963495468317,-4.263689023867));
#6804 = CARTESIAN_POINT('',(-1.767145907471,-4.631844536233));
#6805 = CARTESIAN_POINT('',(-1.570796346621,-4.999999962825));
#6806 = ( GEOMETRIC_REPRESENTATION_CONTEXT(2) 
PARAMETRIC_REPRESENTATION_CONTEXT() REPRESENTATION_CONTEXT('2D SPACE',''
  ) );
#6807 = PCURVE('',#3793,#6808);
#6808 = DEFINITIONAL_REPRESENTATION('',(#6809),#6826);
#6809 = B_SPLINE_CURVE_WITH_KNOTS('',8,(#6810,#6811,#6812,#6813,#6814,
    #6815,#6816,#6817,#6818,#6819,#6820,#6821,#6822,#6823,#6824,#6825),
  .UNSPECIFIED.,.F.,.F.,(9,7,9),(1.570795986968,3.141592473763,
    4.712388960558),.UNSPECIFIED.);
#6810 = CARTESIAN_POINT('',(-4.712389320211,-4.999999362825));
#6811 = CARTESIAN_POINT('',(-4.516039759362,-5.368154789418));
#6812 = CARTESIAN_POINT('',(-4.319690198513,-5.736310331481));
#6813 = CARTESIAN_POINT('',(-4.123340637654,-6.082836917732));
#6814 = CARTESIAN_POINT('',(-3.926991076813,-6.38610980981));
#6815 = CARTESIAN_POINT('',(-3.730641515951,-6.627158591709));
#6816 = CARTESIAN_POINT('',(-3.534291955115,-6.792385895776));
#6817 = CARTESIAN_POINT('',(-3.337942394266,-6.874999933796));
#6818 = CARTESIAN_POINT('',(-2.945243272567,-6.875000066204));
#6819 = CARTESIAN_POINT('',(-2.748893711716,-6.7923861606));
#6820 = CARTESIAN_POINT('',(-2.552544150871,-6.627158981119));
#6821 = CARTESIAN_POINT('',(-2.356194589996,-6.386110308373));
#6822 = CARTESIAN_POINT('',(-2.159845029174,-6.08283750292));
#6823 = CARTESIAN_POINT('',(-1.963495468319,-5.736310976131));
#6824 = CARTESIAN_POINT('',(-1.767145907471,-5.368155463767));
#6825 = CARTESIAN_POINT('',(-1.570796346621,-5.000000037175));
#6826 = ( GEOMETRIC_REPRESENTATION_CONTEXT(2) 
PARAMETRIC_REPRESENTATION_CONTEXT() REPRESENTATION_CONTEXT('2D SPACE',''
  ) );
#6827 = ORIENTED_EDGE('',*,*,#6828,.F.);
#6828 = EDGE_CURVE('',#6610,#6779,#6829,.T.);
#6829 = SURFACE_CURVE('',#6830,(#6835,#6855),.PCURVE_S1.);
#6830 = ELLIPSE('',#6831,2.65165042945,1.875);
#6831 = AXIS2_PLACEMENT_3D('',#6832,#6833,#6834);
#6832 = CARTESIAN_POINT('',(25.,15.,5.));
#6833 = DIRECTION('',(-0.,0.707106781187,-0.707106781187));
#6834 = DIRECTION('',(0.,0.707106781187,0.707106781187));
#6835 = PCURVE('',#847,#6836);
#6836 = DEFINITIONAL_REPRESENTATION('',(#6837),#6854);
#6837 = B_SPLINE_CURVE_WITH_KNOTS('',8,(#6838,#6839,#6840,#6841,#6842,
    #6843,#6844,#6845,#6846,#6847,#6848,#6849,#6850,#6851,#6852,#6853),
  .UNSPECIFIED.,.F.,.F.,(9,7,9),(1.570795986968,3.141592473763,
    4.712388960558),.UNSPECIFIED.);
#6838 = CARTESIAN_POINT('',(-6.283185647006,-5.000000637175));
#6839 = CARTESIAN_POINT('',(-6.086836086157,-4.631845210582));
#6840 = CARTESIAN_POINT('',(-5.890486525307,-4.263689668507));
#6841 = CARTESIAN_POINT('',(-5.694136964458,-3.917163082284));
#6842 = CARTESIAN_POINT('',(-5.49778740361,-3.613890190147));
#6843 = CARTESIAN_POINT('',(-5.301437842761,-3.372841408313));
#6844 = CARTESIAN_POINT('',(-5.10508828191,-3.207614104213));
#6845 = CARTESIAN_POINT('',(-4.908738721061,-3.125000066204));
#6846 = CARTESIAN_POINT('',(-4.516039599362,-3.124999933796));
#6847 = CARTESIAN_POINT('',(-4.319690038512,-3.207613839395));
#6848 = CARTESIAN_POINT('',(-4.123340477668,-3.372841018867));
#6849 = CARTESIAN_POINT('',(-3.926990916823,-3.613889691635));
#6850 = CARTESIAN_POINT('',(-3.730641355972,-3.917162497057));
#6851 = CARTESIAN_POINT('',(-3.534291795115,-4.263689023867));
#6852 = CARTESIAN_POINT('',(-3.337942234266,-4.631844536233));
#6853 = CARTESIAN_POINT('',(-3.141592673416,-4.999999962825));
#6854 = ( GEOMETRIC_REPRESENTATION_CONTEXT(2) 
PARAMETRIC_REPRESENTATION_CONTEXT() REPRESENTATION_CONTEXT('2D SPACE',''
  ) );
#6855 = PCURVE('',#3427,#6856);
#6856 = DEFINITIONAL_REPRESENTATION('',(#6857),#6874);
#6857 = B_SPLINE_CURVE_WITH_KNOTS('',8,(#6858,#6859,#6860,#6861,#6862,
    #6863,#6864,#6865,#6866,#6867,#6868,#6869,#6870,#6871,#6872,#6873),
  .UNSPECIFIED.,.F.,.F.,(9,7,9),(1.570795986968,3.141592473763,
    4.712388960558),.UNSPECIFIED.);
#6858 = CARTESIAN_POINT('',(-6.283185647006,-4.999999362825));
#6859 = CARTESIAN_POINT('',(-6.086836086157,-5.368154789418));
#6860 = CARTESIAN_POINT('',(-5.890486525307,-5.736310331497));
#6861 = CARTESIAN_POINT('',(-5.694136964462,-6.082836917696));
#6862 = CARTESIAN_POINT('',(-5.497787403607,-6.38610980989));
#6863 = CARTESIAN_POINT('',(-5.301437842761,-6.627158591644));
#6864 = CARTESIAN_POINT('',(-5.105088281909,-6.792385895792));
#6865 = CARTESIAN_POINT('',(-4.908738721061,-6.874999933796));
#6866 = CARTESIAN_POINT('',(-4.516039599362,-6.875000066204));
#6867 = CARTESIAN_POINT('',(-4.319690038511,-6.792386160614));
#6868 = CARTESIAN_POINT('',(-4.123340477674,-6.627158981075));
#6869 = CARTESIAN_POINT('',(-3.926990916817,-6.386110308398));
#6870 = CARTESIAN_POINT('',(-3.730641355977,-6.082837502894));
#6871 = CARTESIAN_POINT('',(-3.534291795113,-5.736310976141));
#6872 = CARTESIAN_POINT('',(-3.337942234266,-5.368155463767));
#6873 = CARTESIAN_POINT('',(-3.141592673416,-5.000000037175));
#6874 = ( GEOMETRIC_REPRESENTATION_CONTEXT(2) 
PARAMETRIC_REPRESENTATION_CONTEXT() REPRESENTATION_CONTEXT('2D SPACE',''
  ) );
#6875 = ADVANCED_FACE('',(#6876),#909,.F.);
#6876 = FACE_BOUND('',#6877,.T.);
#6877 = EDGE_LOOP('',(#6878,#6901,#6902,#6903,#6937,#6938,#6939,#6940,
    #6941,#6942));
#6878 = ORIENTED_EDGE('',*,*,#6879,.F.);
#6879 = EDGE_CURVE('',#889,#6880,#6882,.T.);
#6880 = VERTEX_POINT('',#6881);
#6881 = CARTESIAN_POINT('',(6.875,16.875,5.));
#6882 = SEAM_CURVE('',#6883,(#6887,#6894),.PCURVE_S1.);
#6883 = LINE('',#6884,#6885);
#6884 = CARTESIAN_POINT('',(6.875,20.,5.));
#6885 = VECTOR('',#6886,1.);
#6886 = DIRECTION('',(0.,-1.,1.110223024625E-16));
#6887 = PCURVE('',#909,#6888);
#6888 = DEFINITIONAL_REPRESENTATION('',(#6889),#6893);
#6889 = LINE('',#6890,#6891);
#6890 = CARTESIAN_POINT('',(-6.28318530718,0.));
#6891 = VECTOR('',#6892,1.);
#6892 = DIRECTION('',(-0.,-1.));
#6893 = ( GEOMETRIC_REPRESENTATION_CONTEXT(2) 
PARAMETRIC_REPRESENTATION_CONTEXT() REPRESENTATION_CONTEXT('2D SPACE',''
  ) );
#6894 = PCURVE('',#909,#6895);
#6895 = DEFINITIONAL_REPRESENTATION('',(#6896),#6900);
#6896 = LINE('',#6897,#6898);
#6897 = CARTESIAN_POINT('',(-0.,0.));
#6898 = VECTOR('',#6899,1.);
#6899 = DIRECTION('',(-0.,-1.));
#6900 = ( GEOMETRIC_REPRESENTATION_CONTEXT(2) 
PARAMETRIC_REPRESENTATION_CONTEXT() REPRESENTATION_CONTEXT('2D SPACE',''
  ) );
#6901 = ORIENTED_EDGE('',*,*,#888,.F.);
#6902 = ORIENTED_EDGE('',*,*,#6879,.T.);
#6903 = ORIENTED_EDGE('',*,*,#6904,.T.);
#6904 = EDGE_CURVE('',#6880,#3483,#6905,.T.);
#6905 = SURFACE_CURVE('',#6906,(#6911,#6924),.PCURVE_S1.);
#6906 = ELLIPSE('',#6907,2.65165042945,1.875);
#6907 = AXIS2_PLACEMENT_3D('',#6908,#6909,#6910);
#6908 = CARTESIAN_POINT('',(5.,15.,5.));
#6909 = DIRECTION('',(0.707106781187,-0.707106781187,0.));
#6910 = DIRECTION('',(0.707106781187,0.707106781187,-1.570092458684E-16)
  );
#6911 = PCURVE('',#909,#6912);
#6912 = DEFINITIONAL_REPRESENTATION('',(#6913),#6923);
#6913 = B_SPLINE_CURVE_WITH_KNOTS('',8,(#6914,#6915,#6916,#6917,#6918,
    #6919,#6920,#6921,#6922),.UNSPECIFIED.,.F.,.F.,(9,9),(0.,
    1.570796326795),.PIECEWISE_BEZIER_KNOTS.);
#6914 = CARTESIAN_POINT('',(0.,-3.125));
#6915 = CARTESIAN_POINT('',(-0.196349540849,-3.125));
#6916 = CARTESIAN_POINT('',(-0.392699081698,-3.207613954971));
#6917 = CARTESIAN_POINT('',(-0.589048622549,-3.372841163115));
#6918 = CARTESIAN_POINT('',(-0.785398163393,-3.613889842654));
#6919 = CARTESIAN_POINT('',(-0.981747704249,-3.917162635234));
#6920 = CARTESIAN_POINT('',(-1.178097245096,-4.263689134402));
#6921 = CARTESIAN_POINT('',(-1.374446785946,-4.631844610907));
#6922 = CARTESIAN_POINT('',(-1.570796326795,-5.));
#6923 = ( GEOMETRIC_REPRESENTATION_CONTEXT(2) 
PARAMETRIC_REPRESENTATION_CONTEXT() REPRESENTATION_CONTEXT('2D SPACE',''
  ) );
#6924 = PCURVE('',#3507,#6925);
#6925 = DEFINITIONAL_REPRESENTATION('',(#6926),#6936);
#6926 = B_SPLINE_CURVE_WITH_KNOTS('',8,(#6927,#6928,#6929,#6930,#6931,
    #6932,#6933,#6934,#6935),.UNSPECIFIED.,.F.,.F.,(9,9),(0.,
    1.570796326795),.PIECEWISE_BEZIER_KNOTS.);
#6927 = CARTESIAN_POINT('',(-1.570796326795,-23.125));
#6928 = CARTESIAN_POINT('',(-1.374446785946,-23.125));
#6929 = CARTESIAN_POINT('',(-1.178097245096,-23.20761395497));
#6930 = CARTESIAN_POINT('',(-0.981747704247,-23.37284116318));
#6931 = CARTESIAN_POINT('',(-0.785398163398,-23.61388984268));
#6932 = CARTESIAN_POINT('',(-0.589048622548,-23.91716263526));
#6933 = CARTESIAN_POINT('',(-0.392699081698,-24.26368913438));
#6934 = CARTESIAN_POINT('',(-0.196349540849,-24.6318446109));
#6935 = CARTESIAN_POINT('',(0.,-25.));
#6936 = ( GEOMETRIC_REPRESENTATION_CONTEXT(2) 
PARAMETRIC_REPRESENTATION_CONTEXT() REPRESENTATION_CONTEXT('2D SPACE',''
  ) );
#6937 = ORIENTED_EDGE('',*,*,#3670,.F.);
#6938 = ORIENTED_EDGE('',*,*,#3634,.F.);
#6939 = ORIENTED_EDGE('',*,*,#1046,.F.);
#6940 = ORIENTED_EDGE('',*,*,#5803,.F.);
#6941 = ORIENTED_EDGE('',*,*,#5767,.F.);
#6942 = ORIENTED_EDGE('',*,*,#6943,.T.);
#6943 = EDGE_CURVE('',#5732,#6880,#6944,.T.);
#6944 = SURFACE_CURVE('',#6945,(#6950,#6963),.PCURVE_S1.);
#6945 = ELLIPSE('',#6946,2.65165042945,1.875);
#6946 = AXIS2_PLACEMENT_3D('',#6947,#6948,#6949);
#6947 = CARTESIAN_POINT('',(5.,15.,5.));
#6948 = DIRECTION('',(0.707106781187,-0.707106781187,0.));
#6949 = DIRECTION('',(0.707106781187,0.707106781187,-1.570092458684E-16)
  );
#6950 = PCURVE('',#909,#6951);
#6951 = DEFINITIONAL_REPRESENTATION('',(#6952),#6962);
#6952 = B_SPLINE_CURVE_WITH_KNOTS('',8,(#6953,#6954,#6955,#6956,#6957,
    #6958,#6959,#6960,#6961),.UNSPECIFIED.,.F.,.F.,(9,9),(4.712388980385
    ,6.28318530718),.PIECEWISE_BEZIER_KNOTS.);
#6953 = CARTESIAN_POINT('',(-4.712388980385,-5.));
#6954 = CARTESIAN_POINT('',(-4.908738521234,-4.631844610907));
#6955 = CARTESIAN_POINT('',(-5.105088062082,-4.263689134401));
#6956 = CARTESIAN_POINT('',(-5.301437602935,-3.917162635234));
#6957 = CARTESIAN_POINT('',(-5.497787143748,-3.613889842651));
#6958 = CARTESIAN_POINT('',(-5.694136684644,-3.372841163125));
#6959 = CARTESIAN_POINT('',(-5.890486225476,-3.207613954972));
#6960 = CARTESIAN_POINT('',(-6.08683576633,-3.125));
#6961 = CARTESIAN_POINT('',(-6.28318530718,-3.125));
#6962 = ( GEOMETRIC_REPRESENTATION_CONTEXT(2) 
PARAMETRIC_REPRESENTATION_CONTEXT() REPRESENTATION_CONTEXT('2D SPACE',''
  ) );
#6963 = PCURVE('',#3507,#6964);
#6964 = DEFINITIONAL_REPRESENTATION('',(#6965),#6975);
#6965 = B_SPLINE_CURVE_WITH_KNOTS('',8,(#6966,#6967,#6968,#6969,#6970,
    #6971,#6972,#6973,#6974),.UNSPECIFIED.,.F.,.F.,(9,9),(4.712388980385
    ,6.28318530718),.PIECEWISE_BEZIER_KNOTS.);
#6966 = CARTESIAN_POINT('',(-3.14159265359,-25.));
#6967 = CARTESIAN_POINT('',(-2.94524311274,-24.6318446109));
#6968 = CARTESIAN_POINT('',(-2.748893571889,-24.2636891344));
#6969 = CARTESIAN_POINT('',(-2.552544031052,-23.91716263514));
#6970 = CARTESIAN_POINT('',(-2.356194490178,-23.61388984274));
#6971 = CARTESIAN_POINT('',(-2.15984494935,-23.37284116307));
#6972 = CARTESIAN_POINT('',(-1.96349540849,-23.20761395497));
#6973 = CARTESIAN_POINT('',(-1.767145867644,-23.125));
#6974 = CARTESIAN_POINT('',(-1.570796326795,-23.125));
#6975 = ( GEOMETRIC_REPRESENTATION_CONTEXT(2) 
PARAMETRIC_REPRESENTATION_CONTEXT() REPRESENTATION_CONTEXT('2D SPACE',''
  ) );
#6976 = ADVANCED_FACE('',(#6977),#944,.F.);
#6977 = FACE_BOUND('',#6978,.T.);
#6978 = EDGE_LOOP('',(#6979,#6980,#7003,#7037,#7038,#7086,#7087,#7121));
#6979 = ORIENTED_EDGE('',*,*,#923,.F.);
#6980 = ORIENTED_EDGE('',*,*,#6981,.T.);
#6981 = EDGE_CURVE('',#924,#6982,#6984,.T.);
#6982 = VERTEX_POINT('',#6983);
#6983 = CARTESIAN_POINT('',(16.875,16.875,5.));
#6984 = SEAM_CURVE('',#6985,(#6989,#6996),.PCURVE_S1.);
#6985 = LINE('',#6986,#6987);
#6986 = CARTESIAN_POINT('',(16.875,20.,5.));
#6987 = VECTOR('',#6988,1.);
#6988 = DIRECTION('',(0.,-1.,1.110223024625E-16));
#6989 = PCURVE('',#944,#6990);
#6990 = DEFINITIONAL_REPRESENTATION('',(#6991),#6995);
#6991 = LINE('',#6992,#6993);
#6992 = CARTESIAN_POINT('',(-6.28318530718,0.));
#6993 = VECTOR('',#6994,1.);
#6994 = DIRECTION('',(-0.,-1.));
#6995 = ( GEOMETRIC_REPRESENTATION_CONTEXT(2) 
PARAMETRIC_REPRESENTATION_CONTEXT() REPRESENTATION_CONTEXT('2D SPACE',''
  ) );
#6996 = PCURVE('',#944,#6997);
#6997 = DEFINITIONAL_REPRESENTATION('',(#6998),#7002);
#6998 = LINE('',#6999,#7000);
#6999 = CARTESIAN_POINT('',(-0.,0.));
#7000 = VECTOR('',#7001,1.);
#7001 = DIRECTION('',(-0.,-1.));
#7002 = ( GEOMETRIC_REPRESENTATION_CONTEXT(2) 
PARAMETRIC_REPRESENTATION_CONTEXT() REPRESENTATION_CONTEXT('2D SPACE',''
  ) );
#7003 = ORIENTED_EDGE('',*,*,#7004,.T.);
#7004 = EDGE_CURVE('',#6982,#3732,#7005,.T.);
#7005 = SURFACE_CURVE('',#7006,(#7011,#7024),.PCURVE_S1.);
#7006 = ELLIPSE('',#7007,2.65165042945,1.875);
#7007 = AXIS2_PLACEMENT_3D('',#7008,#7009,#7010);
#7008 = CARTESIAN_POINT('',(15.,15.,5.));
#7009 = DIRECTION('',(0.707106781187,-0.707106781187,0.));
#7010 = DIRECTION('',(0.707106781187,0.707106781187,-1.570092458684E-16)
  );
#7011 = PCURVE('',#944,#7012);
#7012 = DEFINITIONAL_REPRESENTATION('',(#7013),#7023);
#7013 = B_SPLINE_CURVE_WITH_KNOTS('',8,(#7014,#7015,#7016,#7017,#7018,
    #7019,#7020,#7021,#7022),.UNSPECIFIED.,.F.,.F.,(9,9),(0.,
    1.570796326795),.PIECEWISE_BEZIER_KNOTS.);
#7014 = CARTESIAN_POINT('',(0.,-3.125));
#7015 = CARTESIAN_POINT('',(-0.196349540849,-3.125));
#7016 = CARTESIAN_POINT('',(-0.392699081699,-3.207613954971));
#7017 = CARTESIAN_POINT('',(-0.589048622547,-3.372841163115));
#7018 = CARTESIAN_POINT('',(-0.785398163397,-3.613889842654));
#7019 = CARTESIAN_POINT('',(-0.981747704246,-3.917162635234));
#7020 = CARTESIAN_POINT('',(-1.178097245097,-4.263689134402));
#7021 = CARTESIAN_POINT('',(-1.374446785946,-4.631844610907));
#7022 = CARTESIAN_POINT('',(-1.570796326795,-5.));
#7023 = ( GEOMETRIC_REPRESENTATION_CONTEXT(2) 
PARAMETRIC_REPRESENTATION_CONTEXT() REPRESENTATION_CONTEXT('2D SPACE',''
  ) );
#7024 = PCURVE('',#3793,#7025);
#7025 = DEFINITIONAL_REPRESENTATION('',(#7026),#7036);
#7026 = B_SPLINE_CURVE_WITH_KNOTS('',8,(#7027,#7028,#7029,#7030,#7031,
    #7032,#7033,#7034,#7035),.UNSPECIFIED.,.F.,.F.,(9,9),(0.,
    1.570796326795),.PIECEWISE_BEZIER_KNOTS.);
#7027 = CARTESIAN_POINT('',(-1.570796326795,-13.125));
#7028 = CARTESIAN_POINT('',(-1.374446785946,-13.125));
#7029 = CARTESIAN_POINT('',(-1.178097245097,-13.20761395495));
#7030 = CARTESIAN_POINT('',(-0.981747704242,-13.37284116314));
#7031 = CARTESIAN_POINT('',(-0.7853981634,-13.61388984261));
#7032 = CARTESIAN_POINT('',(-0.589048622543,-13.91716263526));
#7033 = CARTESIAN_POINT('',(-0.392699081699,-14.26368913439));
#7034 = CARTESIAN_POINT('',(-0.196349540849,-14.6318446109));
#7035 = CARTESIAN_POINT('',(0.,-15.));
#7036 = ( GEOMETRIC_REPRESENTATION_CONTEXT(2) 
PARAMETRIC_REPRESENTATION_CONTEXT() REPRESENTATION_CONTEXT('2D SPACE',''
  ) );
#7037 = ORIENTED_EDGE('',*,*,#3828,.T.);
#7038 = ORIENTED_EDGE('',*,*,#7039,.F.);
#7039 = EDGE_CURVE('',#6263,#3829,#7040,.T.);
#7040 = SURFACE_CURVE('',#7041,(#7046,#7066),.PCURVE_S1.);
#7041 = ELLIPSE('',#7042,2.65165042945,1.875);
#7042 = AXIS2_PLACEMENT_3D('',#7043,#7044,#7045);
#7043 = CARTESIAN_POINT('',(15.,15.,5.));
#7044 = DIRECTION('',(0.707106781187,0.707106781187,-1.570092458684E-16)
  );
#7045 = DIRECTION('',(0.707106781187,-0.707106781187,0.));
#7046 = PCURVE('',#944,#7047);
#7047 = DEFINITIONAL_REPRESENTATION('',(#7048),#7065);
#7048 = B_SPLINE_CURVE_WITH_KNOTS('',8,(#7049,#7050,#7051,#7052,#7053,
    #7054,#7055,#7056,#7057,#7058,#7059,#7060,#7061,#7062,#7063,#7064),
  .UNSPECIFIED.,.F.,.F.,(9,7,9),(1.570796326795,3.14159265359,
    4.712388980385),.UNSPECIFIED.);
#7049 = CARTESIAN_POINT('',(-4.712388980385,-5.));
#7050 = CARTESIAN_POINT('',(-4.516039439535,-4.631844610907));
#7051 = CARTESIAN_POINT('',(-4.319689898682,-4.263689134401));
#7052 = CARTESIAN_POINT('',(-4.123340357843,-3.917162635242));
#7053 = CARTESIAN_POINT('',(-3.92699081697,-3.613889842651));
#7054 = CARTESIAN_POINT('',(-3.730641276139,-3.372841163125));
#7055 = CARTESIAN_POINT('',(-3.534291735285,-3.20761395497));
#7056 = CARTESIAN_POINT('',(-3.337942194439,-3.125));
#7057 = CARTESIAN_POINT('',(-2.94524311274,-3.125));
#7058 = CARTESIAN_POINT('',(-2.74889357189,-3.207613954971));
#7059 = CARTESIAN_POINT('',(-2.552544031035,-3.372841163109));
#7060 = CARTESIAN_POINT('',(-2.356194490185,-3.613889842654));
#7061 = CARTESIAN_POINT('',(-2.15984494934,-3.917162635222));
#7062 = CARTESIAN_POINT('',(-1.963495408492,-4.2636891344));
#7063 = CARTESIAN_POINT('',(-1.767145867644,-4.631844610907));
#7064 = CARTESIAN_POINT('',(-1.570796326795,-5.));
#7065 = ( GEOMETRIC_REPRESENTATION_CONTEXT(2) 
PARAMETRIC_REPRESENTATION_CONTEXT() REPRESENTATION_CONTEXT('2D SPACE',''
  ) );
#7066 = PCURVE('',#3507,#7067);
#7067 = DEFINITIONAL_REPRESENTATION('',(#7068),#7085);
#7068 = B_SPLINE_CURVE_WITH_KNOTS('',8,(#7069,#7070,#7071,#7072,#7073,
    #7074,#7075,#7076,#7077,#7078,#7079,#7080,#7081,#7082,#7083,#7084),
  .UNSPECIFIED.,.F.,.F.,(9,7,9),(1.570796326795,3.14159265359,
    4.712388980385),.UNSPECIFIED.);
#7069 = CARTESIAN_POINT('',(-3.14159265359,-15.));
#7070 = CARTESIAN_POINT('',(-2.94524311274,-15.36815538909));
#7071 = CARTESIAN_POINT('',(-2.74889357189,-15.73631086559));
#7072 = CARTESIAN_POINT('',(-2.552544031039,-16.0828373647));
#7073 = CARTESIAN_POINT('',(-2.356194490188,-16.38611015735));
#7074 = CARTESIAN_POINT('',(-2.159844949337,-16.62715883685));
#7075 = CARTESIAN_POINT('',(-1.963495408494,-16.79238604502));
#7076 = CARTESIAN_POINT('',(-1.767145867644,-16.875));
#7077 = CARTESIAN_POINT('',(-1.374446785946,-16.875));
#7078 = CARTESIAN_POINT('',(-1.178097245096,-16.792386045));
#7079 = CARTESIAN_POINT('',(-0.981747704246,-16.62715883692));
#7080 = CARTESIAN_POINT('',(-0.785398163396,-16.38611015721));
#7081 = CARTESIAN_POINT('',(-0.589048622547,-16.08283736476));
#7082 = CARTESIAN_POINT('',(-0.392699081699,-15.73631086557));
#7083 = CARTESIAN_POINT('',(-0.196349540849,-15.36815538909));
#7084 = CARTESIAN_POINT('',(0.,-15.));
#7085 = ( GEOMETRIC_REPRESENTATION_CONTEXT(2) 
PARAMETRIC_REPRESENTATION_CONTEXT() REPRESENTATION_CONTEXT('2D SPACE',''
  ) );
#7086 = ORIENTED_EDGE('',*,*,#6444,.T.);
#7087 = ORIENTED_EDGE('',*,*,#7088,.T.);
#7088 = EDGE_CURVE('',#5890,#6982,#7089,.T.);
#7089 = SURFACE_CURVE('',#7090,(#7095,#7108),.PCURVE_S1.);
#7090 = ELLIPSE('',#7091,2.65165042945,1.875);
#7091 = AXIS2_PLACEMENT_3D('',#7092,#7093,#7094);
#7092 = CARTESIAN_POINT('',(15.,15.,5.));
#7093 = DIRECTION('',(0.707106781187,-0.707106781187,0.));
#7094 = DIRECTION('',(0.707106781187,0.707106781187,-1.570092458684E-16)
  );
#7095 = PCURVE('',#944,#7096);
#7096 = DEFINITIONAL_REPRESENTATION('',(#7097),#7107);
#7097 = B_SPLINE_CURVE_WITH_KNOTS('',8,(#7098,#7099,#7100,#7101,#7102,
    #7103,#7104,#7105,#7106),.UNSPECIFIED.,.F.,.F.,(9,9),(4.712388980385
    ,6.28318530718),.PIECEWISE_BEZIER_KNOTS.);
#7098 = CARTESIAN_POINT('',(-4.712388980385,-5.));
#7099 = CARTESIAN_POINT('',(-4.908738521234,-4.631844610907));
#7100 = CARTESIAN_POINT('',(-5.10508806209,-4.263689134401));
#7101 = CARTESIAN_POINT('',(-5.301437602891,-3.917162635234));
#7102 = CARTESIAN_POINT('',(-5.497787143806,-3.613889842651));
#7103 = CARTESIAN_POINT('',(-5.6941366846,-3.372841163125));
#7104 = CARTESIAN_POINT('',(-5.890486225483,-3.207613954972));
#7105 = CARTESIAN_POINT('',(-6.08683576633,-3.125));
#7106 = CARTESIAN_POINT('',(-6.28318530718,-3.125));
#7107 = ( GEOMETRIC_REPRESENTATION_CONTEXT(2) 
PARAMETRIC_REPRESENTATION_CONTEXT() REPRESENTATION_CONTEXT('2D SPACE',''
  ) );
#7108 = PCURVE('',#3793,#7109);
#7109 = DEFINITIONAL_REPRESENTATION('',(#7110),#7120);
#7110 = B_SPLINE_CURVE_WITH_KNOTS('',8,(#7111,#7112,#7113,#7114,#7115,
    #7116,#7117,#7118,#7119),.UNSPECIFIED.,.F.,.F.,(9,9),(4.712388980385
    ,6.28318530718),.PIECEWISE_BEZIER_KNOTS.);
#7111 = CARTESIAN_POINT('',(-3.14159265359,-15.));
#7112 = CARTESIAN_POINT('',(-2.94524311274,-14.6318446109));
#7113 = CARTESIAN_POINT('',(-2.748893571889,-14.26368913441));
#7114 = CARTESIAN_POINT('',(-2.552544031047,-13.91716263518));
#7115 = CARTESIAN_POINT('',(-2.356194490181,-13.61388984264));
#7116 = CARTESIAN_POINT('',(-2.159844949344,-13.37284116307));
#7117 = CARTESIAN_POINT('',(-1.963495408492,-13.20761395498));
#7118 = CARTESIAN_POINT('',(-1.767145867644,-13.125));
#7119 = CARTESIAN_POINT('',(-1.570796326795,-13.125));
#7120 = ( GEOMETRIC_REPRESENTATION_CONTEXT(2) 
PARAMETRIC_REPRESENTATION_CONTEXT() REPRESENTATION_CONTEXT('2D SPACE',''
  ) );
#7121 = ORIENTED_EDGE('',*,*,#6981,.F.);
#7122 = ADVANCED_FACE('',(#7123),#979,.F.);
#7123 = FACE_BOUND('',#7124,.T.);
#7124 = EDGE_LOOP('',(#7125,#7148,#7149,#7150,#7184,#7185,#7186,#7234,
    #7235,#7236));
#7125 = ORIENTED_EDGE('',*,*,#7126,.F.);
#7126 = EDGE_CURVE('',#959,#7127,#7129,.T.);
#7127 = VERTEX_POINT('',#7128);
#7128 = CARTESIAN_POINT('',(26.875,16.875,5.));
#7129 = SEAM_CURVE('',#7130,(#7134,#7141),.PCURVE_S1.);
#7130 = LINE('',#7131,#7132);
#7131 = CARTESIAN_POINT('',(26.875,20.,5.));
#7132 = VECTOR('',#7133,1.);
#7133 = DIRECTION('',(0.,-1.,1.110223024625E-16));
#7134 = PCURVE('',#979,#7135);
#7135 = DEFINITIONAL_REPRESENTATION('',(#7136),#7140);
#7136 = LINE('',#7137,#7138);
#7137 = CARTESIAN_POINT('',(-6.28318530718,0.));
#7138 = VECTOR('',#7139,1.);
#7139 = DIRECTION('',(-0.,-1.));
#7140 = ( GEOMETRIC_REPRESENTATION_CONTEXT(2) 
PARAMETRIC_REPRESENTATION_CONTEXT() REPRESENTATION_CONTEXT('2D SPACE',''
  ) );
#7141 = PCURVE('',#979,#7142);
#7142 = DEFINITIONAL_REPRESENTATION('',(#7143),#7147);
#7143 = LINE('',#7144,#7145);
#7144 = CARTESIAN_POINT('',(-0.,0.));
#7145 = VECTOR('',#7146,1.);
#7146 = DIRECTION('',(-0.,-1.));
#7147 = ( GEOMETRIC_REPRESENTATION_CONTEXT(2) 
PARAMETRIC_REPRESENTATION_CONTEXT() REPRESENTATION_CONTEXT('2D SPACE',''
  ) );
#7148 = ORIENTED_EDGE('',*,*,#958,.F.);
#7149 = ORIENTED_EDGE('',*,*,#7126,.T.);
#7150 = ORIENTED_EDGE('',*,*,#7151,.T.);
#7151 = EDGE_CURVE('',#7127,#4435,#7152,.T.);
#7152 = SURFACE_CURVE('',#7153,(#7158,#7171),.PCURVE_S1.);
#7153 = ELLIPSE('',#7154,2.65165042945,1.875);
#7154 = AXIS2_PLACEMENT_3D('',#7155,#7156,#7157);
#7155 = CARTESIAN_POINT('',(25.,15.,5.));
#7156 = DIRECTION('',(0.707106781187,-0.707106781187,0.));
#7157 = DIRECTION('',(0.707106781187,0.707106781187,-1.570092458684E-16)
  );
#7158 = PCURVE('',#979,#7159);
#7159 = DEFINITIONAL_REPRESENTATION('',(#7160),#7170);
#7160 = B_SPLINE_CURVE_WITH_KNOTS('',8,(#7161,#7162,#7163,#7164,#7165,
    #7166,#7167,#7168,#7169),.UNSPECIFIED.,.F.,.F.,(9,9),(0.,
    1.570796326795),.PIECEWISE_BEZIER_KNOTS.);
#7161 = CARTESIAN_POINT('',(0.,-3.125));
#7162 = CARTESIAN_POINT('',(-0.196349540849,-3.125));
#7163 = CARTESIAN_POINT('',(-0.392699081698,-3.207613954971));
#7164 = CARTESIAN_POINT('',(-0.589048622546,-3.372841163115));
#7165 = CARTESIAN_POINT('',(-0.785398163398,-3.613889842654));
#7166 = CARTESIAN_POINT('',(-0.981747704244,-3.917162635234));
#7167 = CARTESIAN_POINT('',(-1.178097245095,-4.263689134402));
#7168 = CARTESIAN_POINT('',(-1.374446785946,-4.631844610907));
#7169 = CARTESIAN_POINT('',(-1.570796326795,-5.));
#7170 = ( GEOMETRIC_REPRESENTATION_CONTEXT(2) 
PARAMETRIC_REPRESENTATION_CONTEXT() REPRESENTATION_CONTEXT('2D SPACE',''
  ) );
#7171 = PCURVE('',#1522,#7172);
#7172 = DEFINITIONAL_REPRESENTATION('',(#7173),#7183);
#7173 = B_SPLINE_CURVE_WITH_KNOTS('',8,(#7174,#7175,#7176,#7177,#7178,
    #7179,#7180,#7181,#7182),.UNSPECIFIED.,.F.,.F.,(9,9),(0.,
    1.570796326795),.PIECEWISE_BEZIER_KNOTS.);
#7174 = CARTESIAN_POINT('',(-1.570796326795,-3.125));
#7175 = CARTESIAN_POINT('',(-1.374446785946,-3.125));
#7176 = CARTESIAN_POINT('',(-1.178097245096,-3.207613954972));
#7177 = CARTESIAN_POINT('',(-0.981747704246,-3.372841163104));
#7178 = CARTESIAN_POINT('',(-0.785398163399,-3.613889842665));
#7179 = CARTESIAN_POINT('',(-0.589048622547,-3.917162635218));
#7180 = CARTESIAN_POINT('',(-0.392699081699,-4.263689134401));
#7181 = CARTESIAN_POINT('',(-0.196349540849,-4.631844610907));
#7182 = CARTESIAN_POINT('',(0.,-5.));
#7183 = ( GEOMETRIC_REPRESENTATION_CONTEXT(2) 
PARAMETRIC_REPRESENTATION_CONTEXT() REPRESENTATION_CONTEXT('2D SPACE',''
  ) );
#7184 = ORIENTED_EDGE('',*,*,#4689,.F.);
#7185 = ORIENTED_EDGE('',*,*,#4653,.F.);
#7186 = ORIENTED_EDGE('',*,*,#7187,.F.);
#7187 = EDGE_CURVE('',#6743,#4618,#7188,.T.);
#7188 = SURFACE_CURVE('',#7189,(#7194,#7214),.PCURVE_S1.);
#7189 = ELLIPSE('',#7190,2.65165042945,1.875);
#7190 = AXIS2_PLACEMENT_3D('',#7191,#7192,#7193);
#7191 = CARTESIAN_POINT('',(25.,15.,5.));
#7192 = DIRECTION('',(0.707106781187,0.707106781187,-1.570092458684E-16)
  );
#7193 = DIRECTION('',(0.707106781187,-0.707106781187,0.));
#7194 = PCURVE('',#979,#7195);
#7195 = DEFINITIONAL_REPRESENTATION('',(#7196),#7213);
#7196 = B_SPLINE_CURVE_WITH_KNOTS('',8,(#7197,#7198,#7199,#7200,#7201,
    #7202,#7203,#7204,#7205,#7206,#7207,#7208,#7209,#7210,#7211,#7212),
  .UNSPECIFIED.,.F.,.F.,(9,7,9),(1.570796326795,3.14159265359,
    4.712388980385),.UNSPECIFIED.);
#7197 = CARTESIAN_POINT('',(-4.712388980385,-5.));
#7198 = CARTESIAN_POINT('',(-4.516039439535,-4.631844610907));
#7199 = CARTESIAN_POINT('',(-4.319689898685,-4.263689134401));
#7200 = CARTESIAN_POINT('',(-4.123340357828,-3.917162635242));
#7201 = CARTESIAN_POINT('',(-3.926990816984,-3.613889842651));
#7202 = CARTESIAN_POINT('',(-3.730641276132,-3.372841163125));
#7203 = CARTESIAN_POINT('',(-3.534291735287,-3.20761395497));
#7204 = CARTESIAN_POINT('',(-3.337942194439,-3.125));
#7205 = CARTESIAN_POINT('',(-2.94524311274,-3.125));
#7206 = CARTESIAN_POINT('',(-2.748893571886,-3.207613954971));
#7207 = CARTESIAN_POINT('',(-2.552544031049,-3.372841163109));
#7208 = CARTESIAN_POINT('',(-2.35619449017,-3.613889842654));
#7209 = CARTESIAN_POINT('',(-2.159844949351,-3.917162635222));
#7210 = CARTESIAN_POINT('',(-1.963495408489,-4.2636891344));
#7211 = CARTESIAN_POINT('',(-1.767145867644,-4.631844610907));
#7212 = CARTESIAN_POINT('',(-1.570796326795,-5.));
#7213 = ( GEOMETRIC_REPRESENTATION_CONTEXT(2) 
PARAMETRIC_REPRESENTATION_CONTEXT() REPRESENTATION_CONTEXT('2D SPACE',''
  ) );
#7214 = PCURVE('',#3793,#7215);
#7215 = DEFINITIONAL_REPRESENTATION('',(#7216),#7233);
#7216 = B_SPLINE_CURVE_WITH_KNOTS('',8,(#7217,#7218,#7219,#7220,#7221,
    #7222,#7223,#7224,#7225,#7226,#7227,#7228,#7229,#7230,#7231,#7232),
  .UNSPECIFIED.,.F.,.F.,(9,7,9),(1.570796326795,3.14159265359,
    4.712388980385),.UNSPECIFIED.);
#7217 = CARTESIAN_POINT('',(-3.14159265359,-5.));
#7218 = CARTESIAN_POINT('',(-2.94524311274,-5.368155389093));
#7219 = CARTESIAN_POINT('',(-2.748893571888,-5.736310865594));
#7220 = CARTESIAN_POINT('',(-2.552544031041,-6.082837364775));
#7221 = CARTESIAN_POINT('',(-2.356194490187,-6.38611015732));
#7222 = CARTESIAN_POINT('',(-2.159844949342,-6.627158836884));
#7223 = CARTESIAN_POINT('',(-1.963495408491,-6.792386045019));
#7224 = CARTESIAN_POINT('',(-1.767145867644,-6.875));
#7225 = CARTESIAN_POINT('',(-1.374446785946,-6.875));
#7226 = CARTESIAN_POINT('',(-1.178097245097,-6.792386045019));
#7227 = CARTESIAN_POINT('',(-0.981747704242,-6.62715883692));
#7228 = CARTESIAN_POINT('',(-0.7853981634,-6.386110157306));
#7229 = CARTESIAN_POINT('',(-0.589048622545,-6.082837364804));
#7230 = CARTESIAN_POINT('',(-0.392699081699,-5.736310865591));
#7231 = CARTESIAN_POINT('',(-0.196349540849,-5.368155389093));
#7232 = CARTESIAN_POINT('',(0.,-5.));
#7233 = ( GEOMETRIC_REPRESENTATION_CONTEXT(2) 
PARAMETRIC_REPRESENTATION_CONTEXT() REPRESENTATION_CONTEXT('2D SPACE',''
  ) );
#7234 = ORIENTED_EDGE('',*,*,#6742,.F.);
#7235 = ORIENTED_EDGE('',*,*,#6706,.F.);
#7236 = ORIENTED_EDGE('',*,*,#7237,.T.);
#7237 = EDGE_CURVE('',#6671,#7127,#7238,.T.);
#7238 = SURFACE_CURVE('',#7239,(#7244,#7257),.PCURVE_S1.);
#7239 = ELLIPSE('',#7240,2.65165042945,1.875);
#7240 = AXIS2_PLACEMENT_3D('',#7241,#7242,#7243);
#7241 = CARTESIAN_POINT('',(25.,15.,5.));
#7242 = DIRECTION('',(0.707106781187,-0.707106781187,0.));
#7243 = DIRECTION('',(0.707106781187,0.707106781187,-1.570092458684E-16)
  );
#7244 = PCURVE('',#979,#7245);
#7245 = DEFINITIONAL_REPRESENTATION('',(#7246),#7256);
#7246 = B_SPLINE_CURVE_WITH_KNOTS('',8,(#7247,#7248,#7249,#7250,#7251,
    #7252,#7253,#7254,#7255),.UNSPECIFIED.,.F.,.F.,(9,9),(4.712388980385
    ,6.28318530718),.PIECEWISE_BEZIER_KNOTS.);
#7247 = CARTESIAN_POINT('',(-4.712388980385,-5.));
#7248 = CARTESIAN_POINT('',(-4.908738521234,-4.631844610907));
#7249 = CARTESIAN_POINT('',(-5.105088062082,-4.263689134401));
#7250 = CARTESIAN_POINT('',(-5.301437602935,-3.917162635234));
#7251 = CARTESIAN_POINT('',(-5.497787143748,-3.613889842651));
#7252 = CARTESIAN_POINT('',(-5.694136684644,-3.372841163125));
#7253 = CARTESIAN_POINT('',(-5.890486225476,-3.207613954972));
#7254 = CARTESIAN_POINT('',(-6.08683576633,-3.125));
#7255 = CARTESIAN_POINT('',(-6.28318530718,-3.125));
#7256 = ( GEOMETRIC_REPRESENTATION_CONTEXT(2) 
PARAMETRIC_REPRESENTATION_CONTEXT() REPRESENTATION_CONTEXT('2D SPACE',''
  ) );
#7257 = PCURVE('',#1522,#7258);
#7258 = DEFINITIONAL_REPRESENTATION('',(#7259),#7269);
#7259 = B_SPLINE_CURVE_WITH_KNOTS('',8,(#7260,#7261,#7262,#7263,#7264,
    #7265,#7266,#7267,#7268),.UNSPECIFIED.,.F.,.F.,(9,9),(4.712388980385
    ,6.28318530718),.PIECEWISE_BEZIER_KNOTS.);
#7260 = CARTESIAN_POINT('',(-3.14159265359,-5.));
#7261 = CARTESIAN_POINT('',(-2.94524311274,-4.631844610907));
#7262 = CARTESIAN_POINT('',(-2.748893571892,-4.263689134401));
#7263 = CARTESIAN_POINT('',(-2.55254403103,-3.917162635234));
#7264 = CARTESIAN_POINT('',(-2.356194490201,-3.613889842651));
#7265 = CARTESIAN_POINT('',(-2.159844949335,-3.372841163125));
#7266 = CARTESIAN_POINT('',(-1.963495408495,-3.207613954972));
#7267 = CARTESIAN_POINT('',(-1.767145867644,-3.125));
#7268 = CARTESIAN_POINT('',(-1.570796326795,-3.125));
#7269 = ( GEOMETRIC_REPRESENTATION_CONTEXT(2) 
PARAMETRIC_REPRESENTATION_CONTEXT() REPRESENTATION_CONTEXT('2D SPACE',''
  ) );
#7270 = ADVANCED_FACE('',(#7271),#1219,.F.);
#7271 = FACE_BOUND('',#7272,.T.);
#7272 = EDGE_LOOP('',(#7273,#7274,#7310,#7333,#7367,#7368,#7369,#7370,
    #7371,#7372,#7406,#7407,#7441,#7442));
#7273 = ORIENTED_EDGE('',*,*,#3584,.T.);
#7274 = ORIENTED_EDGE('',*,*,#7275,.T.);
#7275 = EDGE_CURVE('',#3549,#7276,#7278,.T.);
#7276 = VERTEX_POINT('',#7277);
#7277 = CARTESIAN_POINT('',(6.875,13.125,5.));
#7278 = SURFACE_CURVE('',#7279,(#7284,#7297),.PCURVE_S1.);
#7279 = ELLIPSE('',#7280,2.65165042945,1.875);
#7280 = AXIS2_PLACEMENT_3D('',#7281,#7282,#7283);
#7281 = CARTESIAN_POINT('',(5.,15.,5.));
#7282 = DIRECTION('',(0.707106781187,0.707106781187,-1.570092458684E-16)
  );
#7283 = DIRECTION('',(0.707106781187,-0.707106781187,0.));
#7284 = PCURVE('',#1219,#7285);
#7285 = DEFINITIONAL_REPRESENTATION('',(#7286),#7296);
#7286 = B_SPLINE_CURVE_WITH_KNOTS('',8,(#7287,#7288,#7289,#7290,#7291,
    #7292,#7293,#7294,#7295),.UNSPECIFIED.,.F.,.F.,(9,9),(4.712388980385
    ,6.28318530718),.PIECEWISE_BEZIER_KNOTS.);
#7287 = CARTESIAN_POINT('',(-1.570796326795,-5.));
#7288 = CARTESIAN_POINT('',(-1.374446785946,-5.368155389093));
#7289 = CARTESIAN_POINT('',(-1.178097245096,-5.736310865594));
#7290 = CARTESIAN_POINT('',(-0.981747704243,-6.082837364767));
#7291 = CARTESIAN_POINT('',(-0.785398163396,-6.38611015732));
#7292 = CARTESIAN_POINT('',(-0.589048622544,-6.627158836884));
#7293 = CARTESIAN_POINT('',(-0.392699081699,-6.792386045023));
#7294 = CARTESIAN_POINT('',(-0.196349540849,-6.875));
#7295 = CARTESIAN_POINT('',(-4.736951571734E-16,-6.875));
#7296 = ( GEOMETRIC_REPRESENTATION_CONTEXT(2) 
PARAMETRIC_REPRESENTATION_CONTEXT() REPRESENTATION_CONTEXT('2D SPACE',''
  ) );
#7297 = PCURVE('',#3507,#7298);
#7298 = DEFINITIONAL_REPRESENTATION('',(#7299),#7309);
#7299 = B_SPLINE_CURVE_WITH_KNOTS('',8,(#7300,#7301,#7302,#7303,#7304,
    #7305,#7306,#7307,#7308),.UNSPECIFIED.,.F.,.F.,(9,9),(4.712388980385
    ,6.28318530718),.PIECEWISE_BEZIER_KNOTS.);
#7300 = CARTESIAN_POINT('',(-6.28318530718,-25.));
#7301 = CARTESIAN_POINT('',(-6.08683576633,-24.6318446109));
#7302 = CARTESIAN_POINT('',(-5.890486225482,-24.2636891344));
#7303 = CARTESIAN_POINT('',(-5.694136684631,-23.91716263514));
#7304 = CARTESIAN_POINT('',(-5.497787143785,-23.61388984274));
#7305 = CARTESIAN_POINT('',(-5.301437602933,-23.37284116307));
#7306 = CARTESIAN_POINT('',(-5.105088062084,-23.20761395497));
#7307 = CARTESIAN_POINT('',(-4.908738521234,-23.125));
#7308 = CARTESIAN_POINT('',(-4.712388980385,-23.125));
#7309 = ( GEOMETRIC_REPRESENTATION_CONTEXT(2) 
PARAMETRIC_REPRESENTATION_CONTEXT() REPRESENTATION_CONTEXT('2D SPACE',''
  ) );
#7310 = ORIENTED_EDGE('',*,*,#7311,.T.);
#7311 = EDGE_CURVE('',#7276,#7312,#7314,.T.);
#7312 = VERTEX_POINT('',#7313);
#7313 = CARTESIAN_POINT('',(6.875,6.875,5.));
#7314 = SEAM_CURVE('',#7315,(#7319,#7326),.PCURVE_S1.);
#7315 = LINE('',#7316,#7317);
#7316 = CARTESIAN_POINT('',(6.875,20.,5.));
#7317 = VECTOR('',#7318,1.);
#7318 = DIRECTION('',(0.,-1.,1.110223024625E-16));
#7319 = PCURVE('',#1219,#7320);
#7320 = DEFINITIONAL_REPRESENTATION('',(#7321),#7325);
#7321 = LINE('',#7322,#7323);
#7322 = CARTESIAN_POINT('',(-6.28318530718,0.));
#7323 = VECTOR('',#7324,1.);
#7324 = DIRECTION('',(-0.,-1.));
#7325 = ( GEOMETRIC_REPRESENTATION_CONTEXT(2) 
PARAMETRIC_REPRESENTATION_CONTEXT() REPRESENTATION_CONTEXT('2D SPACE',''
  ) );
#7326 = PCURVE('',#1219,#7327);
#7327 = DEFINITIONAL_REPRESENTATION('',(#7328),#7332);
#7328 = LINE('',#7329,#7330);
#7329 = CARTESIAN_POINT('',(-0.,0.));
#7330 = VECTOR('',#7331,1.);
#7331 = DIRECTION('',(-0.,-1.));
#7332 = ( GEOMETRIC_REPRESENTATION_CONTEXT(2) 
PARAMETRIC_REPRESENTATION_CONTEXT() REPRESENTATION_CONTEXT('2D SPACE',''
  ) );
#7333 = ORIENTED_EDGE('',*,*,#7334,.T.);
#7334 = EDGE_CURVE('',#7312,#2504,#7335,.T.);
#7335 = SURFACE_CURVE('',#7336,(#7341,#7354),.PCURVE_S1.);
#7336 = ELLIPSE('',#7337,2.65165042945,1.875);
#7337 = AXIS2_PLACEMENT_3D('',#7338,#7339,#7340);
#7338 = CARTESIAN_POINT('',(5.,5.,5.));
#7339 = DIRECTION('',(0.707106781187,-0.707106781187,0.));
#7340 = DIRECTION('',(0.707106781187,0.707106781187,-1.570092458684E-16)
  );
#7341 = PCURVE('',#1219,#7342);
#7342 = DEFINITIONAL_REPRESENTATION('',(#7343),#7353);
#7343 = B_SPLINE_CURVE_WITH_KNOTS('',8,(#7344,#7345,#7346,#7347,#7348,
    #7349,#7350,#7351,#7352),.UNSPECIFIED.,.F.,.F.,(9,9),(0.,
    1.570796326795),.PIECEWISE_BEZIER_KNOTS.);
#7344 = CARTESIAN_POINT('',(8.881784197001E-16,-13.125));
#7345 = CARTESIAN_POINT('',(-0.196349540849,-13.125));
#7346 = CARTESIAN_POINT('',(-0.392699081698,-13.20761395495));
#7347 = CARTESIAN_POINT('',(-0.589048622545,-13.37284116314));
#7348 = CARTESIAN_POINT('',(-0.7853981634,-13.61388984261));
#7349 = CARTESIAN_POINT('',(-0.981747704244,-13.91716263526));
#7350 = CARTESIAN_POINT('',(-1.178097245096,-14.26368913439));
#7351 = CARTESIAN_POINT('',(-1.374446785946,-14.6318446109));
#7352 = CARTESIAN_POINT('',(-1.570796326795,-15.));
#7353 = ( GEOMETRIC_REPRESENTATION_CONTEXT(2) 
PARAMETRIC_REPRESENTATION_CONTEXT() REPRESENTATION_CONTEXT('2D SPACE',''
  ) );
#7354 = PCURVE('',#1645,#7355);
#7355 = DEFINITIONAL_REPRESENTATION('',(#7356),#7366);
#7356 = B_SPLINE_CURVE_WITH_KNOTS('',8,(#7357,#7358,#7359,#7360,#7361,
    #7362,#7363,#7364,#7365),.UNSPECIFIED.,.F.,.F.,(9,9),(0.,
    1.570796326795),.PIECEWISE_BEZIER_KNOTS.);
#7357 = CARTESIAN_POINT('',(-1.570796326795,-23.125));
#7358 = CARTESIAN_POINT('',(-1.374446785946,-23.125));
#7359 = CARTESIAN_POINT('',(-1.178097245095,-23.20761395497));
#7360 = CARTESIAN_POINT('',(-0.981747704249,-23.37284116318));
#7361 = CARTESIAN_POINT('',(-0.785398163393,-23.61388984268));
#7362 = CARTESIAN_POINT('',(-0.589048622549,-23.91716263526));
#7363 = CARTESIAN_POINT('',(-0.392699081697,-24.26368913438));
#7364 = CARTESIAN_POINT('',(-0.196349540849,-24.6318446109));
#7365 = CARTESIAN_POINT('',(0.,-25.));
#7366 = ( GEOMETRIC_REPRESENTATION_CONTEXT(2) 
PARAMETRIC_REPRESENTATION_CONTEXT() REPRESENTATION_CONTEXT('2D SPACE',''
  ) );
#7367 = ORIENTED_EDGE('',*,*,#2637,.F.);
#7368 = ORIENTED_EDGE('',*,*,#2601,.F.);
#7369 = ORIENTED_EDGE('',*,*,#1299,.F.);
#7370 = ORIENTED_EDGE('',*,*,#4857,.F.);
#7371 = ORIENTED_EDGE('',*,*,#4821,.F.);
#7372 = ORIENTED_EDGE('',*,*,#7373,.T.);
#7373 = EDGE_CURVE('',#4786,#7312,#7374,.T.);
#7374 = SURFACE_CURVE('',#7375,(#7380,#7393),.PCURVE_S1.);
#7375 = ELLIPSE('',#7376,2.65165042945,1.875);
#7376 = AXIS2_PLACEMENT_3D('',#7377,#7378,#7379);
#7377 = CARTESIAN_POINT('',(5.,5.,5.));
#7378 = DIRECTION('',(0.707106781187,-0.707106781187,0.));
#7379 = DIRECTION('',(0.707106781187,0.707106781187,-1.570092458684E-16)
  );
#7380 = PCURVE('',#1219,#7381);
#7381 = DEFINITIONAL_REPRESENTATION('',(#7382),#7392);
#7382 = B_SPLINE_CURVE_WITH_KNOTS('',8,(#7383,#7384,#7385,#7386,#7387,
    #7388,#7389,#7390,#7391),.UNSPECIFIED.,.F.,.F.,(9,9),(4.712388980385
    ,6.28318530718),.PIECEWISE_BEZIER_KNOTS.);
#7383 = CARTESIAN_POINT('',(-4.712388980385,-15.));
#7384 = CARTESIAN_POINT('',(-4.908738521234,-14.6318446109));
#7385 = CARTESIAN_POINT('',(-5.105088062082,-14.26368913441));
#7386 = CARTESIAN_POINT('',(-5.301437602942,-13.91716263519));
#7387 = CARTESIAN_POINT('',(-5.497787143748,-13.61388984262));
#7388 = CARTESIAN_POINT('',(-5.694136684637,-13.37284116308));
#7389 = CARTESIAN_POINT('',(-5.890486225479,-13.20761395498));
#7390 = CARTESIAN_POINT('',(-6.08683576633,-13.125));
#7391 = CARTESIAN_POINT('',(-6.28318530718,-13.125));
#7392 = ( GEOMETRIC_REPRESENTATION_CONTEXT(2) 
PARAMETRIC_REPRESENTATION_CONTEXT() REPRESENTATION_CONTEXT('2D SPACE',''
  ) );
#7393 = PCURVE('',#1645,#7394);
#7394 = DEFINITIONAL_REPRESENTATION('',(#7395),#7405);
#7395 = B_SPLINE_CURVE_WITH_KNOTS('',8,(#7396,#7397,#7398,#7399,#7400,
    #7401,#7402,#7403,#7404),.UNSPECIFIED.,.F.,.F.,(9,9),(4.712388980385
    ,6.28318530718),.PIECEWISE_BEZIER_KNOTS.);
#7396 = CARTESIAN_POINT('',(-3.14159265359,-25.));
#7397 = CARTESIAN_POINT('',(-2.94524311274,-24.6318446109));
#7398 = CARTESIAN_POINT('',(-2.748893571887,-24.2636891344));
#7399 = CARTESIAN_POINT('',(-2.552544031054,-23.91716263514));
#7400 = CARTESIAN_POINT('',(-2.356194490181,-23.61388984274));
#7401 = CARTESIAN_POINT('',(-2.159844949351,-23.37284116307));
#7402 = CARTESIAN_POINT('',(-1.96349540849,-23.20761395497));
#7403 = CARTESIAN_POINT('',(-1.767145867644,-23.125));
#7404 = CARTESIAN_POINT('',(-1.570796326795,-23.125));
#7405 = ( GEOMETRIC_REPRESENTATION_CONTEXT(2) 
PARAMETRIC_REPRESENTATION_CONTEXT() REPRESENTATION_CONTEXT('2D SPACE',''
  ) );
#7406 = ORIENTED_EDGE('',*,*,#7311,.F.);
#7407 = ORIENTED_EDGE('',*,*,#7408,.T.);
#7408 = EDGE_CURVE('',#7276,#5671,#7409,.T.);
#7409 = SURFACE_CURVE('',#7410,(#7415,#7428),.PCURVE_S1.);
#7410 = ELLIPSE('',#7411,2.65165042945,1.875);
#7411 = AXIS2_PLACEMENT_3D('',#7412,#7413,#7414);
#7412 = CARTESIAN_POINT('',(5.,15.,5.));
#7413 = DIRECTION('',(0.707106781187,0.707106781187,-1.570092458684E-16)
  );
#7414 = DIRECTION('',(0.707106781187,-0.707106781187,0.));
#7415 = PCURVE('',#1219,#7416);
#7416 = DEFINITIONAL_REPRESENTATION('',(#7417),#7427);
#7417 = B_SPLINE_CURVE_WITH_KNOTS('',8,(#7418,#7419,#7420,#7421,#7422,
    #7423,#7424,#7425,#7426),.UNSPECIFIED.,.F.,.F.,(9,9),(0.,
    1.570796326795),.PIECEWISE_BEZIER_KNOTS.);
#7418 = CARTESIAN_POINT('',(-6.28318530718,-6.875));
#7419 = CARTESIAN_POINT('',(-6.08683576633,-6.875));
#7420 = CARTESIAN_POINT('',(-5.890486225481,-6.792386045017));
#7421 = CARTESIAN_POINT('',(-5.694136684632,-6.627158836913));
#7422 = CARTESIAN_POINT('',(-5.497787143784,-6.386110157291));
#7423 = CARTESIAN_POINT('',(-5.301437602933,-6.082837364796));
#7424 = CARTESIAN_POINT('',(-5.105088062084,-5.736310865588));
#7425 = CARTESIAN_POINT('',(-4.908738521234,-5.368155389093));
#7426 = CARTESIAN_POINT('',(-4.712388980385,-5.));
#7427 = ( GEOMETRIC_REPRESENTATION_CONTEXT(2) 
PARAMETRIC_REPRESENTATION_CONTEXT() REPRESENTATION_CONTEXT('2D SPACE',''
  ) );
#7428 = PCURVE('',#3507,#7429);
#7429 = DEFINITIONAL_REPRESENTATION('',(#7430),#7440);
#7430 = B_SPLINE_CURVE_WITH_KNOTS('',8,(#7431,#7432,#7433,#7434,#7435,
    #7436,#7437,#7438,#7439),.UNSPECIFIED.,.F.,.F.,(9,9),(0.,
    1.570796326795),.PIECEWISE_BEZIER_KNOTS.);
#7431 = CARTESIAN_POINT('',(-4.712388980385,-23.125));
#7432 = CARTESIAN_POINT('',(-4.516039439535,-23.125));
#7433 = CARTESIAN_POINT('',(-4.319689898687,-23.20761395497));
#7434 = CARTESIAN_POINT('',(-4.123340357823,-23.37284116314));
#7435 = CARTESIAN_POINT('',(-3.926990816995,-23.61388984267));
#7436 = CARTESIAN_POINT('',(-3.730641276128,-23.91716263521));
#7437 = CARTESIAN_POINT('',(-3.53429173529,-24.26368913439));
#7438 = CARTESIAN_POINT('',(-3.337942194439,-24.6318446109));
#7439 = CARTESIAN_POINT('',(-3.14159265359,-25.));
#7440 = ( GEOMETRIC_REPRESENTATION_CONTEXT(2) 
PARAMETRIC_REPRESENTATION_CONTEXT() REPRESENTATION_CONTEXT('2D SPACE',''
  ) );
#7441 = ORIENTED_EDGE('',*,*,#5838,.T.);
#7442 = ORIENTED_EDGE('',*,*,#1191,.F.);
#7443 = ADVANCED_FACE('',(#7444),#1522,.F.);
#7444 = FACE_BOUND('',#7445,.T.);
#7445 = EDGE_LOOP('',(#7446,#7467,#7468,#7469,#7470,#7471,#7472,#7473,
    #7474,#7510,#7544));
#7446 = ORIENTED_EDGE('',*,*,#7447,.F.);
#7447 = EDGE_CURVE('',#1502,#4437,#7448,.T.);
#7448 = SEAM_CURVE('',#7449,(#7453,#7460),.PCURVE_S1.);
#7449 = LINE('',#7450,#7451);
#7450 = CARTESIAN_POINT('',(30.,15.,6.875));
#7451 = VECTOR('',#7452,1.);
#7452 = DIRECTION('',(-1.,0.,1.110223024625E-16));
#7453 = PCURVE('',#1522,#7454);
#7454 = DEFINITIONAL_REPRESENTATION('',(#7455),#7459);
#7455 = LINE('',#7456,#7457);
#7456 = CARTESIAN_POINT('',(-6.28318530718,0.));
#7457 = VECTOR('',#7458,1.);
#7458 = DIRECTION('',(-0.,-1.));
#7459 = ( GEOMETRIC_REPRESENTATION_CONTEXT(2) 
PARAMETRIC_REPRESENTATION_CONTEXT() REPRESENTATION_CONTEXT('2D SPACE',''
  ) );
#7460 = PCURVE('',#1522,#7461);
#7461 = DEFINITIONAL_REPRESENTATION('',(#7462),#7466);
#7462 = LINE('',#7463,#7464);
#7463 = CARTESIAN_POINT('',(-0.,0.));
#7464 = VECTOR('',#7465,1.);
#7465 = DIRECTION('',(-0.,-1.));
#7466 = ( GEOMETRIC_REPRESENTATION_CONTEXT(2) 
PARAMETRIC_REPRESENTATION_CONTEXT() REPRESENTATION_CONTEXT('2D SPACE',''
  ) );
#7467 = ORIENTED_EDGE('',*,*,#1501,.F.);
#7468 = ORIENTED_EDGE('',*,*,#7447,.T.);
#7469 = ORIENTED_EDGE('',*,*,#4434,.F.);
#7470 = ORIENTED_EDGE('',*,*,#7151,.F.);
#7471 = ORIENTED_EDGE('',*,*,#7237,.F.);
#7472 = ORIENTED_EDGE('',*,*,#6670,.F.);
#7473 = ORIENTED_EDGE('',*,*,#6609,.F.);
#7474 = ORIENTED_EDGE('',*,*,#7475,.F.);
#7475 = EDGE_CURVE('',#7476,#6610,#7478,.T.);
#7476 = VERTEX_POINT('',#7477);
#7477 = CARTESIAN_POINT('',(26.875,13.125,5.));
#7478 = SURFACE_CURVE('',#7479,(#7484,#7497),.PCURVE_S1.);
#7479 = ELLIPSE('',#7480,2.65165042945,1.875);
#7480 = AXIS2_PLACEMENT_3D('',#7481,#7482,#7483);
#7481 = CARTESIAN_POINT('',(25.,15.,5.));
#7482 = DIRECTION('',(0.707106781187,0.707106781187,-1.570092458684E-16)
  );
#7483 = DIRECTION('',(0.707106781187,-0.707106781187,0.));
#7484 = PCURVE('',#1522,#7485);
#7485 = DEFINITIONAL_REPRESENTATION('',(#7486),#7496);
#7486 = B_SPLINE_CURVE_WITH_KNOTS('',8,(#7487,#7488,#7489,#7490,#7491,
    #7492,#7493,#7494,#7495),.UNSPECIFIED.,.F.,.F.,(9,9),(0.,
    1.570796326795),.PIECEWISE_BEZIER_KNOTS.);
#7487 = CARTESIAN_POINT('',(-4.712388980385,-3.125));
#7488 = CARTESIAN_POINT('',(-4.516039439535,-3.125));
#7489 = CARTESIAN_POINT('',(-4.319689898685,-3.207613954973));
#7490 = CARTESIAN_POINT('',(-4.123340357828,-3.372841163122));
#7491 = CARTESIAN_POINT('',(-3.926990816984,-3.613889842676));
#7492 = CARTESIAN_POINT('',(-3.730641276132,-3.917162635234));
#7493 = CARTESIAN_POINT('',(-3.534291735287,-4.2636891344));
#7494 = CARTESIAN_POINT('',(-3.337942194439,-4.631844610907));
#7495 = CARTESIAN_POINT('',(-3.14159265359,-5.));
#7496 = ( GEOMETRIC_REPRESENTATION_CONTEXT(2) 
PARAMETRIC_REPRESENTATION_CONTEXT() REPRESENTATION_CONTEXT('2D SPACE',''
  ) );
#7497 = PCURVE('',#3427,#7498);
#7498 = DEFINITIONAL_REPRESENTATION('',(#7499),#7509);
#7499 = B_SPLINE_CURVE_WITH_KNOTS('',8,(#7500,#7501,#7502,#7503,#7504,
    #7505,#7506,#7507,#7508),.UNSPECIFIED.,.F.,.F.,(9,9),(0.,
    1.570796326795),.PIECEWISE_BEZIER_KNOTS.);
#7500 = CARTESIAN_POINT('',(-6.28318530718,-6.875));
#7501 = CARTESIAN_POINT('',(-6.08683576633,-6.875));
#7502 = CARTESIAN_POINT('',(-5.890486225481,-6.792386045017));
#7503 = CARTESIAN_POINT('',(-5.694136684636,-6.627158836913));
#7504 = CARTESIAN_POINT('',(-5.497787143778,-6.386110157291));
#7505 = CARTESIAN_POINT('',(-5.301437602937,-6.082837364796));
#7506 = CARTESIAN_POINT('',(-5.105088062083,-5.736310865588));
#7507 = CARTESIAN_POINT('',(-4.908738521234,-5.368155389093));
#7508 = CARTESIAN_POINT('',(-4.712388980385,-5.));
#7509 = ( GEOMETRIC_REPRESENTATION_CONTEXT(2) 
PARAMETRIC_REPRESENTATION_CONTEXT() REPRESENTATION_CONTEXT('2D SPACE',''
  ) );
#7510 = ORIENTED_EDGE('',*,*,#7511,.F.);
#7511 = EDGE_CURVE('',#4496,#7476,#7512,.T.);
#7512 = SURFACE_CURVE('',#7513,(#7518,#7531),.PCURVE_S1.);
#7513 = ELLIPSE('',#7514,2.65165042945,1.875);
#7514 = AXIS2_PLACEMENT_3D('',#7515,#7516,#7517);
#7515 = CARTESIAN_POINT('',(25.,15.,5.));
#7516 = DIRECTION('',(0.707106781187,0.707106781187,-1.570092458684E-16)
  );
#7517 = DIRECTION('',(0.707106781187,-0.707106781187,0.));
#7518 = PCURVE('',#1522,#7519);
#7519 = DEFINITIONAL_REPRESENTATION('',(#7520),#7530);
#7520 = B_SPLINE_CURVE_WITH_KNOTS('',8,(#7521,#7522,#7523,#7524,#7525,
    #7526,#7527,#7528,#7529),.UNSPECIFIED.,.F.,.F.,(9,9),(4.712388980385
    ,6.28318530718),.PIECEWISE_BEZIER_KNOTS.);
#7521 = CARTESIAN_POINT('',(-6.28318530718,-5.));
#7522 = CARTESIAN_POINT('',(-6.08683576633,-4.631844610907));
#7523 = CARTESIAN_POINT('',(-5.890486225481,-4.2636891344));
#7524 = CARTESIAN_POINT('',(-5.694136684631,-3.917162635238));
#7525 = CARTESIAN_POINT('',(-5.497787143787,-3.613889842662));
#7526 = CARTESIAN_POINT('',(-5.301437602932,-3.372841163122));
#7527 = CARTESIAN_POINT('',(-5.105088062083,-3.207613954971));
#7528 = CARTESIAN_POINT('',(-4.908738521234,-3.125));
#7529 = CARTESIAN_POINT('',(-4.712388980385,-3.125));
#7530 = ( GEOMETRIC_REPRESENTATION_CONTEXT(2) 
PARAMETRIC_REPRESENTATION_CONTEXT() REPRESENTATION_CONTEXT('2D SPACE',''
  ) );
#7531 = PCURVE('',#3427,#7532);
#7532 = DEFINITIONAL_REPRESENTATION('',(#7533),#7543);
#7533 = B_SPLINE_CURVE_WITH_KNOTS('',8,(#7534,#7535,#7536,#7537,#7538,
    #7539,#7540,#7541,#7542),.UNSPECIFIED.,.F.,.F.,(9,9),(4.712388980385
    ,6.28318530718),.PIECEWISE_BEZIER_KNOTS.);
#7534 = CARTESIAN_POINT('',(-1.570796326795,-5.));
#7535 = CARTESIAN_POINT('',(-1.374446785946,-5.368155389093));
#7536 = CARTESIAN_POINT('',(-1.178097245096,-5.736310865594));
#7537 = CARTESIAN_POINT('',(-0.981747704245,-6.082837364767));
#7538 = CARTESIAN_POINT('',(-0.785398163399,-6.38611015732));
#7539 = CARTESIAN_POINT('',(-0.589048622545,-6.627158836884));
#7540 = CARTESIAN_POINT('',(-0.392699081699,-6.792386045023));
#7541 = CARTESIAN_POINT('',(-0.196349540849,-6.875));
#7542 = CARTESIAN_POINT('',(-4.736951571734E-16,-6.875));
#7543 = ( GEOMETRIC_REPRESENTATION_CONTEXT(2) 
PARAMETRIC_REPRESENTATION_CONTEXT() REPRESENTATION_CONTEXT('2D SPACE',''
  ) );
#7544 = ORIENTED_EDGE('',*,*,#4495,.F.);
#7545 = ADVANCED_FACE('',(#7546),#1557,.F.);
#7546 = FACE_BOUND('',#7547,.T.);
#7547 = EDGE_LOOP('',(#7548,#7569,#7570,#7571,#7572,#7608,#7642,#7643,
    #7644,#7645,#7646));
#7548 = ORIENTED_EDGE('',*,*,#7549,.F.);
#7549 = EDGE_CURVE('',#1537,#3239,#7550,.T.);
#7550 = SEAM_CURVE('',#7551,(#7555,#7562),.PCURVE_S1.);
#7551 = LINE('',#7552,#7553);
#7552 = CARTESIAN_POINT('',(30.,5.,6.875));
#7553 = VECTOR('',#7554,1.);
#7554 = DIRECTION('',(-1.,0.,1.110223024625E-16));
#7555 = PCURVE('',#1557,#7556);
#7556 = DEFINITIONAL_REPRESENTATION('',(#7557),#7561);
#7557 = LINE('',#7558,#7559);
#7558 = CARTESIAN_POINT('',(-6.28318530718,0.));
#7559 = VECTOR('',#7560,1.);
#7560 = DIRECTION('',(-0.,-1.));
#7561 = ( GEOMETRIC_REPRESENTATION_CONTEXT(2) 
PARAMETRIC_REPRESENTATION_CONTEXT() REPRESENTATION_CONTEXT('2D SPACE',''
  ) );
#7562 = PCURVE('',#1557,#7563);
#7563 = DEFINITIONAL_REPRESENTATION('',(#7564),#7568);
#7564 = LINE('',#7565,#7566);
#7565 = CARTESIAN_POINT('',(-0.,0.));
#7566 = VECTOR('',#7567,1.);
#7567 = DIRECTION('',(-0.,-1.));
#7568 = ( GEOMETRIC_REPRESENTATION_CONTEXT(2) 
PARAMETRIC_REPRESENTATION_CONTEXT() REPRESENTATION_CONTEXT('2D SPACE',''
  ) );
#7569 = ORIENTED_EDGE('',*,*,#1536,.F.);
#7570 = ORIENTED_EDGE('',*,*,#7549,.T.);
#7571 = ORIENTED_EDGE('',*,*,#3236,.F.);
#7572 = ORIENTED_EDGE('',*,*,#7573,.F.);
#7573 = EDGE_CURVE('',#7574,#3237,#7576,.T.);
#7574 = VERTEX_POINT('',#7575);
#7575 = CARTESIAN_POINT('',(26.875,6.875,5.));
#7576 = SURFACE_CURVE('',#7577,(#7582,#7595),.PCURVE_S1.);
#7577 = ELLIPSE('',#7578,2.65165042945,1.875);
#7578 = AXIS2_PLACEMENT_3D('',#7579,#7580,#7581);
#7579 = CARTESIAN_POINT('',(25.,5.,5.));
#7580 = DIRECTION('',(0.707106781187,-0.707106781187,0.));
#7581 = DIRECTION('',(0.707106781187,0.707106781187,-1.570092458684E-16)
  );
#7582 = PCURVE('',#1557,#7583);
#7583 = DEFINITIONAL_REPRESENTATION('',(#7584),#7594);
#7584 = B_SPLINE_CURVE_WITH_KNOTS('',8,(#7585,#7586,#7587,#7588,#7589,
    #7590,#7591,#7592,#7593),.UNSPECIFIED.,.F.,.F.,(9,9),(0.,
    1.570796326795),.PIECEWISE_BEZIER_KNOTS.);
#7585 = CARTESIAN_POINT('',(-1.570796326795,-3.125));
#7586 = CARTESIAN_POINT('',(-1.374446785946,-3.125));
#7587 = CARTESIAN_POINT('',(-1.178097245096,-3.207613954972));
#7588 = CARTESIAN_POINT('',(-0.981747704246,-3.372841163104));
#7589 = CARTESIAN_POINT('',(-0.785398163399,-3.613889842665));
#7590 = CARTESIAN_POINT('',(-0.589048622546,-3.917162635218));
#7591 = CARTESIAN_POINT('',(-0.392699081699,-4.263689134401));
#7592 = CARTESIAN_POINT('',(-0.196349540849,-4.631844610907));
#7593 = CARTESIAN_POINT('',(0.,-5.));
#7594 = ( GEOMETRIC_REPRESENTATION_CONTEXT(2) 
PARAMETRIC_REPRESENTATION_CONTEXT() REPRESENTATION_CONTEXT('2D SPACE',''
  ) );
#7595 = PCURVE('',#3427,#7596);
#7596 = DEFINITIONAL_REPRESENTATION('',(#7597),#7607);
#7597 = B_SPLINE_CURVE_WITH_KNOTS('',8,(#7598,#7599,#7600,#7601,#7602,
    #7603,#7604,#7605,#7606),.UNSPECIFIED.,.F.,.F.,(9,9),(0.,
    1.570796326795),.PIECEWISE_BEZIER_KNOTS.);
#7598 = CARTESIAN_POINT('',(8.881784197001E-16,-13.125));
#7599 = CARTESIAN_POINT('',(-0.196349540849,-13.125));
#7600 = CARTESIAN_POINT('',(-0.392699081698,-13.20761395495));
#7601 = CARTESIAN_POINT('',(-0.589048622549,-13.37284116314));
#7602 = CARTESIAN_POINT('',(-0.785398163397,-13.61388984261));
#7603 = CARTESIAN_POINT('',(-0.981747704248,-13.91716263526));
#7604 = CARTESIAN_POINT('',(-1.178097245096,-14.26368913439));
#7605 = CARTESIAN_POINT('',(-1.374446785946,-14.6318446109));
#7606 = CARTESIAN_POINT('',(-1.570796326795,-15.));
#7607 = ( GEOMETRIC_REPRESENTATION_CONTEXT(2) 
PARAMETRIC_REPRESENTATION_CONTEXT() REPRESENTATION_CONTEXT('2D SPACE',''
  ) );
#7608 = ORIENTED_EDGE('',*,*,#7609,.F.);
#7609 = EDGE_CURVE('',#5511,#7574,#7610,.T.);
#7610 = SURFACE_CURVE('',#7611,(#7616,#7629),.PCURVE_S1.);
#7611 = ELLIPSE('',#7612,2.65165042945,1.875);
#7612 = AXIS2_PLACEMENT_3D('',#7613,#7614,#7615);
#7613 = CARTESIAN_POINT('',(25.,5.,5.));
#7614 = DIRECTION('',(0.707106781187,-0.707106781187,0.));
#7615 = DIRECTION('',(0.707106781187,0.707106781187,-1.570092458684E-16)
  );
#7616 = PCURVE('',#1557,#7617);
#7617 = DEFINITIONAL_REPRESENTATION('',(#7618),#7628);
#7618 = B_SPLINE_CURVE_WITH_KNOTS('',8,(#7619,#7620,#7621,#7622,#7623,
    #7624,#7625,#7626,#7627),.UNSPECIFIED.,.F.,.F.,(9,9),(4.712388980385
    ,6.28318530718),.PIECEWISE_BEZIER_KNOTS.);
#7619 = CARTESIAN_POINT('',(-3.14159265359,-5.));
#7620 = CARTESIAN_POINT('',(-2.94524311274,-4.631844610907));
#7621 = CARTESIAN_POINT('',(-2.748893571892,-4.263689134401));
#7622 = CARTESIAN_POINT('',(-2.552544031027,-3.917162635234));
#7623 = CARTESIAN_POINT('',(-2.356194490201,-3.613889842651));
#7624 = CARTESIAN_POINT('',(-2.159844949331,-3.372841163125));
#7625 = CARTESIAN_POINT('',(-1.963495408494,-3.207613954972));
#7626 = CARTESIAN_POINT('',(-1.767145867644,-3.125));
#7627 = CARTESIAN_POINT('',(-1.570796326795,-3.125));
#7628 = ( GEOMETRIC_REPRESENTATION_CONTEXT(2) 
PARAMETRIC_REPRESENTATION_CONTEXT() REPRESENTATION_CONTEXT('2D SPACE',''
  ) );
#7629 = PCURVE('',#3427,#7630);
#7630 = DEFINITIONAL_REPRESENTATION('',(#7631),#7641);
#7631 = B_SPLINE_CURVE_WITH_KNOTS('',8,(#7632,#7633,#7634,#7635,#7636,
    #7637,#7638,#7639,#7640),.UNSPECIFIED.,.F.,.F.,(9,9),(4.712388980385
    ,6.28318530718),.PIECEWISE_BEZIER_KNOTS.);
#7632 = CARTESIAN_POINT('',(-4.712388980385,-15.));
#7633 = CARTESIAN_POINT('',(-4.908738521234,-14.6318446109));
#7634 = CARTESIAN_POINT('',(-5.105088062081,-14.26368913441));
#7635 = CARTESIAN_POINT('',(-5.301437602946,-13.91716263519));
#7636 = CARTESIAN_POINT('',(-5.49778714374,-13.61388984262));
#7637 = CARTESIAN_POINT('',(-5.69413668464,-13.37284116308));
#7638 = CARTESIAN_POINT('',(-5.890486225479,-13.20761395498));
#7639 = CARTESIAN_POINT('',(-6.08683576633,-13.125));
#7640 = CARTESIAN_POINT('',(-6.28318530718,-13.125));
#7641 = ( GEOMETRIC_REPRESENTATION_CONTEXT(2) 
PARAMETRIC_REPRESENTATION_CONTEXT() REPRESENTATION_CONTEXT('2D SPACE',''
  ) );
#7642 = ORIENTED_EDGE('',*,*,#5510,.F.);
#7643 = ORIENTED_EDGE('',*,*,#5451,.F.);
#7644 = ORIENTED_EDGE('',*,*,#2366,.F.);
#7645 = ORIENTED_EDGE('',*,*,#2307,.F.);
#7646 = ORIENTED_EDGE('',*,*,#3297,.F.);
#7647 = ADVANCED_FACE('',(#7648),#1645,.F.);
#7648 = FACE_BOUND('',#7649,.T.);
#7649 = EDGE_LOOP('',(#7650,#7651,#7652,#7700,#7701,#7722,#7723,#7724,
    #7725,#7726,#7727,#7728,#7729,#7730,#7731));
#7650 = ORIENTED_EDGE('',*,*,#1774,.T.);
#7651 = ORIENTED_EDGE('',*,*,#5104,.F.);
#7652 = ORIENTED_EDGE('',*,*,#7653,.T.);
#7653 = EDGE_CURVE('',#5105,#2791,#7654,.T.);
#7654 = SURFACE_CURVE('',#7655,(#7660,#7680),.PCURVE_S1.);
#7655 = ELLIPSE('',#7656,2.65165042945,1.875);
#7656 = AXIS2_PLACEMENT_3D('',#7657,#7658,#7659);
#7657 = CARTESIAN_POINT('',(15.,5.,5.));
#7658 = DIRECTION('',(0.707106781187,0.707106781187,-1.570092458684E-16)
  );
#7659 = DIRECTION('',(0.707106781187,-0.707106781187,0.));
#7660 = PCURVE('',#1645,#7661);
#7661 = DEFINITIONAL_REPRESENTATION('',(#7662),#7679);
#7662 = B_SPLINE_CURVE_WITH_KNOTS('',8,(#7663,#7664,#7665,#7666,#7667,
    #7668,#7669,#7670,#7671,#7672,#7673,#7674,#7675,#7676,#7677,#7678),
  .UNSPECIFIED.,.F.,.F.,(9,7,9),(1.570796326795,3.14159265359,
    4.712388980385),.UNSPECIFIED.);
#7663 = CARTESIAN_POINT('',(-3.14159265359,-15.));
#7664 = CARTESIAN_POINT('',(-2.94524311274,-15.36815538909));
#7665 = CARTESIAN_POINT('',(-2.74889357189,-15.73631086559));
#7666 = CARTESIAN_POINT('',(-2.552544031039,-16.0828373647));
#7667 = CARTESIAN_POINT('',(-2.356194490188,-16.38611015735));
#7668 = CARTESIAN_POINT('',(-2.159844949337,-16.62715883685));
#7669 = CARTESIAN_POINT('',(-1.963495408494,-16.79238604502));
#7670 = CARTESIAN_POINT('',(-1.767145867644,-16.875));
#7671 = CARTESIAN_POINT('',(-1.374446785946,-16.875));
#7672 = CARTESIAN_POINT('',(-1.178097245096,-16.792386045));
#7673 = CARTESIAN_POINT('',(-0.981747704248,-16.62715883692));
#7674 = CARTESIAN_POINT('',(-0.785398163393,-16.38611015721));
#7675 = CARTESIAN_POINT('',(-0.589048622549,-16.08283736476));
#7676 = CARTESIAN_POINT('',(-0.392699081698,-15.73631086557));
#7677 = CARTESIAN_POINT('',(-0.196349540849,-15.36815538909));
#7678 = CARTESIAN_POINT('',(-4.736951571734E-16,-15.));
#7679 = ( GEOMETRIC_REPRESENTATION_CONTEXT(2) 
PARAMETRIC_REPRESENTATION_CONTEXT() REPRESENTATION_CONTEXT('2D SPACE',''
  ) );
#7680 = PCURVE('',#2900,#7681);
#7681 = DEFINITIONAL_REPRESENTATION('',(#7682),#7699);
#7682 = B_SPLINE_CURVE_WITH_KNOTS('',8,(#7683,#7684,#7685,#7686,#7687,
    #7688,#7689,#7690,#7691,#7692,#7693,#7694,#7695,#7696,#7697,#7698),
  .UNSPECIFIED.,.F.,.F.,(9,7,9),(1.570796326795,3.14159265359,
    4.712388980385),.UNSPECIFIED.);
#7683 = CARTESIAN_POINT('',(-4.712388980385,-15.));
#7684 = CARTESIAN_POINT('',(-4.516039439535,-14.6318446109));
#7685 = CARTESIAN_POINT('',(-4.319689898682,-14.26368913441));
#7686 = CARTESIAN_POINT('',(-4.123340357841,-13.91716263518));
#7687 = CARTESIAN_POINT('',(-3.926990816974,-13.61388984264));
#7688 = CARTESIAN_POINT('',(-3.730641276137,-13.37284116307));
#7689 = CARTESIAN_POINT('',(-3.534291735286,-13.20761395498));
#7690 = CARTESIAN_POINT('',(-3.337942194439,-13.125));
#7691 = CARTESIAN_POINT('',(-2.94524311274,-13.125));
#7692 = CARTESIAN_POINT('',(-2.748893571889,-13.20761395495));
#7693 = CARTESIAN_POINT('',(-2.552544031039,-13.37284116314));
#7694 = CARTESIAN_POINT('',(-2.356194490181,-13.61388984261));
#7695 = CARTESIAN_POINT('',(-2.159844949344,-13.91716263526));
#7696 = CARTESIAN_POINT('',(-1.963495408491,-14.26368913439));
#7697 = CARTESIAN_POINT('',(-1.767145867644,-14.6318446109));
#7698 = CARTESIAN_POINT('',(-1.570796326795,-15.));
#7699 = ( GEOMETRIC_REPRESENTATION_CONTEXT(2) 
PARAMETRIC_REPRESENTATION_CONTEXT() REPRESENTATION_CONTEXT('2D SPACE',''
  ) );
#7700 = ORIENTED_EDGE('',*,*,#2959,.F.);
#7701 = ORIENTED_EDGE('',*,*,#7702,.T.);
#7702 = EDGE_CURVE('',#2960,#2506,#7703,.T.);
#7703 = SEAM_CURVE('',#7704,(#7708,#7715),.PCURVE_S1.);
#7704 = LINE('',#7705,#7706);
#7705 = CARTESIAN_POINT('',(30.,5.,6.875));
#7706 = VECTOR('',#7707,1.);
#7707 = DIRECTION('',(-1.,0.,1.110223024625E-16));
#7708 = PCURVE('',#1645,#7709);
#7709 = DEFINITIONAL_REPRESENTATION('',(#7710),#7714);
#7710 = LINE('',#7711,#7712);
#7711 = CARTESIAN_POINT('',(-6.28318530718,0.));
#7712 = VECTOR('',#7713,1.);
#7713 = DIRECTION('',(-0.,-1.));
#7714 = ( GEOMETRIC_REPRESENTATION_CONTEXT(2) 
PARAMETRIC_REPRESENTATION_CONTEXT() REPRESENTATION_CONTEXT('2D SPACE',''
  ) );
#7715 = PCURVE('',#1645,#7716);
#7716 = DEFINITIONAL_REPRESENTATION('',(#7717),#7721);
#7717 = LINE('',#7718,#7719);
#7718 = CARTESIAN_POINT('',(-0.,0.));
#7719 = VECTOR('',#7720,1.);
#7720 = DIRECTION('',(-0.,-1.));
#7721 = ( GEOMETRIC_REPRESENTATION_CONTEXT(2) 
PARAMETRIC_REPRESENTATION_CONTEXT() REPRESENTATION_CONTEXT('2D SPACE',''
  ) );
#7722 = ORIENTED_EDGE('',*,*,#2503,.F.);
#7723 = ORIENTED_EDGE('',*,*,#7334,.F.);
#7724 = ORIENTED_EDGE('',*,*,#7373,.F.);
#7725 = ORIENTED_EDGE('',*,*,#4785,.F.);
#7726 = ORIENTED_EDGE('',*,*,#4726,.F.);
#7727 = ORIENTED_EDGE('',*,*,#1686,.F.);
#7728 = ORIENTED_EDGE('',*,*,#1622,.F.);
#7729 = ORIENTED_EDGE('',*,*,#2564,.F.);
#7730 = ORIENTED_EDGE('',*,*,#7702,.F.);
#7731 = ORIENTED_EDGE('',*,*,#3051,.F.);
#7732 = ADVANCED_FACE('',(#7733),#2013,.F.);
#7733 = FACE_BOUND('',#7734,.T.);
#7734 = EDGE_LOOP('',(#7735,#7736,#7737,#7785,#7786,#7807,#7808,#7844,
    #7878,#7879,#7880,#7881,#7882,#7883,#7884));
#7735 = ORIENTED_EDGE('',*,*,#2452,.T.);
#7736 = ORIENTED_EDGE('',*,*,#5618,.T.);
#7737 = ORIENTED_EDGE('',*,*,#7738,.T.);
#7738 = EDGE_CURVE('',#5583,#3369,#7739,.T.);
#7739 = SURFACE_CURVE('',#7740,(#7745,#7765),.PCURVE_S1.);
#7740 = ELLIPSE('',#7741,2.65165042945,1.875);
#7741 = AXIS2_PLACEMENT_3D('',#7742,#7743,#7744);
#7742 = CARTESIAN_POINT('',(25.,5.,5.));
#7743 = DIRECTION('',(0.707106781187,0.707106781187,-1.570092458684E-16)
  );
#7744 = DIRECTION('',(0.707106781187,-0.707106781187,0.));
#7745 = PCURVE('',#2013,#7746);
#7746 = DEFINITIONAL_REPRESENTATION('',(#7747),#7764);
#7747 = B_SPLINE_CURVE_WITH_KNOTS('',8,(#7748,#7749,#7750,#7751,#7752,
    #7753,#7754,#7755,#7756,#7757,#7758,#7759,#7760,#7761,#7762,#7763),
  .UNSPECIFIED.,.F.,.F.,(9,7,9),(1.570796326795,3.14159265359,
    4.712388980385),.UNSPECIFIED.);
#7748 = CARTESIAN_POINT('',(-3.14159265359,-5.));
#7749 = CARTESIAN_POINT('',(-2.94524311274,-5.368155389093));
#7750 = CARTESIAN_POINT('',(-2.748893571892,-5.736310865594));
#7751 = CARTESIAN_POINT('',(-2.55254403103,-6.082837364775));
#7752 = CARTESIAN_POINT('',(-2.356194490201,-6.38611015732));
#7753 = CARTESIAN_POINT('',(-2.159844949335,-6.627158836884));
#7754 = CARTESIAN_POINT('',(-1.963495408495,-6.792386045019));
#7755 = CARTESIAN_POINT('',(-1.767145867644,-6.875));
#7756 = CARTESIAN_POINT('',(-1.374446785946,-6.875));
#7757 = CARTESIAN_POINT('',(-1.178097245096,-6.792386045019));
#7758 = CARTESIAN_POINT('',(-0.981747704246,-6.62715883692));
#7759 = CARTESIAN_POINT('',(-0.785398163399,-6.386110157306));
#7760 = CARTESIAN_POINT('',(-0.589048622547,-6.082837364804));
#7761 = CARTESIAN_POINT('',(-0.392699081698,-5.736310865591));
#7762 = CARTESIAN_POINT('',(-0.196349540849,-5.368155389093));
#7763 = CARTESIAN_POINT('',(-4.736951571734E-16,-5.));
#7764 = ( GEOMETRIC_REPRESENTATION_CONTEXT(2) 
PARAMETRIC_REPRESENTATION_CONTEXT() REPRESENTATION_CONTEXT('2D SPACE',''
  ) );
#7765 = PCURVE('',#3427,#7766);
#7766 = DEFINITIONAL_REPRESENTATION('',(#7767),#7784);
#7767 = B_SPLINE_CURVE_WITH_KNOTS('',8,(#7768,#7769,#7770,#7771,#7772,
    #7773,#7774,#7775,#7776,#7777,#7778,#7779,#7780,#7781,#7782,#7783),
  .UNSPECIFIED.,.F.,.F.,(9,7,9),(1.570796326795,3.14159265359,
    4.712388980385),.UNSPECIFIED.);
#7768 = CARTESIAN_POINT('',(-4.712388980385,-15.));
#7769 = CARTESIAN_POINT('',(-4.516039439535,-14.6318446109));
#7770 = CARTESIAN_POINT('',(-4.319689898682,-14.26368913441));
#7771 = CARTESIAN_POINT('',(-4.123340357841,-13.91716263518));
#7772 = CARTESIAN_POINT('',(-3.926990816974,-13.61388984264));
#7773 = CARTESIAN_POINT('',(-3.730641276137,-13.37284116307));
#7774 = CARTESIAN_POINT('',(-3.534291735286,-13.20761395498));
#7775 = CARTESIAN_POINT('',(-3.337942194439,-13.125));
#7776 = CARTESIAN_POINT('',(-2.94524311274,-13.125));
#7777 = CARTESIAN_POINT('',(-2.74889357189,-13.20761395495));
#7778 = CARTESIAN_POINT('',(-2.552544031035,-13.37284116314));
#7779 = CARTESIAN_POINT('',(-2.356194490185,-13.61388984261));
#7780 = CARTESIAN_POINT('',(-2.15984494934,-13.91716263526));
#7781 = CARTESIAN_POINT('',(-1.963495408492,-14.26368913439));
#7782 = CARTESIAN_POINT('',(-1.767145867644,-14.6318446109));
#7783 = CARTESIAN_POINT('',(-1.570796326795,-15.));
#7784 = ( GEOMETRIC_REPRESENTATION_CONTEXT(2) 
PARAMETRIC_REPRESENTATION_CONTEXT() REPRESENTATION_CONTEXT('2D SPACE',''
  ) );
#7785 = ORIENTED_EDGE('',*,*,#3368,.T.);
#7786 = ORIENTED_EDGE('',*,*,#7787,.T.);
#7787 = EDGE_CURVE('',#3333,#2676,#7788,.T.);
#7788 = SEAM_CURVE('',#7789,(#7793,#7800),.PCURVE_S1.);
#7789 = LINE('',#7790,#7791);
#7790 = CARTESIAN_POINT('',(30.,5.,6.875));
#7791 = VECTOR('',#7792,1.);
#7792 = DIRECTION('',(-1.,0.,1.110223024625E-16));
#7793 = PCURVE('',#2013,#7794);
#7794 = DEFINITIONAL_REPRESENTATION('',(#7795),#7799);
#7795 = LINE('',#7796,#7797);
#7796 = CARTESIAN_POINT('',(-6.28318530718,0.));
#7797 = VECTOR('',#7798,1.);
#7798 = DIRECTION('',(-0.,-1.));
#7799 = ( GEOMETRIC_REPRESENTATION_CONTEXT(2) 
PARAMETRIC_REPRESENTATION_CONTEXT() REPRESENTATION_CONTEXT('2D SPACE',''
  ) );
#7800 = PCURVE('',#2013,#7801);
#7801 = DEFINITIONAL_REPRESENTATION('',(#7802),#7806);
#7802 = LINE('',#7803,#7804);
#7803 = CARTESIAN_POINT('',(-0.,0.));
#7804 = VECTOR('',#7805,1.);
#7805 = DIRECTION('',(-0.,-1.));
#7806 = ( GEOMETRIC_REPRESENTATION_CONTEXT(2) 
PARAMETRIC_REPRESENTATION_CONTEXT() REPRESENTATION_CONTEXT('2D SPACE',''
  ) );
#7807 = ORIENTED_EDGE('',*,*,#2698,.T.);
#7808 = ORIENTED_EDGE('',*,*,#7809,.F.);
#7809 = EDGE_CURVE('',#7810,#2699,#7812,.T.);
#7810 = VERTEX_POINT('',#7811);
#7811 = CARTESIAN_POINT('',(16.875,6.875,5.));
#7812 = SURFACE_CURVE('',#7813,(#7818,#7831),.PCURVE_S1.);
#7813 = ELLIPSE('',#7814,2.65165042945,1.875);
#7814 = AXIS2_PLACEMENT_3D('',#7815,#7816,#7817);
#7815 = CARTESIAN_POINT('',(15.,5.,5.));
#7816 = DIRECTION('',(0.707106781187,-0.707106781187,0.));
#7817 = DIRECTION('',(0.707106781187,0.707106781187,-1.570092458684E-16)
  );
#7818 = PCURVE('',#2013,#7819);
#7819 = DEFINITIONAL_REPRESENTATION('',(#7820),#7830);
#7820 = B_SPLINE_CURVE_WITH_KNOTS('',8,(#7821,#7822,#7823,#7824,#7825,
    #7826,#7827,#7828,#7829),.UNSPECIFIED.,.F.,.F.,(9,9),(0.,
    1.570796326795),.PIECEWISE_BEZIER_KNOTS.);
#7821 = CARTESIAN_POINT('',(-1.570796326795,-13.125));
#7822 = CARTESIAN_POINT('',(-1.374446785946,-13.125));
#7823 = CARTESIAN_POINT('',(-1.178097245096,-13.20761395495));
#7824 = CARTESIAN_POINT('',(-0.981747704245,-13.37284116314));
#7825 = CARTESIAN_POINT('',(-0.785398163395,-13.61388984261));
#7826 = CARTESIAN_POINT('',(-0.589048622546,-13.91716263526));
#7827 = CARTESIAN_POINT('',(-0.392699081699,-14.26368913439));
#7828 = CARTESIAN_POINT('',(-0.196349540849,-14.6318446109));
#7829 = CARTESIAN_POINT('',(0.,-15.));
#7830 = ( GEOMETRIC_REPRESENTATION_CONTEXT(2) 
PARAMETRIC_REPRESENTATION_CONTEXT() REPRESENTATION_CONTEXT('2D SPACE',''
  ) );
#7831 = PCURVE('',#2900,#7832);
#7832 = DEFINITIONAL_REPRESENTATION('',(#7833),#7843);
#7833 = B_SPLINE_CURVE_WITH_KNOTS('',8,(#7834,#7835,#7836,#7837,#7838,
    #7839,#7840,#7841,#7842),.UNSPECIFIED.,.F.,.F.,(9,9),(0.,
    1.570796326795),.PIECEWISE_BEZIER_KNOTS.);
#7834 = CARTESIAN_POINT('',(8.881784197001E-16,-13.125));
#7835 = CARTESIAN_POINT('',(-0.196349540849,-13.125));
#7836 = CARTESIAN_POINT('',(-0.392699081699,-13.20761395495));
#7837 = CARTESIAN_POINT('',(-0.589048622545,-13.37284116314));
#7838 = CARTESIAN_POINT('',(-0.785398163401,-13.61388984261));
#7839 = CARTESIAN_POINT('',(-0.981747704243,-13.91716263526));
#7840 = CARTESIAN_POINT('',(-1.178097245096,-14.26368913439));
#7841 = CARTESIAN_POINT('',(-1.374446785946,-14.6318446109));
#7842 = CARTESIAN_POINT('',(-1.570796326795,-15.));
#7843 = ( GEOMETRIC_REPRESENTATION_CONTEXT(2) 
PARAMETRIC_REPRESENTATION_CONTEXT() REPRESENTATION_CONTEXT('2D SPACE',''
  ) );
#7844 = ORIENTED_EDGE('',*,*,#7845,.F.);
#7845 = EDGE_CURVE('',#4897,#7810,#7846,.T.);
#7846 = SURFACE_CURVE('',#7847,(#7852,#7865),.PCURVE_S1.);
#7847 = ELLIPSE('',#7848,2.65165042945,1.875);
#7848 = AXIS2_PLACEMENT_3D('',#7849,#7850,#7851);
#7849 = CARTESIAN_POINT('',(15.,5.,5.));
#7850 = DIRECTION('',(0.707106781187,-0.707106781187,0.));
#7851 = DIRECTION('',(0.707106781187,0.707106781187,-1.570092458684E-16)
  );
#7852 = PCURVE('',#2013,#7853);
#7853 = DEFINITIONAL_REPRESENTATION('',(#7854),#7864);
#7854 = B_SPLINE_CURVE_WITH_KNOTS('',8,(#7855,#7856,#7857,#7858,#7859,
    #7860,#7861,#7862,#7863),.UNSPECIFIED.,.F.,.F.,(9,9),(4.712388980385
    ,6.28318530718),.PIECEWISE_BEZIER_KNOTS.);
#7855 = CARTESIAN_POINT('',(-3.14159265359,-15.));
#7856 = CARTESIAN_POINT('',(-2.94524311274,-14.6318446109));
#7857 = CARTESIAN_POINT('',(-2.748893571889,-14.26368913441));
#7858 = CARTESIAN_POINT('',(-2.552544031039,-13.91716263518));
#7859 = CARTESIAN_POINT('',(-2.356194490188,-13.61388984264));
#7860 = CARTESIAN_POINT('',(-2.159844949344,-13.37284116307));
#7861 = CARTESIAN_POINT('',(-1.963495408492,-13.20761395498));
#7862 = CARTESIAN_POINT('',(-1.767145867644,-13.125));
#7863 = CARTESIAN_POINT('',(-1.570796326795,-13.125));
#7864 = ( GEOMETRIC_REPRESENTATION_CONTEXT(2) 
PARAMETRIC_REPRESENTATION_CONTEXT() REPRESENTATION_CONTEXT('2D SPACE',''
  ) );
#7865 = PCURVE('',#2900,#7866);
#7866 = DEFINITIONAL_REPRESENTATION('',(#7867),#7877);
#7867 = B_SPLINE_CURVE_WITH_KNOTS('',8,(#7868,#7869,#7870,#7871,#7872,
    #7873,#7874,#7875,#7876),.UNSPECIFIED.,.F.,.F.,(9,9),(4.712388980385
    ,6.28318530718),.PIECEWISE_BEZIER_KNOTS.);
#7868 = CARTESIAN_POINT('',(-4.712388980385,-15.));
#7869 = CARTESIAN_POINT('',(-4.908738521234,-14.6318446109));
#7870 = CARTESIAN_POINT('',(-5.105088062082,-14.26368913441));
#7871 = CARTESIAN_POINT('',(-5.301437602942,-13.91716263519));
#7872 = CARTESIAN_POINT('',(-5.497787143748,-13.61388984262));
#7873 = CARTESIAN_POINT('',(-5.694136684637,-13.37284116308));
#7874 = CARTESIAN_POINT('',(-5.890486225479,-13.20761395498));
#7875 = CARTESIAN_POINT('',(-6.08683576633,-13.125));
#7876 = CARTESIAN_POINT('',(-6.28318530718,-13.125));
#7877 = ( GEOMETRIC_REPRESENTATION_CONTEXT(2) 
PARAMETRIC_REPRESENTATION_CONTEXT() REPRESENTATION_CONTEXT('2D SPACE',''
  ) );
#7878 = ORIENTED_EDGE('',*,*,#4896,.T.);
#7879 = ORIENTED_EDGE('',*,*,#5013,.T.);
#7880 = ORIENTED_EDGE('',*,*,#2054,.F.);
#7881 = ORIENTED_EDGE('',*,*,#1990,.F.);
#7882 = ORIENTED_EDGE('',*,*,#3142,.T.);
#7883 = ORIENTED_EDGE('',*,*,#7787,.F.);
#7884 = ORIENTED_EDGE('',*,*,#3332,.T.);
#7885 = ADVANCED_FACE('',(#7886),#2900,.F.);
#7886 = FACE_BOUND('',#7887,.T.);
#7887 = EDGE_LOOP('',(#7888,#7936,#7937,#7973,#7994,#7995,#7996,#7997,
    #7998,#7999,#8000,#8034));
#7888 = ORIENTED_EDGE('',*,*,#7889,.F.);
#7889 = EDGE_CURVE('',#4085,#6099,#7890,.T.);
#7890 = SURFACE_CURVE('',#7891,(#7896,#7916),.PCURVE_S1.);
#7891 = ELLIPSE('',#7892,2.65165042945,1.875);
#7892 = AXIS2_PLACEMENT_3D('',#7893,#7894,#7895);
#7893 = CARTESIAN_POINT('',(15.,15.,5.));
#7894 = DIRECTION('',(0.707106781187,-0.707106781187,0.));
#7895 = DIRECTION('',(0.707106781187,0.707106781187,-1.570092458684E-16)
  );
#7896 = PCURVE('',#2900,#7897);
#7897 = DEFINITIONAL_REPRESENTATION('',(#7898),#7915);
#7898 = B_SPLINE_CURVE_WITH_KNOTS('',8,(#7899,#7900,#7901,#7902,#7903,
    #7904,#7905,#7906,#7907,#7908,#7909,#7910,#7911,#7912,#7913,#7914),
  .UNSPECIFIED.,.F.,.F.,(9,7,9),(1.570796326795,3.14159265359,
    4.712388980385),.UNSPECIFIED.);
#7899 = CARTESIAN_POINT('',(-1.570796326795,-5.));
#7900 = CARTESIAN_POINT('',(-1.767145867644,-5.368155389093));
#7901 = CARTESIAN_POINT('',(-1.963495408489,-5.736310865594));
#7902 = CARTESIAN_POINT('',(-2.159844949349,-6.082837364767));
#7903 = CARTESIAN_POINT('',(-2.356194490172,-6.38611015732));
#7904 = CARTESIAN_POINT('',(-2.552544031047,-6.627158836884));
#7905 = CARTESIAN_POINT('',(-2.748893571887,-6.792386045023));
#7906 = CARTESIAN_POINT('',(-2.94524311274,-6.875));
#7907 = CARTESIAN_POINT('',(-3.337942194439,-6.875));
#7908 = CARTESIAN_POINT('',(-3.534291735285,-6.792386045018));
#7909 = CARTESIAN_POINT('',(-3.730641276143,-6.627158836909));
#7910 = CARTESIAN_POINT('',(-3.926990816984,-6.386110157295));
#7911 = CARTESIAN_POINT('',(-4.123340357839,-6.082837364793));
#7912 = CARTESIAN_POINT('',(-4.319689898684,-5.736310865589));
#7913 = CARTESIAN_POINT('',(-4.516039439535,-5.368155389093));
#7914 = CARTESIAN_POINT('',(-4.712388980385,-5.));
#7915 = ( GEOMETRIC_REPRESENTATION_CONTEXT(2) 
PARAMETRIC_REPRESENTATION_CONTEXT() REPRESENTATION_CONTEXT('2D SPACE',''
  ) );
#7916 = PCURVE('',#3507,#7917);
#7917 = DEFINITIONAL_REPRESENTATION('',(#7918),#7935);
#7918 = B_SPLINE_CURVE_WITH_KNOTS('',8,(#7919,#7920,#7921,#7922,#7923,
    #7924,#7925,#7926,#7927,#7928,#7929,#7930,#7931,#7932,#7933,#7934),
  .UNSPECIFIED.,.F.,.F.,(9,7,9),(1.570796326795,3.14159265359,
    4.712388980385),.UNSPECIFIED.);
#7919 = CARTESIAN_POINT('',(-6.28318530718,-15.));
#7920 = CARTESIAN_POINT('',(-6.08683576633,-15.36815538909));
#7921 = CARTESIAN_POINT('',(-5.890486225481,-15.73631086559));
#7922 = CARTESIAN_POINT('',(-5.694136684632,-16.0828373647));
#7923 = CARTESIAN_POINT('',(-5.497787143781,-16.38611015735));
#7924 = CARTESIAN_POINT('',(-5.301437602933,-16.62715883685));
#7925 = CARTESIAN_POINT('',(-5.105088062084,-16.79238604502));
#7926 = CARTESIAN_POINT('',(-4.908738521234,-16.875));
#7927 = CARTESIAN_POINT('',(-4.516039439535,-16.875));
#7928 = CARTESIAN_POINT('',(-4.31968989869,-16.792386045));
#7929 = CARTESIAN_POINT('',(-4.123340357835,-16.62715883692));
#7930 = CARTESIAN_POINT('',(-3.926990816998,-16.38611015721));
#7931 = CARTESIAN_POINT('',(-3.730641276135,-16.08283736476));
#7932 = CARTESIAN_POINT('',(-3.534291735292,-15.73631086557));
#7933 = CARTESIAN_POINT('',(-3.337942194439,-15.36815538909));
#7934 = CARTESIAN_POINT('',(-3.14159265359,-15.));
#7935 = ( GEOMETRIC_REPRESENTATION_CONTEXT(2) 
PARAMETRIC_REPRESENTATION_CONTEXT() REPRESENTATION_CONTEXT('2D SPACE',''
  ) );
#7936 = ORIENTED_EDGE('',*,*,#4176,.F.);
#7937 = ORIENTED_EDGE('',*,*,#7938,.T.);
#7938 = EDGE_CURVE('',#4177,#7939,#7941,.T.);
#7939 = VERTEX_POINT('',#7940);
#7940 = CARTESIAN_POINT('',(16.875,13.125,5.));
#7941 = SURFACE_CURVE('',#7942,(#7947,#7960),.PCURVE_S1.);
#7942 = ELLIPSE('',#7943,2.65165042945,1.875);
#7943 = AXIS2_PLACEMENT_3D('',#7944,#7945,#7946);
#7944 = CARTESIAN_POINT('',(15.,15.,5.));
#7945 = DIRECTION('',(0.707106781187,0.707106781187,-1.570092458684E-16)
  );
#7946 = DIRECTION('',(0.707106781187,-0.707106781187,0.));
#7947 = PCURVE('',#2900,#7948);
#7948 = DEFINITIONAL_REPRESENTATION('',(#7949),#7959);
#7949 = B_SPLINE_CURVE_WITH_KNOTS('',8,(#7950,#7951,#7952,#7953,#7954,
    #7955,#7956,#7957,#7958),.UNSPECIFIED.,.F.,.F.,(9,9),(4.712388980385
    ,6.28318530718),.PIECEWISE_BEZIER_KNOTS.);
#7950 = CARTESIAN_POINT('',(-1.570796326795,-5.));
#7951 = CARTESIAN_POINT('',(-1.374446785946,-5.368155389093));
#7952 = CARTESIAN_POINT('',(-1.178097245096,-5.736310865594));
#7953 = CARTESIAN_POINT('',(-0.981747704245,-6.082837364767));
#7954 = CARTESIAN_POINT('',(-0.785398163399,-6.38611015732));
#7955 = CARTESIAN_POINT('',(-0.589048622547,-6.627158836884));
#7956 = CARTESIAN_POINT('',(-0.392699081698,-6.792386045023));
#7957 = CARTESIAN_POINT('',(-0.196349540849,-6.875));
#7958 = CARTESIAN_POINT('',(-4.736951571734E-16,-6.875));
#7959 = ( GEOMETRIC_REPRESENTATION_CONTEXT(2) 
PARAMETRIC_REPRESENTATION_CONTEXT() REPRESENTATION_CONTEXT('2D SPACE',''
  ) );
#7960 = PCURVE('',#3793,#7961);
#7961 = DEFINITIONAL_REPRESENTATION('',(#7962),#7972);
#7962 = B_SPLINE_CURVE_WITH_KNOTS('',8,(#7963,#7964,#7965,#7966,#7967,
    #7968,#7969,#7970,#7971),.UNSPECIFIED.,.F.,.F.,(9,9),(4.712388980385
    ,6.28318530718),.PIECEWISE_BEZIER_KNOTS.);
#7963 = CARTESIAN_POINT('',(-6.28318530718,-15.));
#7964 = CARTESIAN_POINT('',(-6.08683576633,-14.6318446109));
#7965 = CARTESIAN_POINT('',(-5.89048622548,-14.26368913439));
#7966 = CARTESIAN_POINT('',(-5.694136684632,-13.91716263522));
#7967 = CARTESIAN_POINT('',(-5.497787143783,-13.61388984262));
#7968 = CARTESIAN_POINT('',(-5.301437602933,-13.37284116313));
#7969 = CARTESIAN_POINT('',(-5.105088062083,-13.20761395496));
#7970 = CARTESIAN_POINT('',(-4.908738521234,-13.125));
#7971 = CARTESIAN_POINT('',(-4.712388980385,-13.125));
#7972 = ( GEOMETRIC_REPRESENTATION_CONTEXT(2) 
PARAMETRIC_REPRESENTATION_CONTEXT() REPRESENTATION_CONTEXT('2D SPACE',''
  ) );
#7973 = ORIENTED_EDGE('',*,*,#7974,.T.);
#7974 = EDGE_CURVE('',#7939,#7810,#7975,.T.);
#7975 = SEAM_CURVE('',#7976,(#7980,#7987),.PCURVE_S1.);
#7976 = LINE('',#7977,#7978);
#7977 = CARTESIAN_POINT('',(16.875,20.,5.));
#7978 = VECTOR('',#7979,1.);
#7979 = DIRECTION('',(0.,-1.,1.110223024625E-16));
#7980 = PCURVE('',#2900,#7981);
#7981 = DEFINITIONAL_REPRESENTATION('',(#7982),#7986);
#7982 = LINE('',#7983,#7984);
#7983 = CARTESIAN_POINT('',(-6.28318530718,0.));
#7984 = VECTOR('',#7985,1.);
#7985 = DIRECTION('',(-0.,-1.));
#7986 = ( GEOMETRIC_REPRESENTATION_CONTEXT(2) 
PARAMETRIC_REPRESENTATION_CONTEXT() REPRESENTATION_CONTEXT('2D SPACE',''
  ) );
#7987 = PCURVE('',#2900,#7988);
#7988 = DEFINITIONAL_REPRESENTATION('',(#7989),#7993);
#7989 = LINE('',#7990,#7991);
#7990 = CARTESIAN_POINT('',(-0.,0.));
#7991 = VECTOR('',#7992,1.);
#7992 = DIRECTION('',(-0.,-1.));
#7993 = ( GEOMETRIC_REPRESENTATION_CONTEXT(2) 
PARAMETRIC_REPRESENTATION_CONTEXT() REPRESENTATION_CONTEXT('2D SPACE',''
  ) );
#7994 = ORIENTED_EDGE('',*,*,#7809,.T.);
#7995 = ORIENTED_EDGE('',*,*,#2790,.T.);
#7996 = ORIENTED_EDGE('',*,*,#7653,.F.);
#7997 = ORIENTED_EDGE('',*,*,#5286,.T.);
#7998 = ORIENTED_EDGE('',*,*,#7845,.T.);
#7999 = ORIENTED_EDGE('',*,*,#7974,.F.);
#8000 = ORIENTED_EDGE('',*,*,#8001,.T.);
#8001 = EDGE_CURVE('',#7939,#6007,#8002,.T.);
#8002 = SURFACE_CURVE('',#8003,(#8008,#8021),.PCURVE_S1.);
#8003 = ELLIPSE('',#8004,2.65165042945,1.875);
#8004 = AXIS2_PLACEMENT_3D('',#8005,#8006,#8007);
#8005 = CARTESIAN_POINT('',(15.,15.,5.));
#8006 = DIRECTION('',(0.707106781187,0.707106781187,-1.570092458684E-16)
  );
#8007 = DIRECTION('',(0.707106781187,-0.707106781187,0.));
#8008 = PCURVE('',#2900,#8009);
#8009 = DEFINITIONAL_REPRESENTATION('',(#8010),#8020);
#8010 = B_SPLINE_CURVE_WITH_KNOTS('',8,(#8011,#8012,#8013,#8014,#8015,
    #8016,#8017,#8018,#8019),.UNSPECIFIED.,.F.,.F.,(9,9),(0.,
    1.570796326795),.PIECEWISE_BEZIER_KNOTS.);
#8011 = CARTESIAN_POINT('',(-6.28318530718,-6.875));
#8012 = CARTESIAN_POINT('',(-6.08683576633,-6.875));
#8013 = CARTESIAN_POINT('',(-5.890486225481,-6.792386045017));
#8014 = CARTESIAN_POINT('',(-5.694136684633,-6.627158836913));
#8015 = CARTESIAN_POINT('',(-5.49778714378,-6.386110157291));
#8016 = CARTESIAN_POINT('',(-5.301437602935,-6.082837364796));
#8017 = CARTESIAN_POINT('',(-5.105088062084,-5.736310865588));
#8018 = CARTESIAN_POINT('',(-4.908738521234,-5.368155389093));
#8019 = CARTESIAN_POINT('',(-4.712388980385,-5.));
#8020 = ( GEOMETRIC_REPRESENTATION_CONTEXT(2) 
PARAMETRIC_REPRESENTATION_CONTEXT() REPRESENTATION_CONTEXT('2D SPACE',''
  ) );
#8021 = PCURVE('',#3793,#8022);
#8022 = DEFINITIONAL_REPRESENTATION('',(#8023),#8033);
#8023 = B_SPLINE_CURVE_WITH_KNOTS('',8,(#8024,#8025,#8026,#8027,#8028,
    #8029,#8030,#8031,#8032),.UNSPECIFIED.,.F.,.F.,(9,9),(0.,
    1.570796326795),.PIECEWISE_BEZIER_KNOTS.);
#8024 = CARTESIAN_POINT('',(-4.712388980385,-13.125));
#8025 = CARTESIAN_POINT('',(-4.516039439535,-13.125));
#8026 = CARTESIAN_POINT('',(-4.319689898681,-13.20761395495));
#8027 = CARTESIAN_POINT('',(-4.123340357844,-13.37284116314));
#8028 = CARTESIAN_POINT('',(-3.926990816952,-13.61388984261));
#8029 = CARTESIAN_POINT('',(-3.730641276143,-13.91716263526));
#8030 = CARTESIAN_POINT('',(-3.534291735285,-14.26368913439));
#8031 = CARTESIAN_POINT('',(-3.337942194439,-14.6318446109));
#8032 = CARTESIAN_POINT('',(-3.14159265359,-15.));
#8033 = ( GEOMETRIC_REPRESENTATION_CONTEXT(2) 
PARAMETRIC_REPRESENTATION_CONTEXT() REPRESENTATION_CONTEXT('2D SPACE',''
  ) );
#8034 = ORIENTED_EDGE('',*,*,#6098,.F.);
#8035 = ADVANCED_FACE('',(#8036),#3427,.F.);
#8036 = FACE_BOUND('',#8037,.T.);
#8037 = EDGE_LOOP('',(#8038,#8039,#8040,#8061,#8062,#8063,#8064,#8065,
    #8066,#8067,#8068,#8069,#8070,#8071));
#8038 = ORIENTED_EDGE('',*,*,#4531,.T.);
#8039 = ORIENTED_EDGE('',*,*,#7511,.T.);
#8040 = ORIENTED_EDGE('',*,*,#8041,.T.);
#8041 = EDGE_CURVE('',#7476,#7574,#8042,.T.);
#8042 = SEAM_CURVE('',#8043,(#8047,#8054),.PCURVE_S1.);
#8043 = LINE('',#8044,#8045);
#8044 = CARTESIAN_POINT('',(26.875,20.,5.));
#8045 = VECTOR('',#8046,1.);
#8046 = DIRECTION('',(0.,-1.,1.110223024625E-16));
#8047 = PCURVE('',#3427,#8048);
#8048 = DEFINITIONAL_REPRESENTATION('',(#8049),#8053);
#8049 = LINE('',#8050,#8051);
#8050 = CARTESIAN_POINT('',(-6.28318530718,0.));
#8051 = VECTOR('',#8052,1.);
#8052 = DIRECTION('',(-0.,-1.));
#8053 = ( GEOMETRIC_REPRESENTATION_CONTEXT(2) 
PARAMETRIC_REPRESENTATION_CONTEXT() REPRESENTATION_CONTEXT('2D SPACE',''
  ) );
#8054 = PCURVE('',#3427,#8055);
#8055 = DEFINITIONAL_REPRESENTATION('',(#8056),#8060);
#8056 = LINE('',#8057,#8058);
#8057 = CARTESIAN_POINT('',(-0.,0.));
#8058 = VECTOR('',#8059,1.);
#8059 = DIRECTION('',(-0.,-1.));
#8060 = ( GEOMETRIC_REPRESENTATION_CONTEXT(2) 
PARAMETRIC_REPRESENTATION_CONTEXT() REPRESENTATION_CONTEXT('2D SPACE',''
  ) );
#8061 = ORIENTED_EDGE('',*,*,#7573,.T.);
#8062 = ORIENTED_EDGE('',*,*,#3445,.F.);
#8063 = ORIENTED_EDGE('',*,*,#3404,.F.);
#8064 = ORIENTED_EDGE('',*,*,#7738,.F.);
#8065 = ORIENTED_EDGE('',*,*,#5582,.F.);
#8066 = ORIENTED_EDGE('',*,*,#5546,.F.);
#8067 = ORIENTED_EDGE('',*,*,#7609,.T.);
#8068 = ORIENTED_EDGE('',*,*,#8041,.F.);
#8069 = ORIENTED_EDGE('',*,*,#7475,.T.);
#8070 = ORIENTED_EDGE('',*,*,#6828,.T.);
#8071 = ORIENTED_EDGE('',*,*,#8072,.F.);
#8072 = EDGE_CURVE('',#4532,#6779,#8073,.T.);
#8073 = SURFACE_CURVE('',#8074,(#8079,#8099),.PCURVE_S1.);
#8074 = ELLIPSE('',#8075,2.65165042945,1.875);
#8075 = AXIS2_PLACEMENT_3D('',#8076,#8077,#8078);
#8076 = CARTESIAN_POINT('',(25.,15.,5.));
#8077 = DIRECTION('',(0.707106781187,-0.707106781187,0.));
#8078 = DIRECTION('',(0.707106781187,0.707106781187,-1.570092458684E-16)
  );
#8079 = PCURVE('',#3427,#8080);
#8080 = DEFINITIONAL_REPRESENTATION('',(#8081),#8098);
#8081 = B_SPLINE_CURVE_WITH_KNOTS('',8,(#8082,#8083,#8084,#8085,#8086,
    #8087,#8088,#8089,#8090,#8091,#8092,#8093,#8094,#8095,#8096,#8097),
  .UNSPECIFIED.,.F.,.F.,(9,7,9),(1.570796326795,3.14159265359,
    4.712388980385),.UNSPECIFIED.);
#8082 = CARTESIAN_POINT('',(-1.570796326795,-5.));
#8083 = CARTESIAN_POINT('',(-1.767145867644,-5.368155389093));
#8084 = CARTESIAN_POINT('',(-1.963495408489,-5.736310865594));
#8085 = CARTESIAN_POINT('',(-2.159844949353,-6.082837364767));
#8086 = CARTESIAN_POINT('',(-2.356194490165,-6.38611015732));
#8087 = CARTESIAN_POINT('',(-2.55254403105,-6.627158836884));
#8088 = CARTESIAN_POINT('',(-2.748893571887,-6.792386045023));
#8089 = CARTESIAN_POINT('',(-2.94524311274,-6.875));
#8090 = CARTESIAN_POINT('',(-3.337942194439,-6.875));
#8091 = CARTESIAN_POINT('',(-3.534291735288,-6.792386045018));
#8092 = CARTESIAN_POINT('',(-3.730641276132,-6.627158836909));
#8093 = CARTESIAN_POINT('',(-3.926990816984,-6.386110157295));
#8094 = CARTESIAN_POINT('',(-4.123340357837,-6.082837364793));
#8095 = CARTESIAN_POINT('',(-4.319689898686,-5.736310865589));
#8096 = CARTESIAN_POINT('',(-4.516039439535,-5.368155389093));
#8097 = CARTESIAN_POINT('',(-4.712388980385,-5.));
#8098 = ( GEOMETRIC_REPRESENTATION_CONTEXT(2) 
PARAMETRIC_REPRESENTATION_CONTEXT() REPRESENTATION_CONTEXT('2D SPACE',''
  ) );
#8099 = PCURVE('',#3793,#8100);
#8100 = DEFINITIONAL_REPRESENTATION('',(#8101),#8118);
#8101 = B_SPLINE_CURVE_WITH_KNOTS('',8,(#8102,#8103,#8104,#8105,#8106,
    #8107,#8108,#8109,#8110,#8111,#8112,#8113,#8114,#8115,#8116,#8117),
  .UNSPECIFIED.,.F.,.F.,(9,7,9),(1.570796326795,3.14159265359,
    4.712388980385),.UNSPECIFIED.);
#8102 = CARTESIAN_POINT('',(-6.28318530718,-5.));
#8103 = CARTESIAN_POINT('',(-6.08683576633,-5.368155389093));
#8104 = CARTESIAN_POINT('',(-5.890486225481,-5.73631086559));
#8105 = CARTESIAN_POINT('',(-5.694136684631,-6.082837364782));
#8106 = CARTESIAN_POINT('',(-5.497787143786,-6.386110157291));
#8107 = CARTESIAN_POINT('',(-5.301437602932,-6.627158836898));
#8108 = CARTESIAN_POINT('',(-5.105088062083,-6.792386045019));
#8109 = CARTESIAN_POINT('',(-4.908738521234,-6.875));
#8110 = CARTESIAN_POINT('',(-4.516039439535,-6.875));
#8111 = CARTESIAN_POINT('',(-4.319689898688,-6.792386045019));
#8112 = CARTESIAN_POINT('',(-4.123340357838,-6.627158836891));
#8113 = CARTESIAN_POINT('',(-3.926990816991,-6.386110157335));
#8114 = CARTESIAN_POINT('',(-3.730641276135,-6.082837364775));
#8115 = CARTESIAN_POINT('',(-3.53429173529,-5.736310865591));
#8116 = CARTESIAN_POINT('',(-3.337942194439,-5.368155389093));
#8117 = CARTESIAN_POINT('',(-3.14159265359,-5.));
#8118 = ( GEOMETRIC_REPRESENTATION_CONTEXT(2) 
PARAMETRIC_REPRESENTATION_CONTEXT() REPRESENTATION_CONTEXT('2D SPACE',''
  ) );
#8119 = ADVANCED_FACE('',(#8120),#3507,.F.);
#8120 = FACE_BOUND('',#8121,.T.);
#8121 = EDGE_LOOP('',(#8122,#8123,#8124,#8125,#8126,#8147,#8148,#8149,
    #8150,#8151,#8152,#8153,#8154,#8155,#8156));
#8122 = ORIENTED_EDGE('',*,*,#7889,.T.);
#8123 = ORIENTED_EDGE('',*,*,#6262,.F.);
#8124 = ORIENTED_EDGE('',*,*,#7039,.T.);
#8125 = ORIENTED_EDGE('',*,*,#3992,.F.);
#8126 = ORIENTED_EDGE('',*,*,#8127,.T.);
#8127 = EDGE_CURVE('',#3993,#3485,#8128,.T.);
#8128 = SEAM_CURVE('',#8129,(#8133,#8140),.PCURVE_S1.);
#8129 = LINE('',#8130,#8131);
#8130 = CARTESIAN_POINT('',(30.,15.,6.875));
#8131 = VECTOR('',#8132,1.);
#8132 = DIRECTION('',(-1.,0.,1.110223024625E-16));
#8133 = PCURVE('',#3507,#8134);
#8134 = DEFINITIONAL_REPRESENTATION('',(#8135),#8139);
#8135 = LINE('',#8136,#8137);
#8136 = CARTESIAN_POINT('',(-6.28318530718,0.));
#8137 = VECTOR('',#8138,1.);
#8138 = DIRECTION('',(-0.,-1.));
#8139 = ( GEOMETRIC_REPRESENTATION_CONTEXT(2) 
PARAMETRIC_REPRESENTATION_CONTEXT() REPRESENTATION_CONTEXT('2D SPACE',''
  ) );
#8140 = PCURVE('',#3507,#8141);
#8141 = DEFINITIONAL_REPRESENTATION('',(#8142),#8146);
#8142 = LINE('',#8143,#8144);
#8143 = CARTESIAN_POINT('',(-0.,0.));
#8144 = VECTOR('',#8145,1.);
#8145 = DIRECTION('',(-0.,-1.));
#8146 = ( GEOMETRIC_REPRESENTATION_CONTEXT(2) 
PARAMETRIC_REPRESENTATION_CONTEXT() REPRESENTATION_CONTEXT('2D SPACE',''
  ) );
#8147 = ORIENTED_EDGE('',*,*,#3482,.F.);
#8148 = ORIENTED_EDGE('',*,*,#6904,.F.);
#8149 = ORIENTED_EDGE('',*,*,#6943,.F.);
#8150 = ORIENTED_EDGE('',*,*,#5731,.F.);
#8151 = ORIENTED_EDGE('',*,*,#5670,.F.);
#8152 = ORIENTED_EDGE('',*,*,#7408,.F.);
#8153 = ORIENTED_EDGE('',*,*,#7275,.F.);
#8154 = ORIENTED_EDGE('',*,*,#3548,.F.);
#8155 = ORIENTED_EDGE('',*,*,#8127,.F.);
#8156 = ORIENTED_EDGE('',*,*,#4084,.F.);
#8157 = ADVANCED_FACE('',(#8158),#3793,.F.);
#8158 = FACE_BOUND('',#8159,.T.);
#8159 = EDGE_LOOP('',(#8160,#8161,#8162,#8163,#8164,#8185,#8186,#8187,
    #8188,#8189,#8190,#8191,#8192,#8193,#8194));
#8160 = ORIENTED_EDGE('',*,*,#8072,.T.);
#8161 = ORIENTED_EDGE('',*,*,#6778,.T.);
#8162 = ORIENTED_EDGE('',*,*,#7187,.T.);
#8163 = ORIENTED_EDGE('',*,*,#4617,.T.);
#8164 = ORIENTED_EDGE('',*,*,#8165,.T.);
#8165 = EDGE_CURVE('',#4582,#3709,#8166,.T.);
#8166 = SEAM_CURVE('',#8167,(#8171,#8178),.PCURVE_S1.);
#8167 = LINE('',#8168,#8169);
#8168 = CARTESIAN_POINT('',(30.,15.,6.875));
#8169 = VECTOR('',#8170,1.);
#8170 = DIRECTION('',(-1.,0.,1.110223024625E-16));
#8171 = PCURVE('',#3793,#8172);
#8172 = DEFINITIONAL_REPRESENTATION('',(#8173),#8177);
#8173 = LINE('',#8174,#8175);
#8174 = CARTESIAN_POINT('',(-6.28318530718,0.));
#8175 = VECTOR('',#8176,1.);
#8176 = DIRECTION('',(-0.,-1.));
#8177 = ( GEOMETRIC_REPRESENTATION_CONTEXT(2) 
PARAMETRIC_REPRESENTATION_CONTEXT() REPRESENTATION_CONTEXT('2D SPACE',''
  ) );
#8178 = PCURVE('',#3793,#8179);
#8179 = DEFINITIONAL_REPRESENTATION('',(#8180),#8184);
#8180 = LINE('',#8181,#8182);
#8181 = CARTESIAN_POINT('',(-0.,0.));
#8182 = VECTOR('',#8183,1.);
#8183 = DIRECTION('',(-0.,-1.));
#8184 = ( GEOMETRIC_REPRESENTATION_CONTEXT(2) 
PARAMETRIC_REPRESENTATION_CONTEXT() REPRESENTATION_CONTEXT('2D SPACE',''
  ) );
#8185 = ORIENTED_EDGE('',*,*,#3731,.T.);
#8186 = ORIENTED_EDGE('',*,*,#7004,.F.);
#8187 = ORIENTED_EDGE('',*,*,#7088,.F.);
#8188 = ORIENTED_EDGE('',*,*,#5889,.T.);
#8189 = ORIENTED_EDGE('',*,*,#6006,.T.);
#8190 = ORIENTED_EDGE('',*,*,#8001,.F.);
#8191 = ORIENTED_EDGE('',*,*,#7938,.F.);
#8192 = ORIENTED_EDGE('',*,*,#4340,.T.);
#8193 = ORIENTED_EDGE('',*,*,#8165,.F.);
#8194 = ORIENTED_EDGE('',*,*,#4581,.T.);
#8195 = ( GEOMETRIC_REPRESENTATION_CONTEXT(3) 
GLOBAL_UNCERTAINTY_ASSIGNED_CONTEXT((#8199)) 
GLOBAL_UNIT_ASSIGNED_CONTEXT((#8196,#8197,#8198)) REPRESENTATION_CONTEXT
('Context #1','3D Context with UNIT and UNCERTAINTY') );
#8196 = ( LENGTH_UNIT() NAMED_UNIT(*) SI_UNIT(.MILLI.,.METRE.) );
#8197 = ( NAMED_UNIT(*) PLANE_ANGLE_UNIT() SI_UNIT($,.RADIAN.) );
#8198 = ( NAMED_UNIT(*) SI_UNIT($,.STERADIAN.) SOLID_ANGLE_UNIT() );
#8199 = UNCERTAINTY_MEASURE_WITH_UNIT(LENGTH_MEASURE(1.E-07),#8196,
  'distance_accuracy_value','confusion accuracy');
#8200 = PRODUCT_RELATED_PRODUCT_CATEGORY('part',$,(#7));
ENDSEC;
END-ISO-10303-21;
